-- --------------------------------------------------------
-- Hôte :                        127.0.0.1
-- Version du serveur:           8.0.20 - MySQL Community Server - GPL
-- SE du serveur:                Win64
-- HeidiSQL Version:             11.0.0.5978
-- --------------------------------------------------------

-- TEMP VERSION !!!
USE `kanff`;

/*!40101 SET @OLD_CHARACTER_SET_CLIENT=@@CHARACTER_SET_CLIENT */;
/*!40101 SET NAMES utf8 */;
/*!50503 SET NAMES utf8mb4 */;
/*!40014 SET @OLD_FOREIGN_KEY_CHECKS=@@FOREIGN_KEY_CHECKS, FOREIGN_KEY_CHECKS=0 */;
/*!40101 SET @OLD_SQL_MODE=@@SQL_MODE, SQL_MODE='NO_AUTO_VALUE_ON_ZERO' */;

-- Listage des données de la table kanff.competences : ~0 rows (environ)
DELETE FROM `competences`;
/*!40000 ALTER TABLE `competences` DISABLE KEYS */;
/*!40000 ALTER TABLE `competences` ENABLE KEYS */;

-- Listage des données de la table kanff.concern : ~0 rows (environ)
DELETE FROM `concern`;
/*!40000 ALTER TABLE `concern` DISABLE KEYS */;
/*!40000 ALTER TABLE `concern` ENABLE KEYS */;

-- Listage des données de la table kanff.events : ~0 rows (environ)
DELETE FROM `events`;
/*!40000 ALTER TABLE `events` DISABLE KEYS */;
/*!40000 ALTER TABLE `events` ENABLE KEYS */;

-- Listage des données de la table kanff.get : ~0 rows (environ)
DELETE FROM `get`;
/*!40000 ALTER TABLE `get` DISABLE KEYS */;
/*!40000 ALTER TABLE `get` ENABLE KEYS */;

-- Listage des données de la table kanff.groups : ~0 rows (environ)
DELETE FROM `groups`;
/*!40000 ALTER TABLE `groups` DISABLE KEYS */;
INSERT INTO `groups` (`id`, `name`, `description`, `context`, `email`, `image`, `restrict_access`, `chat_link`, `drive_link`, `status`, `state`, `visibility`, `creator_id`, `creation_date`) VALUES
	(1, 'GT Finances', 'Ce groupe s\'occupe de gérer les finances de l\'association. Il gère les dons, les dépenses, les demandes d\'argent, et gère le compte bancaire.', 'Ce groupe a été créé après un problème avec les finances. Le problème était que trop peu de personnes s\'en occupaient.', NULL, 'group_5ecjoxx4zzza8cni2zv4t523buef6n.jpg', 0, 'chat.link/join?v=i2su8tlmu6', 'drive.link/open?f=tzi97qs6wrarsyvzmjmu033m02afg0cjjg9plvvmamozv8xcj4gqmgi4o41g7hb4d', 'Travail une fois par mois pour les tâches répétitives', 3, 1, 45, '2019-07-28 02:59:52'),
	(2, 'GT Réfléxion interne', 'Groupe pour réfléchir au fonctionnement interne.', 'Différentes tensions entre certains membres.', NULL, 'group_oivabk34kanwygt3vywoeplzf0lqox.jpg', 0, 'chat.link/join?v=840dons4juvqs', 'drive.link/open?f=n29yxt11lwlnbllwv5ef2f5ck76xqpvwv14getv93e2kz1yq9eh0h', '', 1, 1, 51, '2019-01-22 03:37:45'),
	(3, 'Coordination', 'Coordination générale. Fait des AG toutes les 2 semaines.', 'Besoin d\'un groupe contenant tout les membres.', 'coordination@assoc.ch', 'group_ufgdaawfard697vev4q7biit5onz1v.jpg', 0, 'chat.link/join?v=epua9fjs78', 'drive.link/open?f=bw9eww9ppp03s7as1p5p7dh86xr1xrvz3mirk6otrfhecil1fys', '', 1, 1, 59, '2019-05-01 22:42:47'),
	(4, 'GT Journal', 'Collaboration avec un journal régional mensuel pour un prochain numéro consacré à l\'association. Le journal sera publié fin mai.', 'Envie de prendre place dans l\'espace médiatique et de se faire connaître...', 'journal@assoc.ch', NULL, 0, 'chat.link/join?v=kv7ls62a9fjc8', 'drive.link/open?f=lsgs2q2wbtp24bglexpaz7oto01q6fcoa5o8goan7pezhq3iqdyr8jctlyi9wcj4', 'En pause pour cause du covid et reporté en septembre.', 2, 1, 60, '2019-02-03 07:19:38'),
	(5, 'GT Festival', 'Organise les "festivals" annuels de l\'association.', '', 'festival@assoc.ch', 'group_2mzics1tk66xw6d3q6hsqmplj4pqud.jpg', 0, 'chat.link/join?v=cfo4h70gmdp', 'drive.link/open?f=d1oghlb9mej1j7bvyt8begfzasrtpmqdz79sju16xm0cdab07cztn4h9q1', '', 1, 1, 16, '2019-05-01 18:25:05'),
	(6, 'GT Multimédia', 'Crée tous les design et médias dont l\'association a besoin. Affiches, vidéos, photos, montages, ...', 'Rassemblement des personnes créatives de l\'association.', NULL, 'group_2fg2k8ip25uujr77t4tfyegn4puusp.jpg', 1, 'chat.link/join?v=52hu1od0oxbhj', 'drive.link/open?f=29d9qqgpo4wm7bbtqiqgmjs6ewzl8sa3356t295les861advgb2p9xbk2rp', 'Peu actif...', 2, 0, 17, '2020-04-25 09:47:27'),
	(7, 'GT Sites web', 'Ce GT s\'occupe des sites web et de leur maintenance.', 'Besoin de connaissances un peu technique et des personnes qui se portent responsables.', NULL, NULL, 0, 'chat.link/join?v=sgttqdx8tuu', 'drive.link/open?f=8c6pvm04sg46kzwuk5o2fcm7wwd5jtk0nfdr0ogblv0zwy8yf1afm157mu3hem', 'Travail actif sur le site cantonal...', 1, 1, 78, '2020-02-22 19:43:41'),
	(8, 'GT Communication', 'Gére toute la communication interne et externe de l\'association. Gère les différents réseaux sociaux.', '', 'communication@assoc.ch', NULL, 0, 'chat.link/join?v=lp6tnisvaa', 'drive.link/open?f=7st3msgbx56akty0mgqk62d5p1duksozotw4raxii7w4twukgmr0dpbp', 'Textes et messages envoyés tous les jours. Très actif pour la réfléxion.', 2, 1, 17, '2019-06-17 08:18:10'),
	(9, 'GT Education', 'Fait des formations en ligne pour des membres internes et externes.', 'Volonté de se former au thèmes de l\'association.', NULL, NULL, 0, 'chat.link/join?v=ehdq3i5ioihst0', 'drive.link/open?f=m6m3tbkd8uvq490r2hm7kkhmty3v5ht109bencfqrssuog3ngnen3dxbnzg9icyb4', 'Formations intenses entre le 15 et le 23. Ensuite pause.', 1, 1, 88, '2020-03-04 02:39:24'),
	(10, '"GT" relations', 'Permet de gérer les relations externes, que ce soit les médias, la presse, les demandes d\'interview, ...', 'Beaucoup de demandes d\'interview après pour les événements organisés.', NULL, NULL, 0, 'chat.link/join?v=z3lvnhod0v', 'drive.link/open?f=trodn4kg7qo45bcxkyj5u3we1kebvk1g66adzcnnnudom8plz0sd8ih6hv2uj5fg0zlw1', '', 1, 1, 89, '2019-03-29 00:27:12'),
	(11, 'GT boîte mail', 'Gestion de la boite mail et réponses aux messages.', '', NULL, 'group_blwt3uw94psz9n8xtmy1fym3exo8b2.jpg', 0, 'chat.link/join?v=8lqkhoq53oblo', 'drive.link/open?f=en935auw6r7icidz7qyas6d1omdvkcqs0pp9ougawb5k2hdfmhwwccp94is371es', 'Une personne gère la boite mail par jour et ce tous les jours.', 1, 1, 45, '2019-07-04 03:13:40');
/*!40000 ALTER TABLE `groups` ENABLE KEYS */;

-- Listage des données de la table kanff.join : ~0 rows (environ)
DELETE FROM `join`;
/*!40000 ALTER TABLE `join` DISABLE KEYS */;
INSERT INTO `join` (`id`, `user_id`, `group_id`, `start`, `end`, `accepted`) VALUES
	(1, 1, 7, '2019-07-25 19:07:05', NULL, 4),
	(2, 1, 3, '2020-07-05 00:30:57', '2020-08-15 21:19:23', 4),
	(3, 1, 3, '2020-08-17 11:13:51', NULL, 4),
	(4, 1, 8, '2019-11-03 15:35:14', NULL, 4),
	(5, 1, 9, '2019-02-09 12:57:17', NULL, 4),
	(6, 1, 1, '2020-03-05 23:37:00', NULL, 4),
	(7, 2, 9, '2019-02-01 14:34:13', NULL, 4),
	(8, 2, 3, '2019-01-20 15:36:27', NULL, 4),
	(9, 2, 2, '2019-06-06 11:17:05', NULL, 4),
	(10, 2, 4, '2019-06-17 19:29:37', NULL, 4),
	(11, 2, 10, '2020-08-12 07:33:31', '2020-08-17 20:51:41', 4),
	(12, 2, 6, '2019-07-28 13:42:15', NULL, 4),
	(13, 2, 5, '2020-01-29 03:37:19', NULL, 3),
	(14, 2, 1, '2020-04-28 10:09:37', NULL, 4),
	(15, 2, 11, '2019-11-23 22:43:07', NULL, 4),
	(16, 3, 9, '2020-05-18 15:32:20', NULL, 4),
	(17, 3, 2, '2019-05-28 10:57:21', NULL, 4),
	(18, 3, 5, '2019-11-11 20:34:10', NULL, 4),
	(19, 3, 10, '2019-04-19 07:47:04', NULL, 4),
	(20, 3, 11, '2019-12-15 18:52:18', NULL, 4),
	(21, 3, 8, '2019-01-14 15:32:15', NULL, 4),
	(22, 3, 7, '2020-08-03 23:34:06', '2020-08-17 10:38:42', 4),
	(23, 3, 6, '2019-12-03 14:09:13', NULL, 4),
	(24, 3, 4, '2019-12-28 17:51:53', NULL, 4),
	(25, 3, 1, '2020-08-15 00:15:07', NULL, 4),
	(26, 4, 6, '2020-04-19 01:17:49', NULL, 4),
	(27, 4, 11, '2019-02-10 12:12:03', NULL, 4),
	(28, 5, 1, '2019-10-07 18:34:22', NULL, 4),
	(29, 5, 2, '2019-07-08 21:32:44', NULL, 4),
	(30, 5, 9, '2020-03-11 22:24:24', NULL, 4),
	(31, 5, 8, '2019-07-29 06:00:15', NULL, 4),
	(32, 5, 10, '2019-05-12 15:54:54', NULL, 4),
	(33, 5, 7, '2020-08-24 03:10:37', NULL, 3),
	(34, 5, 3, '2020-05-16 12:15:49', '2020-06-26 22:45:31', 4),
	(35, 6, 7, '2019-12-30 11:59:04', NULL, 4),
	(36, 6, 4, '2020-06-06 16:52:35', NULL, 4),
	(37, 6, 11, '2019-03-27 16:00:59', NULL, 4),
	(38, 6, 9, '2019-01-11 01:22:04', NULL, 4),
	(39, 6, 10, '2020-03-30 12:04:30', NULL, 4),
	(40, 6, 2, '2020-08-06 20:20:20', NULL, 4),
	(41, 6, 3, '2019-07-06 15:26:02', '2019-08-21 21:27:26', 4),
	(42, 6, 1, '2019-05-11 11:13:20', NULL, 4),
	(43, 6, 5, '2019-04-29 18:47:57', NULL, 4),
	(44, 7, 3, '2019-08-03 00:34:39', NULL, 4),
	(45, 7, 10, '2019-07-09 16:14:58', NULL, 4),
	(46, 8, 4, '2019-03-05 18:27:51', NULL, 4),
	(47, 8, 8, '2020-02-17 23:30:27', NULL, 4),
	(48, 8, 11, '2019-11-17 16:41:45', NULL, 3),
	(49, 8, 3, '2020-04-21 15:08:30', NULL, 4),
	(50, 8, 6, '2019-11-05 07:15:08', NULL, 4),
	(51, 8, 2, '2019-11-21 18:45:10', NULL, 4),
	(52, 8, 1, '2020-02-08 06:15:35', NULL, 4),
	(53, 8, 9, '2019-09-09 05:58:34', '2020-04-20 17:43:53', 4),
	(54, 8, 9, '2020-06-04 06:57:57', NULL, 4),
	(55, 8, 10, '2020-08-21 13:46:56', '2020-08-23 03:08:45', 4),
	(56, 9, 7, '2019-05-11 23:42:13', NULL, 3),
	(57, 9, 4, '2020-08-15 05:30:33', NULL, 4),
	(58, 9, 10, '2019-08-14 19:04:38', NULL, 4),
	(59, 9, 2, '2019-08-24 17:35:22', NULL, 4),
	(60, 9, 9, '2020-02-14 13:05:31', NULL, 4),
	(61, 9, 6, '2019-07-17 10:33:44', NULL, 2),
	(62, 9, 8, '2019-06-25 22:49:18', NULL, 4),
	(63, 10, 3, '2020-04-13 12:03:22', NULL, 4),
	(64, 10, 10, '2020-03-20 07:19:52', NULL, 4),
	(65, 11, 3, '2020-01-04 06:24:19', NULL, 4),
	(66, 11, 11, '2020-06-08 05:10:14', NULL, 4),
	(67, 12, 2, '2020-03-12 02:49:10', NULL, 4),
	(68, 12, 10, '2020-02-24 20:03:33', '2020-03-14 01:08:29', 4),
	(69, 12, 8, '2019-12-29 11:42:28', NULL, 4),
	(70, 12, 6, '2019-07-03 21:15:01', '2020-06-27 21:23:06', 4),
	(71, 12, 11, '2019-12-19 05:15:18', NULL, 4),
	(72, 12, 10, '2020-05-29 09:40:01', NULL, 4),
	(73, 12, 9, '2019-02-25 13:26:23', NULL, 4),
	(74, 12, 4, '2019-10-18 12:31:46', NULL, 4),
	(75, 12, 7, '2019-09-26 03:47:37', NULL, 4),
	(76, 12, 3, '2020-07-31 19:29:13', NULL, 4),
	(77, 13, 7, '2020-05-11 14:58:52', NULL, 4),
	(78, 13, 11, '2019-04-01 05:18:12', NULL, 4),
	(79, 14, 7, '2020-07-26 20:02:33', '2020-08-16 07:00:52', 3),
	(80, 14, 3, '2019-09-06 06:53:21', NULL, 3),
	(81, 14, 8, '2019-11-18 13:33:01', '2020-02-20 20:21:29', 4),
	(82, 14, 5, '2019-03-09 10:02:00', NULL, 4),
	(83, 15, 2, '2019-09-15 20:01:33', NULL, 4),
	(84, 15, 4, '2020-02-18 06:45:38', NULL, 4),
	(85, 15, 5, '2019-01-10 05:08:09', NULL, 4),
	(86, 15, 9, '2019-02-23 09:28:04', NULL, 4),
	(87, 15, 10, '2020-05-06 05:55:12', NULL, 4),
	(88, 15, 8, '2020-03-16 06:35:21', NULL, 4),
	(89, 15, 1, '2019-02-02 12:41:20', NULL, 4),
	(90, 15, 7, '2020-02-07 13:38:26', NULL, 4),
	(91, 15, 11, '2020-02-17 19:36:12', NULL, 4),
	(92, 15, 6, '2020-05-22 14:42:27', NULL, 4),
	(93, 16, 3, '2019-06-13 05:19:38', NULL, 4),
	(94, 16, 1, '2020-06-12 13:15:16', NULL, 4),
	(95, 16, 2, '2019-03-05 05:38:18', NULL, 4),
	(96, 17, 7, '2019-11-19 14:21:18', NULL, 4),
	(97, 17, 4, '2019-12-14 23:46:42', NULL, 4),
	(98, 17, 2, '2019-11-14 05:38:41', NULL, 4),
	(99, 17, 6, '2019-08-23 19:40:37', NULL, 1),
	(100, 17, 8, '2020-08-05 12:42:44', NULL, 4),
	(101, 17, 9, '2019-12-25 19:36:06', '2020-05-04 11:44:58', 4),
	(102, 17, 1, '2020-08-06 06:10:39', '2020-08-18 14:35:14', 4),
	(103, 18, 4, '2020-06-17 01:40:53', NULL, 4),
	(104, 18, 1, '2019-12-03 20:17:03', NULL, 4),
	(105, 18, 5, '2019-01-23 17:39:16', NULL, 4),
	(106, 18, 9, '2019-11-13 09:47:50', NULL, 4),
	(107, 18, 7, '2019-02-01 16:26:51', NULL, 3),
	(108, 18, 8, '2019-11-25 17:02:35', NULL, 4),
	(109, 19, 4, '2019-08-15 21:45:10', NULL, 4),
	(110, 19, 11, '2019-12-06 20:39:29', NULL, 4),
	(111, 19, 10, '2019-04-09 06:17:38', NULL, 4),
	(112, 20, 10, '2019-12-17 17:05:54', NULL, 4),
	(113, 20, 4, '2019-06-16 12:05:25', NULL, 4),
	(114, 21, 10, '2019-04-18 19:50:33', NULL, 4),
	(115, 21, 7, '2019-05-19 05:50:26', NULL, 4),
	(116, 21, 1, '2019-11-30 20:48:51', NULL, 3),
	(117, 22, 2, '2019-02-06 11:22:48', NULL, 4),
	(118, 22, 7, '2019-03-12 05:53:38', NULL, 4),
	(119, 23, 11, '2019-10-04 08:04:49', NULL, 4),
	(120, 23, 3, '2020-05-12 13:09:24', NULL, 4),
	(121, 23, 1, '2020-02-24 10:17:28', NULL, 4),
	(122, 24, 4, '2019-12-31 16:22:54', NULL, 4),
	(123, 24, 11, '2019-04-26 14:19:33', NULL, 4),
	(124, 24, 2, '2020-02-13 05:39:07', NULL, 3),
	(125, 24, 6, '2020-01-06 07:03:17', NULL, 4),
	(126, 24, 1, '2020-07-11 10:41:21', NULL, 4),
	(127, 25, 10, '2019-03-22 23:10:54', '2019-12-18 00:56:48', 4),
	(128, 25, 10, '2020-03-31 02:31:54', NULL, 3),
	(129, 25, 7, '2019-04-05 16:16:59', NULL, 3),
	(130, 26, 1, '2020-05-31 22:57:03', NULL, 4),
	(131, 26, 7, '2020-02-23 07:40:42', '2020-06-18 04:06:00', 4),
	(132, 26, 9, '2019-01-15 11:12:45', NULL, 4),
	(133, 26, 5, '2020-03-24 13:33:27', NULL, 4),
	(134, 26, 2, '2019-08-23 00:52:42', NULL, 4),
	(135, 26, 3, '2019-08-19 18:36:05', '2020-05-05 20:40:43', 4),
	(136, 26, 3, '2020-06-14 00:22:44', NULL, 4),
	(137, 26, 6, '2020-07-28 04:59:43', NULL, 4),
	(138, 26, 8, '2019-11-26 16:01:11', NULL, 4),
	(139, 26, 10, '2020-07-02 03:29:14', NULL, 4),
	(140, 27, 3, '2020-05-13 08:36:00', NULL, 4),
	(141, 27, 5, '2019-11-20 04:00:59', '2020-03-30 17:39:27', 4),
	(142, 27, 4, '2019-05-16 02:11:39', NULL, 4),
	(143, 28, 1, '2019-03-28 01:21:41', NULL, 3),
	(144, 28, 3, '2019-03-26 00:15:21', NULL, 4),
	(145, 28, 10, '2019-09-19 22:28:56', NULL, 4),
	(146, 28, 7, '2019-02-18 08:48:25', NULL, 4),
	(147, 29, 5, '2019-04-27 09:44:53', NULL, 4),
	(148, 29, 9, '2020-04-06 19:15:39', NULL, 4),
	(149, 30, 10, '2019-08-21 00:05:51', NULL, 4),
	(150, 30, 7, '2020-07-05 11:02:30', '2020-08-05 08:33:44', 4),
	(151, 30, 1, '2020-05-30 13:06:38', NULL, 4),
	(152, 30, 9, '2020-05-02 12:29:01', NULL, 4),
	(153, 30, 3, '2020-08-17 03:19:14', NULL, 4),
	(154, 30, 4, '2019-12-06 01:31:01', '2020-06-07 05:04:40', 4),
	(155, 30, 11, '2019-01-29 14:27:11', NULL, 4),
	(156, 31, 3, '2019-08-01 04:38:04', NULL, 3),
	(157, 31, 1, '2020-06-15 11:36:48', NULL, 4),
	(158, 31, 11, '2020-08-12 19:28:36', '2020-08-15 09:38:23', 4),
	(159, 32, 2, '2020-01-12 23:37:52', NULL, 4),
	(160, 32, 5, '2019-10-31 12:02:38', NULL, 4),
	(161, 32, 11, '2019-01-10 18:54:30', NULL, 4),
	(162, 32, 8, '2020-03-21 12:53:16', NULL, 4),
	(163, 33, 1, '2020-04-09 14:49:08', NULL, 4),
	(164, 33, 9, '2019-04-30 18:48:38', NULL, 4),
	(165, 33, 8, '2019-08-09 04:28:15', '2019-10-07 22:58:41', 4),
	(166, 33, 10, '2020-03-11 05:04:58', NULL, 4),
	(167, 33, 5, '2020-06-19 16:04:33', '2020-08-04 10:16:57', 4),
	(168, 33, 3, '2020-03-22 16:44:10', NULL, 4),
	(169, 33, 6, '2019-04-17 19:12:30', NULL, 4),
	(170, 33, 11, '2019-02-17 23:55:45', NULL, 4),
	(171, 33, 7, '2020-08-24 11:36:34', NULL, 4),
	(172, 33, 2, '2019-10-21 14:35:34', NULL, 4),
	(173, 34, 9, '2020-02-17 16:17:04', NULL, 4),
	(174, 34, 7, '2019-05-01 08:56:10', NULL, 4),
	(175, 34, 5, '2019-08-10 20:26:38', NULL, 4),
	(176, 35, 7, '2019-10-03 17:28:17', NULL, 4),
	(177, 35, 8, '2019-07-03 23:11:05', NULL, 4),
	(178, 36, 7, '2019-10-13 07:46:17', NULL, 4),
	(179, 36, 5, '2019-04-17 20:32:19', NULL, 4),
	(180, 36, 10, '2019-02-11 01:23:06', NULL, 3),
	(181, 37, 3, '2019-06-28 16:55:48', NULL, 4),
	(182, 37, 4, '2019-01-23 03:27:57', NULL, 4),
	(183, 37, 11, '2020-02-17 17:37:43', NULL, 4),
	(184, 37, 7, '2019-04-04 11:21:48', '2019-06-23 15:14:11', 4),
	(185, 37, 5, '2020-08-16 04:42:20', NULL, 4),
	(186, 37, 8, '2020-06-01 10:22:17', '2020-07-28 05:37:42', 4),
	(187, 37, 7, '2019-08-14 19:37:22', NULL, 4),
	(188, 38, 10, '2020-01-30 14:22:57', '2020-08-17 02:32:08', 4),
	(189, 38, 1, '2019-06-16 01:22:49', NULL, 4),
	(190, 38, 10, '2020-08-19 00:57:54', '2020-08-25 00:45:22', 4),
	(191, 38, 4, '2019-08-23 23:59:27', NULL, 4),
	(192, 38, 7, '2020-07-22 22:36:00', NULL, 4),
	(193, 38, 8, '2020-04-23 16:01:32', NULL, 4),
	(194, 38, 11, '2019-04-16 17:25:40', NULL, 4),
	(195, 38, 6, '2020-08-01 15:03:28', NULL, 4),
	(196, 39, 7, '2019-04-04 02:42:18', NULL, 4),
	(197, 39, 10, '2020-07-09 21:32:06', '2020-08-11 09:33:35', 4),
	(198, 39, 11, '2019-04-15 21:11:41', NULL, 4),
	(199, 39, 5, '2020-04-18 11:57:44', NULL, 4),
	(200, 39, 4, '2019-08-17 16:41:45', NULL, 3),
	(201, 40, 8, '2020-08-15 22:42:05', '2020-08-17 04:52:26', 4),
	(202, 40, 11, '2019-04-20 12:06:54', NULL, 4),
	(203, 40, 4, '2019-12-25 15:23:37', '2020-07-02 19:41:15', 4),
	(204, 40, 6, '2019-08-15 19:32:57', NULL, 4),
	(205, 41, 2, '2019-09-19 16:55:47', NULL, 4),
	(206, 41, 4, '2019-01-12 01:14:25', NULL, 3),
	(207, 42, 5, '2019-10-28 17:23:27', '2020-02-18 13:20:22', 4),
	(208, 42, 10, '2019-10-10 02:01:04', NULL, 4),
	(209, 43, 1, '2020-04-22 08:55:49', NULL, 4),
	(210, 43, 10, '2019-01-22 13:54:08', NULL, 4),
	(211, 43, 5, '2019-08-13 15:17:35', NULL, 4),
	(212, 43, 7, '2019-04-30 11:15:14', NULL, 4),
	(213, 43, 11, '2019-05-27 05:52:17', NULL, 4),
	(214, 43, 8, '2019-02-15 18:57:12', NULL, 4),
	(215, 43, 9, '2020-04-17 00:29:49', NULL, 4),
	(216, 43, 4, '2020-03-11 11:31:15', NULL, 4),
	(217, 43, 6, '2019-09-05 19:21:30', NULL, 4),
	(218, 44, 4, '2019-03-09 05:39:09', NULL, 4),
	(219, 44, 11, '2019-02-19 13:35:54', '2019-04-19 06:06:13', 4),
	(220, 44, 10, '2019-04-10 21:56:43', '2020-07-29 19:19:21', 4),
	(221, 44, 1, '2020-08-01 23:17:38', NULL, 4),
	(222, 44, 5, '2019-09-06 05:08:19', NULL, 4),
	(223, 44, 6, '2019-10-06 11:28:20', NULL, 4),
	(224, 45, 3, '2019-11-06 17:01:45', NULL, 4),
	(225, 45, 2, '2019-11-14 08:38:33', NULL, 4),
	(226, 45, 5, '2019-07-18 18:57:19', NULL, 4),
	(227, 46, 8, '2019-09-30 04:12:26', '2019-12-01 10:26:59', 3),
	(228, 46, 8, '2020-04-30 12:49:27', NULL, 4),
	(229, 46, 9, '2020-08-19 18:46:28', NULL, 4),
	(230, 46, 6, '2020-03-01 03:02:19', NULL, 4),
	(231, 46, 2, '2020-03-23 22:43:51', NULL, 4),
	(232, 46, 11, '2019-11-11 20:26:53', NULL, 4),
	(233, 47, 10, '2020-06-24 07:29:59', NULL, 4),
	(234, 47, 3, '2019-08-09 16:53:06', '2019-12-14 17:46:47', 4),
	(235, 48, 4, '2019-03-11 06:35:18', NULL, 4),
	(236, 48, 6, '2019-05-04 19:14:54', NULL, 2),
	(237, 48, 7, '2019-07-03 16:04:22', NULL, 4),
	(238, 48, 11, '2019-04-24 06:07:37', NULL, 4),
	(239, 48, 5, '2019-03-27 22:30:07', NULL, 4),
	(240, 48, 2, '2019-11-04 16:40:46', NULL, 4),
	(241, 48, 9, '2020-01-14 18:10:23', '2020-01-23 03:09:10', 4),
	(242, 48, 8, '2019-01-08 02:49:01', NULL, 4),
	(243, 48, 9, '2020-02-23 04:59:37', NULL, 4),
	(244, 49, 5, '2019-07-24 19:59:45', NULL, 4),
	(245, 49, 3, '2020-03-23 07:11:26', NULL, 4),
	(246, 49, 11, '2020-04-24 09:54:21', NULL, 4),
	(247, 49, 4, '2020-06-13 15:10:51', NULL, 3),
	(248, 49, 9, '2019-01-28 14:09:23', NULL, 4),
	(249, 49, 2, '2019-09-02 07:57:43', NULL, 4),
	(250, 49, 8, '2020-06-10 10:58:14', '2020-07-02 14:55:47', 4),
	(251, 49, 7, '2020-07-11 01:41:53', NULL, 4),
	(252, 51, 8, '2020-05-29 09:49:11', NULL, 4),
	(253, 51, 7, '2019-01-18 02:44:02', NULL, 4),
	(254, 51, 9, '2020-04-05 20:48:22', NULL, 4),
	(255, 51, 1, '2020-07-15 12:03:14', NULL, 4),
	(256, 51, 3, '2020-06-11 16:49:06', NULL, 4),
	(257, 51, 10, '2019-11-27 18:33:01', NULL, 4),
	(258, 51, 4, '2019-08-02 17:32:34', '2020-08-12 13:20:25', 4),
	(259, 52, 4, '2019-02-20 15:28:25', NULL, 4),
	(260, 52, 10, '2019-10-13 09:39:12', NULL, 4),
	(261, 53, 9, '2019-08-03 06:05:13', NULL, 4),
	(262, 53, 6, '2019-11-03 01:02:38', NULL, 4),
	(263, 53, 7, '2019-02-11 06:21:33', NULL, 3),
	(264, 53, 3, '2019-09-29 00:18:09', NULL, 4),
	(265, 53, 1, '2020-08-17 04:23:05', '2020-08-24 13:10:20', 4),
	(266, 53, 10, '2019-02-27 19:23:10', NULL, 4),
	(267, 53, 8, '2019-02-02 08:29:51', NULL, 4),
	(268, 53, 1, '2020-08-24 17:42:55', NULL, 4),
	(269, 54, 9, '2020-01-20 22:31:17', NULL, 4),
	(270, 54, 8, '2020-02-10 14:20:02', NULL, 4),
	(271, 54, 1, '2020-01-15 19:11:59', NULL, 4),
	(272, 54, 3, '2020-08-04 22:58:05', '2020-08-06 11:25:33', 4),
	(273, 54, 6, '2019-04-23 20:05:57', '2019-08-21 17:33:14', 2),
	(274, 54, 4, '2020-03-14 07:48:36', NULL, 4),
	(275, 54, 7, '2020-05-05 18:05:24', NULL, 4),
	(276, 54, 11, '2019-07-10 17:57:39', NULL, 4),
	(277, 54, 2, '2019-08-21 03:28:47', NULL, 4),
	(278, 55, 7, '2019-01-05 06:05:13', NULL, 4),
	(279, 55, 4, '2019-11-05 14:10:31', NULL, 4),
	(280, 55, 1, '2020-04-19 23:35:38', '2020-06-29 17:41:43', 3),
	(281, 55, 2, '2019-04-27 12:53:54', NULL, 4),
	(282, 55, 5, '2019-04-02 04:55:05', NULL, 4),
	(283, 56, 9, '2019-09-04 21:07:43', NULL, 4),
	(284, 56, 7, '2020-07-15 23:22:46', '2020-08-10 16:00:12', 4),
	(285, 56, 10, '2020-03-12 19:24:50', NULL, 4),
	(286, 56, 4, '2019-10-23 12:02:40', NULL, 4),
	(287, 56, 7, '2020-08-16 13:29:12', NULL, 4),
	(288, 56, 5, '2019-11-20 22:18:02', NULL, 4),
	(289, 56, 6, '2020-08-13 00:18:35', NULL, 4),
	(290, 56, 8, '2020-06-23 16:32:45', NULL, 4),
	(291, 56, 2, '2020-05-10 18:56:10', NULL, 4),
	(292, 57, 9, '2019-04-12 06:42:15', NULL, 4),
	(293, 57, 6, '2020-04-28 17:01:33', NULL, 4),
	(294, 58, 9, '2019-06-18 08:36:29', NULL, 4),
	(295, 58, 11, '2020-08-22 12:18:59', NULL, 4),
	(296, 58, 3, '2019-12-15 20:40:33', NULL, 3),
	(297, 59, 9, '2020-08-20 10:14:50', NULL, 4),
	(298, 59, 5, '2020-05-26 03:28:32', NULL, 4),
	(299, 60, 7, '2020-03-02 08:33:11', NULL, 4),
	(300, 60, 3, '2019-06-28 17:35:24', NULL, 4),
	(301, 60, 5, '2019-05-22 03:41:05', NULL, 4),
	(302, 60, 11, '2019-06-25 07:12:14', NULL, 4),
	(303, 60, 4, '2020-03-06 09:25:48', NULL, 4),
	(304, 61, 5, '2019-02-03 01:50:58', NULL, 4),
	(305, 61, 11, '2020-03-03 18:55:46', NULL, 4),
	(306, 61, 6, '2019-03-31 14:59:38', NULL, 4),
	(307, 61, 4, '2019-01-05 20:16:41', NULL, 4),
	(308, 61, 10, '2019-11-09 15:11:39', NULL, 4),
	(309, 62, 5, '2020-03-11 09:00:22', NULL, 4),
	(310, 62, 7, '2019-09-09 16:20:33', NULL, 4),
	(311, 62, 9, '2019-08-30 06:07:34', '2020-02-07 04:10:01', 4),
	(312, 62, 2, '2019-09-07 00:08:59', NULL, 4),
	(313, 62, 11, '2019-08-05 06:01:39', '2019-08-19 06:07:14', 4),
	(314, 62, 3, '2020-02-05 09:35:03', NULL, 4),
	(315, 63, 11, '2019-02-02 17:37:26', NULL, 4),
	(316, 63, 8, '2020-02-24 19:30:29', NULL, 4),
	(317, 63, 2, '2019-12-18 13:51:58', NULL, 4),
	(318, 63, 4, '2019-09-15 06:51:44', NULL, 4),
	(319, 63, 6, '2020-05-12 09:35:18', NULL, 1),
	(320, 63, 9, '2020-02-08 04:08:52', NULL, 4),
	(321, 63, 7, '2019-12-31 03:08:19', '2020-06-22 16:36:19', 4),
	(322, 64, 4, '2020-07-12 13:10:51', NULL, 4),
	(323, 64, 1, '2019-12-26 04:26:37', NULL, 4),
	(324, 64, 10, '2019-05-21 10:46:49', NULL, 4),
	(325, 64, 6, '2020-04-20 09:58:49', NULL, 4),
	(326, 64, 2, '2020-06-17 12:40:48', NULL, 4),
	(327, 65, 6, '2019-07-06 13:43:28', '2020-07-04 02:53:44', 4),
	(328, 65, 7, '2019-05-13 13:23:10', '2020-01-03 02:24:52', 4),
	(329, 65, 4, '2019-05-20 23:36:24', NULL, 4),
	(330, 66, 3, '2020-01-11 05:02:36', NULL, 4),
	(331, 66, 2, '2019-01-02 06:26:05', NULL, 4),
	(332, 66, 9, '2019-06-10 00:10:25', NULL, 4),
	(333, 66, 8, '2019-05-22 19:41:12', NULL, 4),
	(334, 66, 11, '2020-01-31 09:57:27', NULL, 4),
	(335, 67, 9, '2019-10-19 18:43:39', NULL, 4),
	(336, 67, 11, '2020-05-19 12:30:01', NULL, 4),
	(337, 67, 8, '2019-08-06 14:52:27', NULL, 4),
	(338, 67, 4, '2020-04-20 15:25:20', NULL, 4),
	(339, 67, 2, '2019-01-22 08:14:00', '2020-02-19 01:57:24', 4),
	(340, 67, 2, '2020-04-21 02:56:24', NULL, 4),
	(341, 67, 1, '2019-03-11 08:21:12', NULL, 3),
	(342, 67, 6, '2020-07-30 16:29:42', NULL, 4),
	(343, 67, 3, '2019-08-08 08:35:10', NULL, 3),
	(344, 67, 7, '2019-08-14 09:53:06', NULL, 4),
	(345, 68, 4, '2020-03-07 09:45:12', NULL, 4),
	(346, 68, 11, '2020-06-04 11:10:09', NULL, 4),
	(347, 69, 1, '2019-10-03 23:37:50', '2020-01-04 06:31:35', 4),
	(348, 69, 7, '2020-04-13 11:27:21', NULL, 4),
	(349, 69, 6, '2019-12-23 01:14:15', NULL, 4),
	(350, 70, 4, '2020-04-11 19:23:30', NULL, 3),
	(351, 70, 10, '2020-08-04 21:19:48', NULL, 4),
	(352, 70, 6, '2019-07-24 12:22:20', NULL, 4),
	(353, 70, 3, '2020-04-10 06:18:28', NULL, 4),
	(354, 70, 8, '2019-06-04 00:12:38', '2020-06-18 03:34:50', 4),
	(355, 71, 10, '2019-06-06 13:53:58', '2019-10-05 12:45:51', 4),
	(356, 71, 2, '2020-01-23 20:23:05', NULL, 3),
	(357, 71, 3, '2019-12-18 07:32:37', NULL, 4),
	(358, 71, 10, '2020-01-03 12:26:58', NULL, 4),
	(359, 71, 1, '2019-06-28 20:37:10', NULL, 4),
	(360, 71, 9, '2020-06-30 09:48:17', NULL, 4),
	(361, 71, 6, '2019-04-18 22:54:39', NULL, 1),
	(362, 71, 5, '2019-02-07 17:20:16', '2020-06-09 00:23:44', 4),
	(363, 71, 7, '2020-05-29 14:38:20', NULL, 4),
	(364, 72, 11, '2019-11-25 07:34:05', NULL, 4),
	(365, 72, 6, '2019-07-30 17:51:11', NULL, 3),
	(366, 73, 3, '2020-05-16 16:13:07', '2020-06-24 02:05:27', 4),
	(367, 73, 4, '2019-06-26 06:17:21', NULL, 4),
	(368, 73, 1, '2020-07-20 21:10:59', NULL, 4),
	(369, 73, 7, '2019-06-13 21:22:58', NULL, 4),
	(370, 73, 10, '2019-02-15 12:31:41', '2020-01-10 06:37:10', 4),
	(371, 73, 9, '2020-07-03 13:15:07', NULL, 4),
	(372, 73, 6, '2019-01-27 21:05:45', NULL, 4),
	(373, 73, 2, '2020-01-23 21:58:07', NULL, 4),
	(374, 74, 10, '2019-03-14 17:46:55', NULL, 4),
	(375, 74, 3, '2020-01-08 12:43:44', NULL, 4),
	(376, 74, 5, '2019-08-11 08:56:33', NULL, 4),
	(377, 74, 2, '2020-04-23 20:53:23', NULL, 4),
	(378, 74, 7, '2019-04-05 00:58:51', '2020-04-09 17:09:07', 4),
	(379, 74, 11, '2020-05-20 05:19:36', NULL, 4),
	(380, 74, 1, '2019-06-03 00:51:58', NULL, 4),
	(381, 74, 4, '2019-05-10 01:22:53', NULL, 4),
	(382, 75, 5, '2019-07-19 18:10:24', NULL, 4),
	(383, 75, 11, '2019-11-04 00:16:38', NULL, 4),
	(384, 75, 6, '2019-07-11 03:16:08', NULL, 4),
	(385, 75, 7, '2019-11-14 17:09:50', NULL, 4),
	(386, 75, 4, '2019-03-14 07:08:06', NULL, 4),
	(387, 75, 8, '2019-07-17 17:26:52', NULL, 4),
	(388, 75, 9, '2020-01-22 22:08:19', NULL, 4),
	(389, 75, 1, '2020-03-13 02:44:37', NULL, 4),
	(390, 75, 3, '2020-04-25 18:12:38', NULL, 4),
	(391, 75, 10, '2020-04-12 06:00:32', NULL, 4),
	(392, 76, 3, '2019-03-09 11:47:29', NULL, 3),
	(393, 76, 8, '2020-02-13 17:55:38', NULL, 4),
	(394, 76, 1, '2020-03-20 21:14:25', NULL, 4),
	(395, 76, 10, '2019-02-16 17:00:33', NULL, 4),
	(396, 76, 7, '2019-04-15 09:47:29', NULL, 4),
	(397, 76, 9, '2020-04-14 04:07:21', NULL, 4),
	(398, 76, 6, '2020-08-13 21:04:09', NULL, 4),
	(399, 76, 4, '2019-12-29 15:29:54', '2020-02-12 01:08:05', 4),
	(400, 76, 11, '2019-12-08 10:54:38', NULL, 4),
	(401, 77, 11, '2019-01-17 22:42:51', NULL, 4),
	(402, 77, 1, '2020-04-23 09:20:11', NULL, 4),
	(403, 77, 4, '2019-08-05 20:45:33', NULL, 4),
	(404, 77, 7, '2019-05-12 11:21:27', NULL, 4),
	(405, 77, 9, '2020-01-15 12:07:07', NULL, 4),
	(406, 77, 2, '2019-03-22 21:00:18', NULL, 4),
	(407, 77, 6, '2020-03-20 21:04:55', NULL, 4),
	(408, 77, 3, '2020-04-07 09:03:33', NULL, 4),
	(409, 77, 10, '2020-08-03 04:24:08', NULL, 4),
	(410, 78, 4, '2020-07-10 00:19:00', NULL, 4),
	(411, 78, 2, '2019-12-30 12:20:56', '2020-02-24 00:22:12', 4),
	(412, 78, 1, '2020-01-06 08:33:00', NULL, 4),
	(413, 78, 6, '2020-06-08 04:03:04', NULL, 4),
	(414, 78, 5, '2019-05-29 10:52:29', NULL, 4),
	(415, 78, 10, '2020-03-18 10:06:49', NULL, 4),
	(416, 78, 3, '2020-02-03 10:04:42', NULL, 4),
	(417, 78, 8, '2019-05-05 05:59:54', NULL, 4),
	(418, 79, 8, '2020-06-13 16:36:13', NULL, 4),
	(419, 79, 3, '2020-01-26 13:24:01', NULL, 4),
	(420, 79, 9, '2020-03-12 21:19:34', NULL, 4),
	(421, 80, 1, '2020-02-03 02:31:12', NULL, 4),
	(422, 80, 7, '2019-01-30 03:14:41', NULL, 4),
	(423, 80, 2, '2020-01-25 08:46:23', NULL, 4),
	(424, 80, 11, '2019-07-04 00:07:33', NULL, 4),
	(425, 80, 3, '2019-11-12 11:26:18', NULL, 3),
	(426, 80, 8, '2019-02-21 19:29:35', NULL, 4),
	(427, 81, 4, '2020-03-14 02:04:03', NULL, 4),
	(428, 81, 10, '2019-08-20 12:41:19', '2020-02-17 21:10:08', 4),
	(429, 82, 9, '2019-03-12 11:52:01', NULL, 4),
	(430, 82, 5, '2019-09-22 12:12:37', NULL, 4),
	(431, 82, 4, '2020-08-13 10:52:37', NULL, 4),
	(432, 82, 8, '2020-03-14 16:27:46', NULL, 3),
	(433, 82, 1, '2020-02-09 23:28:43', NULL, 4),
	(434, 83, 2, '2019-12-19 00:32:22', NULL, 4),
	(435, 83, 10, '2020-03-31 16:52:11', NULL, 4),
	(436, 83, 6, '2020-01-31 22:04:43', NULL, 1),
	(437, 83, 5, '2020-05-08 18:55:43', NULL, 3),
	(438, 84, 9, '2019-02-14 03:38:35', NULL, 4),
	(439, 84, 1, '2019-02-21 04:20:57', NULL, 4),
	(440, 84, 10, '2019-11-14 13:00:40', NULL, 4),
	(441, 84, 8, '2019-11-16 07:08:13', '2020-02-20 20:48:54', 4),
	(442, 85, 4, '2020-05-13 11:40:07', NULL, 3),
	(443, 85, 1, '2019-07-01 03:21:36', NULL, 4),
	(444, 85, 3, '2019-02-28 11:42:03', NULL, 4),
	(445, 85, 9, '2020-03-20 11:51:18', NULL, 4),
	(446, 85, 6, '2020-07-05 20:19:13', NULL, 4),
	(447, 85, 11, '2020-04-17 09:55:01', '2020-06-30 00:23:34', 4),
	(448, 85, 5, '2019-08-03 05:20:06', NULL, 4),
	(449, 85, 10, '2019-03-09 13:09:06', NULL, 4),
	(450, 86, 1, '2020-08-09 14:10:18', NULL, 4),
	(451, 86, 3, '2020-08-21 16:40:07', NULL, 4),
	(452, 86, 8, '2019-11-19 14:50:52', NULL, 4),
	(453, 86, 4, '2019-03-21 14:47:20', NULL, 4),
	(454, 87, 8, '2020-06-05 19:12:36', '2020-07-17 18:21:28', 4),
	(455, 87, 10, '2019-01-12 04:05:26', NULL, 4),
	(456, 87, 8, '2020-07-31 18:46:13', NULL, 4),
	(457, 87, 7, '2020-05-20 03:26:53', NULL, 4),
	(458, 88, 3, '2019-09-24 14:30:42', '2020-04-09 23:36:27', 4),
	(459, 88, 6, '2019-04-16 13:59:29', NULL, 4),
	(460, 88, 10, '2019-12-19 21:59:41', NULL, 4),
	(461, 88, 8, '2019-11-18 19:19:18', NULL, 4),
	(462, 88, 9, '2019-08-24 05:12:26', NULL, 4),
	(463, 88, 2, '2020-08-08 19:48:55', NULL, 4),
	(464, 88, 4, '2020-05-01 03:38:30', NULL, 4),
	(465, 88, 1, '2019-08-23 00:22:01', NULL, 4),
	(466, 88, 11, '2020-03-06 00:36:09', NULL, 4),
	(467, 89, 10, '2020-02-23 00:16:33', NULL, 3),
	(468, 89, 4, '2020-02-07 08:43:35', NULL, 4),
	(469, 89, 1, '2020-02-18 00:18:36', NULL, 4),
	(470, 89, 3, '2020-08-10 21:15:17', NULL, 4),
	(471, 89, 7, '2019-01-15 12:08:56', NULL, 4),
	(472, 89, 6, '2019-11-29 23:13:32', NULL, 4),
	(473, 89, 11, '2019-03-10 23:44:42', NULL, 4),
	(474, 89, 5, '2019-09-10 12:02:58', '2020-02-13 02:16:40', 4),
	(475, 89, 8, '2020-03-10 18:20:05', NULL, 4),
	(476, 89, 9, '2020-01-01 10:09:38', NULL, 4),
	(477, 90, 4, '2019-04-28 00:31:55', NULL, 4),
	(478, 90, 9, '2019-12-07 00:46:30', NULL, 4),
	(479, 90, 1, '2019-02-03 03:03:07', NULL, 4),
	(480, 90, 3, '2019-09-05 06:06:30', NULL, 4),
	(481, 92, 11, '2019-03-28 20:33:30', NULL, 4),
	(482, 92, 8, '2019-06-25 06:16:59', NULL, 4),
	(483, 92, 5, '2020-03-05 09:57:10', NULL, 4),
	(484, 92, 3, '2020-04-01 10:06:27', NULL, 4),
	(485, 92, 1, '2020-06-25 14:54:35', '2020-07-13 14:27:23', 4),
	(486, 92, 6, '2020-03-29 04:05:13', NULL, 4),
	(487, 92, 10, '2019-02-23 09:20:58', NULL, 3),
	(488, 92, 9, '2019-11-29 08:36:35', NULL, 4),
	(489, 92, 4, '2020-03-01 12:30:18', NULL, 4),
	(490, 93, 3, '2019-02-17 00:05:28', '2019-02-27 09:15:57', 3),
	(491, 93, 9, '2020-07-02 01:29:59', NULL, 4),
	(492, 93, 5, '2019-10-30 15:52:57', NULL, 4),
	(493, 93, 10, '2019-01-01 20:20:26', NULL, 4),
	(494, 93, 3, '2019-07-18 17:22:52', NULL, 4),
	(495, 93, 8, '2019-07-23 09:47:28', NULL, 4),
	(496, 93, 4, '2019-06-02 22:49:47', NULL, 4),
	(497, 93, 11, '2019-01-05 00:42:49', NULL, 4),
	(498, 93, 7, '2019-06-24 00:23:22', NULL, 4),
	(499, 94, 9, '2019-02-27 04:47:50', NULL, 4),
	(500, 94, 11, '2020-04-17 09:58:29', NULL, 4),
	(501, 94, 8, '2020-08-01 09:36:22', '2020-08-20 11:56:50', 4),
	(502, 94, 8, '2020-08-24 03:57:31', NULL, 4),
	(503, 94, 2, '2019-09-22 14:41:12', NULL, 4),
	(504, 95, 2, '2020-07-17 08:56:59', NULL, 4),
	(505, 95, 4, '2019-06-26 03:09:14', '2020-08-17 00:33:06', 4),
	(506, 95, 9, '2019-09-09 18:24:50', NULL, 4),
	(507, 96, 2, '2020-06-15 05:13:50', NULL, 4),
	(508, 96, 4, '2020-07-27 23:13:36', NULL, 4),
	(509, 96, 9, '2019-05-27 03:38:40', NULL, 4),
	(510, 96, 11, '2020-04-06 05:29:58', NULL, 4),
	(511, 96, 8, '2020-08-07 01:18:42', NULL, 3),
	(512, 98, 2, '2020-06-03 21:50:48', '2020-06-29 14:58:31', 4),
	(513, 98, 6, '2019-04-25 23:09:29', NULL, 4),
	(514, 99, 9, '2019-07-22 13:58:32', NULL, 4),
	(515, 99, 4, '2019-07-29 15:38:17', NULL, 4),
	(516, 99, 1, '2019-05-25 16:49:09', NULL, 4),
	(517, 99, 3, '2020-02-04 20:31:20', NULL, 4),
	(518, 99, 8, '2019-12-06 12:17:17', NULL, 4),
	(519, 100, 9, '2019-07-06 09:26:30', NULL, 4),
	(520, 100, 2, '2019-11-21 07:13:06', NULL, 4);
/*!40000 ALTER TABLE `join` ENABLE KEYS */;

-- Listage des données de la table kanff.log : ~0 rows (environ)
DELETE FROM `log`;
/*!40000 ALTER TABLE `log` DISABLE KEYS */;
/*!40000 ALTER TABLE `log` ENABLE KEYS */;

-- Listage des données de la table kanff.notifications : ~0 rows (environ)
DELETE FROM `notifications`;
/*!40000 ALTER TABLE `notifications` DISABLE KEYS */;
/*!40000 ALTER TABLE `notifications` ENABLE KEYS */;

-- Listage des données de la table kanff.own : ~0 rows (environ)
DELETE FROM `own`;
/*!40000 ALTER TABLE `own` DISABLE KEYS */;
/*!40000 ALTER TABLE `own` ENABLE KEYS */;

-- Listage des données de la table kanff.participate : ~0 rows (environ)
DELETE FROM `participate`;
/*!40000 ALTER TABLE `participate` DISABLE KEYS */;
/*!40000 ALTER TABLE `participate` ENABLE KEYS */;

-- Listage des données de la table kanff.projects : ~0 rows (environ)
DELETE FROM `projects`;
/*!40000 ALTER TABLE `projects` DISABLE KEYS */;
/*!40000 ALTER TABLE `projects` ENABLE KEYS */;

-- Listage des données de la table kanff.suscribe : ~0 rows (environ)
DELETE FROM `suscribe`;
/*!40000 ALTER TABLE `suscribe` DISABLE KEYS */;
/*!40000 ALTER TABLE `suscribe` ENABLE KEYS */;

-- Listage des données de la table kanff.tasks : ~0 rows (environ)
DELETE FROM `tasks`;
/*!40000 ALTER TABLE `tasks` DISABLE KEYS */;
/*!40000 ALTER TABLE `tasks` ENABLE KEYS */;

-- Listage des données de la table kanff.users : ~0 rows (environ)
DELETE FROM `users`;
/*!40000 ALTER TABLE `users` DISABLE KEYS */;
INSERT INTO `users` (`id`, `username`, `initials`, `firstname`, `lastname`, `chat_link`, `email`, `phonenumber`, `biography`, `password`, `inscription`, `status`, `state`) VALUES
	(1, 'josette27', 'JRD', 'Josette', 'Richard', 'chat.link/user?t=v83066vmkujhd0', 'josette.richard@assoc.ch', '7565739989', 'Dans le milieu associatif, depuis 10 ans déjà, je suis à dans assoc depuis 2015 et j\'aide plusieurs heures par semaines. La partie contact médias m\'intéresse beaucoup. Je suis photorgaphe de métier, mais aussi céramiste et je cultive un petit potager...', '$2y$10$bgA2hZdIn6AYtnWkWiS7fuR1NWE/x.8OLrdYzMG4Ef./dmXhkgKEy', '2020-02-27 17:01:48', 'Actuellement en vacances, je reviendrai le 15. En cas d\'urgence laissez moi un SMS et je vous rappelerai en soirée.', 4),
	(2, 'vincent97', 'VRT', 'Vincent', 'Rigot', 'chat.link/user?t=lotyiu68sh3mf', 'vincent.rigot@assoc.ch', '8003834853', 'Je suis passionné de litérrature, et la presse me questionne beaucoup aujourd\'hui. Les sujets polémiques ne sont pas les plus intéressants, mais ceux dont on ne parle jamais regorgent d\'informations passionnantes et de récits fabuleux.', '$2y$10$0afIcsEnwvExrqIhw/LG0.cPMtCXoG7F0Me2V63Gw7JCQ/d.6te3K', '2020-07-04 15:51:33', 'Actuellement en travail intense sur la rédaction d\'un document contenant des réflexions autour du militantisme à l\'époque des Romains!', 3),
	(3, 'megane63', 'MBN', 'Mégane', 'Blan', 'chat.link/user?t=bfu5chbn7i', 'megane.blan@assoc.ch', '3183689878', 'Je suis une passionée de festival. J\'en vais 4 fois par mois. Je trouvais le festival de Assoc vraiment génial alors j\'ai voulu venir ajouter mon grain de sel et aider pour la communication. Je suis fan de musique et je joue du violon. Je consacre 5h par semaine à Assoc la plupart de l\'année, et tout mon temps quand il y a le festival...', '$2y$10$FAi3t.eXf44qOryyWun5ouJZ7KltZK1vpYi.ZRFjSo/wMy8SB49F2', '2020-03-08 10:39:58', 'Encore quelques jours de repos avant de commencer à travailler à fond pour le festival. J\'aimerai que cette édition soit exceptionnelle!', 1),
	(4, 'michel38', 'MCE', 'Michel', 'Charrière', '', NULL, '2965867782', 'Je suis nouveau ici et je découvre petit à petit le fonctionnement... Vestibulum ut eros non enim commodo hendrerit. Donec porttitor tellus non magna. Nam ligula elit, pretium et, rutrum non, hendrerit id, ante. Nunc mauris sapien, cursus in, hendrerit consectetuer, cursus et, magna. Praesent interdum ligula eu enim. Etiam imperdiet dictum magna. Ut tincidunt orci quis lectus.', '$2y$10$EJKcmSXR72yG36hkU2qG5OaTTxslwDd9FmzN0JzegMB2gnRDGoHLm', '2020-03-21 23:58:03', NULL, 0),
	(5, 'cassandra80', 'CDO', 'Cassandra', 'De Castro Del Amino', '', 'cassandra.de castro del amino@assoc.ch', '2735414256', 'velit dui, semper et, lacinia vitae, sodales at, velit. Pellentesque ultricies dignissim lacus. Aliquam rutrum lorem ac risus. Morbi metus. Vivamus euismod urna. Nullam lobortis quam a felis ullamcorper viverra. Maecenas iaculis aliquet diam. Sed diam lorem, auctor quis, tristique ac, eleifend vitae, erat. Vivamus nisi. Mauris nulla. Integer urna. Vivamus molestie dapibus', '$2y$10$aDSxSA2hwEJZ2q5.9QTrKePALs.F2VH0iaaat1qP4Hx1jmCwvCFO6', '2019-02-26 11:24:28', NULL, 1),
	(6, 'ray85', 'RHS', 'Ray', 'Higgins', 'chat.link/user?t=tfhvi00s5fdlrt4', 'ray.higgins@assoc.ch', '8719109874', 'odio. Nam interdum enim non nisi. Aenean eget metus. In nec orci. Donec nibh. Quisque nonummy ipsum non arcu. Vivamus sit amet risus. Donec egestas. Aliquam nec enim. Nunc ut erat. Sed nunc est, mollis non, cursus non, egestas a, dui. Cras pellentesque. Sed dictum. Proin eget odio. Aliquam vulputate ullamcorper magna. Sed', '$2y$10$Lyin1PAh1dHBX9r/1wjuGuzftRCZrlpnouz2hpn.a0BfghisQRVha', '2020-08-14 08:13:17', NULL, 1),
	(7, 'hanna43', 'HKR', 'Hanna', 'Kramer', '', NULL, '7085043611', 'hendrerit a, arcu. Sed et libero. Proin mi. Aliquam gravida mauris ut mi. Duis risus odio, auctor vitae, aliquet nec, imperdiet nec, leo. Morbi neque tellus, imperdiet non, vestibulum nec, euismod in, dolor. Fusce feugiat. Lorem ipsum dolor sit amet, consectetuer adipiscing elit. Aliquam auctor, velit eget laoreet posuere, enim nisl elementum purus,', '$2y$10$/e49XZEKK4FCjQ94.LlrXOsmRmrnxrf3G1QlwOaMYIgM07cTsB4xS', '2020-08-04 15:07:29', NULL, 2),
	(8, 'lenore39', 'LMS', 'Lenore', 'Matthews', 'chat.link/user?t=n1sxpmnl0r5rnq5', NULL, '1162604616', 'accumsan neque et nunc. Quisque ornare tortor at risus. Nunc ac sem ut dolor dapibus gravida. Aliquam tincidunt, nunc ac mattis ornare, lectus ante dictum mi, ac mattis velit justo nec ante. Maecenas mi felis, adipiscing fringilla, porttitor vulputate, posuere vulputate, lacus. Cras interdum. Nunc sollicitudin commodo ipsum. Suspendisse non leo. Vivamus nibh', '$2y$10$V2loccA6FDzoaHNbL9pow.XM9pNVExjABHlPyTveWAF7YwXL7uYG.', '2019-06-13 05:45:09', NULL, 1),
	(9, 'dante46', 'DBY', 'Dante', 'Bradley', 'chat.link/user?t=f1mzblfd5qv5rec', 'dante.bradley@assoc.ch', '6055078784', 'parturient montes, nascetur ridiculus mus. Aenean eget magna. Suspendisse tristique neque venenatis lacus. Etiam bibendum fermentum metus. Aenean sed pede nec ante blandit viverra. Donec tempus, lorem fringilla ornare placerat, orci lacus vestibulum lorem, sit amet ultricies sem magna nec quam. Curabitur vel lectus. Cum sociis natoque penatibus et magnis dis parturient montes,', '$2y$10$fD7dM1jCQoojWjxpuI1pa.3kr5NFUTKHPIVTocEdXpaooXa0wRy.q', '2019-10-22 04:01:42', NULL, 0),
	(10, 'kessie47', 'KGE', 'Kessie', 'Gillespie', 'chat.link/user?t=8mrwafqjrsa', 'kessie.gillespie@assoc.ch', '9481383033', 'eu dui. Cum sociis natoque penatibus et magnis dis parturient montes, nascetur ridiculus mus. Aenean eget magna. Suspendisse tristique neque venenatis lacus. Etiam bibendum fermentum metus. Aenean sed pede nec ante blandit viverra. Donec tempus, lorem fringilla ornare placerat, orci lacus vestibulum lorem, sit amet ultricies sem magna nec quam. Curabitur vel lectus.', '$2y$10$bZDOY85BO0q//zUTfqN8zu6GawJ4/rFI1.nVBAJY5U0cJ2J0StbG.', '2019-11-29 12:40:34', NULL, 1),
	(11, 'acton38', 'AJZ', 'Acton', 'Juarez', 'chat.link/user?t=e6k3njagulxi33w', NULL, '8838866083', 'lectus quis massa. Mauris vestibulum, neque sed dictum eleifend, nunc risus varius orci, in consequat enim diam vel arcu. Curabitur ut odio vel est tempor bibendum. Donec felis orci, adipiscing non, luctus sit amet, faucibus ut, nulla. Cras eu tellus eu augue porttitor interdum. Sed auctor odio a purus. Duis elementum, dui quis', '$2y$10$GOAFPrNvz.L6FEnIOyztXudEbGnMDFoRBA5D10kWLJaoDHYbkP01G', '2019-02-06 07:54:42', NULL, 1),
	(12, 'jasmine15', 'JSN', 'Jasmine', 'Shelton', '', NULL, '2556801582', 'nec ante. Maecenas mi felis, adipiscing fringilla, porttitor vulputate, posuere vulputate, lacus. Cras interdum. Nunc sollicitudin commodo ipsum. Suspendisse non leo. Vivamus nibh dolor, nonummy ac, feugiat non, lobortis quis, pede. Suspendisse dui. Fusce diam nunc, ullamcorper eu, euismod ac, fermentum vel, mauris. Integer sem elit, pharetra ut, pharetra sed, hendrerit a, arcu.', '$2y$10$EUVNf7LMciHRmKLsCF0JgupC1M1JsfJvRSYlPKZQ2xEHcB8N8q69W', '2020-02-12 05:29:05', NULL, 1),
	(13, 'quon15', 'QCS', 'Quon', 'Campos', '', NULL, '4269793011', 'non, lacinia at, iaculis quis, pede. Praesent eu dui. Cum sociis natoque penatibus et magnis dis parturient montes, nascetur ridiculus mus. Aenean eget magna. Suspendisse tristique neque venenatis lacus. Etiam bibendum fermentum metus. Aenean sed pede nec ante blandit viverra. Donec tempus, lorem fringilla ornare placerat, orci lacus vestibulum lorem, sit amet ultricies', '$2y$10$cawDY.RqETEuKricdKtDOu9gmjcRdgVyi6yiIsba31KzCxtnYZnKm', '2019-11-16 05:36:53', NULL, 1),
	(14, 'cain66', 'CDS', 'Cain', 'Dejesus', 'chat.link/user?t=xtv0fkut94', 'cain.dejesus@assoc.ch', '7675727941', 'urna justo faucibus lectus, a sollicitudin orci sem eget massa. Suspendisse eleifend. Cras sed leo. Cras vehicula aliquet libero. Integer in magna. Phasellus dolor elit, pellentesque a, facilisis non, bibendum sed, est. Nunc laoreet lectus quis massa. Mauris vestibulum, neque sed dictum eleifend, nunc risus varius orci, in consequat enim diam vel arcu.', '$2y$10$aWcE6N/O/1jhQUbRmyF.1u2tZzcz.v9DUtQc2nCMem97U8GX0tnUW', '2019-02-13 13:29:40', NULL, 1),
	(15, 'paula46', 'PBY', 'Paula', 'Bradley', 'chat.link/user?t=tnhek2y0dtid', 'paula.bradley@assoc.ch', '9837983366', 'erat. Etiam vestibulum massa rutrum magna. Cras convallis convallis dolor. Quisque tincidunt pede ac urna. Ut tincidunt vehicula risus. Nulla eget metus eu erat semper rutrum. Fusce dolor quam, elementum at, egestas a, scelerisque sed, sapien. Nunc pulvinar arcu et pede. Nunc sed orci lobortis augue scelerisque mollis. Phasellus libero mauris, aliquam eu,', '$2y$10$YJguOGXSV3/z4.GvbEcbk.RSNy0Uf5c6PGFxxyPF5cUfyHhv0WZtq', '2019-05-16 06:39:03', NULL, 4),
	(16, 'otto39', 'ORZ', 'Otto', 'Rodriguez', '', 'otto.rodriguez@assoc.ch', '9834386784', 'egestas. Aliquam fringilla cursus purus. Nullam scelerisque neque sed sem egestas blandit. Nam nulla magna, malesuada vel, convallis in, cursus et, eros. Proin ultrices. Duis volutpat nunc sit amet metus. Aliquam erat volutpat. Nulla facilisis. Suspendisse commodo tincidunt nibh. Phasellus nulla. Integer vulputate, risus a ultricies adipiscing, enim mi tempor lorem, eget mollis', '$2y$10$xVvR8uaGMYpV.dTLZvdoW.wfnOm3Sqj6VB3E6cCsq.X1y77NCcv4K', '2019-03-31 19:22:14', NULL, 1),
	(17, 'scott48', 'SCO', 'Scott', 'Carrillo', '', NULL, '5273481576', 'Nullam scelerisque neque sed sem egestas blandit. Nam nulla magna, malesuada vel, convallis in, cursus et, eros. Proin ultrices. Duis volutpat nunc sit amet metus. Aliquam erat volutpat. Nulla facilisis. Suspendisse commodo tincidunt nibh. Phasellus nulla. Integer vulputate, risus a ultricies adipiscing, enim mi tempor lorem, eget mollis lectus pede et risus. Quisque', '$2y$10$.Y/d7/aM.rjzSfkioqDIwOOoggqCp9TSoeA3de6dOPS.HvDtF3kzy', '2020-07-09 00:12:11', NULL, 1),
	(18, 'reuben37', 'RDD', 'Reuben', 'Dillard', '', 'reuben.dillard@assoc.ch', '1776963422', 'lobortis quis, pede. Suspendisse dui. Fusce diam nunc, ullamcorper eu, euismod ac, fermentum vel, mauris. Integer sem elit, pharetra ut, pharetra sed, hendrerit a, arcu. Sed et libero. Proin mi. Aliquam gravida mauris ut mi. Duis risus odio, auctor vitae, aliquet nec, imperdiet nec, leo. Morbi neque tellus, imperdiet non, vestibulum nec, euismod', '$2y$10$kpL1bn9Cww2Qs655DEwHc.7u1MjHc5UK0iu/57eNInfgDtosXiFhu', '2019-09-17 12:52:37', NULL, 1),
	(19, 'pascale46', 'PEN', 'Pascale', 'Emerson', 'chat.link/user?t=7ld6gi8h5z8bc', 'pascale.emerson@assoc.ch', '4811703483', 'Vestibulum ante ipsum primis in faucibus orci luctus et ultrices posuere cubilia Curae; Phasellus ornare. Fusce mollis. Duis sit amet diam eu dolor egestas rhoncus. Proin nisl sem, consequat nec, mollis vitae, posuere at, velit. Cras lorem lorem, luctus ut, pellentesque eget, dictum placerat, augue. Sed molestie. Sed id risus quis diam luctus', '$2y$10$uYL4s.QIv2vEdJFdlFoaKujl.cwuKcdGk/U/b4y5hkuwVQ6RDVkFq', '2019-02-28 19:13:51', NULL, 2),
	(20, 'jonas53', 'JLN', 'Jonas', 'Leon', '', 'jonas.leon@assoc.ch', '5619806154', 'Quisque imperdiet, erat nonummy ultricies ornare, elit elit fermentum risus, at fringilla purus mauris a nunc. In at pede. Cras vulputate velit eu sem. Pellentesque ut ipsum ac mi eleifend egestas. Sed pharetra, felis eget varius ultrices, mauris ipsum porta elit, a feugiat tellus lorem eu metus. In lorem. Donec elementum, lorem ut', '$2y$10$r2pB4bRSX./bUV2P8qv/B.UDMLQljFN4pyE/fXcuTKjl4yD12oZSi', '2019-03-08 03:13:57', NULL, 1),
	(21, 'yetta16', 'YHR', 'Yetta', 'Hester', '', 'yetta.hester@assoc.ch', '5504763974', 'Sed nec metus facilisis lorem tristique aliquet. Phasellus fermentum convallis ligula. Donec luctus aliquet odio. Etiam ligula tortor, dictum eu, placerat eget, venenatis a, magna. Lorem ipsum dolor sit amet, consectetuer adipiscing elit. Etiam laoreet, libero et tristique pellentesque, tellus sem mollis dui, in sodales elit erat vitae risus. Duis a mi fringilla', '$2y$10$EBeWo21bacoRzmohwj7I/O7TsYUVrmjJZDEBFBYsUafAwXw4Yiaaq', '2020-01-17 18:47:30', NULL, 2),
	(22, 'ria62', 'RGN', 'Ria', 'Griffin', '', NULL, '4787158398', 'Aenean eget magna. Suspendisse tristique neque venenatis lacus. Etiam bibendum fermentum metus. Aenean sed pede nec ante blandit viverra. Donec tempus, lorem fringilla ornare placerat, orci lacus vestibulum lorem, sit amet ultricies sem magna nec quam. Curabitur vel lectus. Cum sociis natoque penatibus et magnis dis parturient montes, nascetur ridiculus mus. Donec dignissim', '$2y$10$ukf0xUe/aTMQo65C4ATokeVPuUSd5q2J.aZDzQOOGCnuwiJk4a43O', '2019-01-26 22:46:44', NULL, 1),
	(23, 'candice80', 'CKE', 'Candice', 'Kane', '', NULL, '9398147271', 'risus. Donec nibh enim, gravida sit amet, dapibus id, blandit at, nisi. Cum sociis natoque penatibus et magnis dis parturient montes, nascetur ridiculus mus. Proin vel nisl. Quisque fringilla euismod enim. Etiam gravida molestie arcu. Sed eu nibh vulputate mauris sagittis placerat. Cras dictum ultricies ligula. Nullam enim. Sed nulla ante, iaculis nec,', '$2y$10$2TpofwPgFcFNBBpioAfBIuqNGs7BnaG.H8RRxbMOSUjzlmmmNxU9S', '2020-04-04 11:11:03', NULL, 4),
	(24, 'shaine12', 'SNS', 'Shaine', 'Nieves', 'chat.link/user?t=yfsmxu15kqyy', NULL, '3812799553', 'mauris, aliquam eu, accumsan sed, facilisis vitae, orci. Phasellus dapibus quam quis diam. Pellentesque habitant morbi tristique senectus et netus et malesuada fames ac turpis egestas. Fusce aliquet magna a neque. Nullam ut nisi a odio semper cursus. Integer mollis. Integer tincidunt aliquam arcu. Aliquam ultrices iaculis odio. Nam interdum enim non nisi.', '$2y$10$XoqtFZj4R7wSxFyKHI2ap./fk5Wm2QVrgA4Q8.kgy7JQKDDTZiuai', '2020-01-19 18:04:51', NULL, 0),
	(25, 'sawyer17', 'SHR', 'Sawyer', 'Harper', 'chat.link/user?t=4t67hsh99n0s', 'sawyer.harper@assoc.ch', '2056739359', 'nulla at sem molestie sodales. Mauris blandit enim consequat purus. Maecenas libero est, congue a, aliquet vel, vulputate eu, odio. Phasellus at augue id ante dictum cursus. Nunc mauris elit, dictum eu, eleifend nec, malesuada ut, sem. Nulla interdum. Curabitur dictum. Phasellus in felis. Nulla tempor augue ac ipsum. Phasellus vitae mauris sit', '$2y$10$CRPf/bFNPINnA6NGWNr8e.Se45gTrfqwpZwhaj31WrHXWjhCUkrTC', '2019-12-14 00:43:18', NULL, 4),
	(26, 'madaline49', 'MRS', 'Madaline', 'Rojas', 'chat.link/user?t=f5zzgdo4ot2', NULL, '1919963766', 'interdum ligula eu enim. Etiam imperdiet dictum magna. Ut tincidunt orci quis lectus. Nullam suscipit, est ac facilisis facilisis, magna tellus faucibus leo, in lobortis tellus justo sit amet nulla. Donec non justo. Proin non massa non ante bibendum ullamcorper. Duis cursus, diam at pretium aliquet, metus urna convallis erat, eget tincidunt dui', '$2y$10$uZEMKKnV9j5D8A3MrK3E3eEpT3kCkQ2yArIEOsTRU49ydaNv1pZWe', '2020-08-15 15:54:38', NULL, 1),
	(27, 'giacomo21', 'GRE', 'Giacomo', 'Reese', 'chat.link/user?t=96h9r52dfe0', 'giacomo.reese@assoc.ch', '3339444849', 'felis. Donec tempor, est ac mattis semper, dui lectus rutrum urna, nec luctus felis purus ac tellus. Suspendisse sed dolor. Fusce mi lorem, vehicula et, rutrum eu, ultrices sit amet, risus. Donec nibh enim, gravida sit amet, dapibus id, blandit at, nisi. Cum sociis natoque penatibus et magnis dis parturient montes, nascetur ridiculus', '$2y$10$St.eLl5jcstZtHEKmzGB2uaHSEa0smQR3gPcm33t53rJScWR0GAl.', '2020-08-25 12:48:04', NULL, 4),
	(28, 'diana83', 'DJS', 'Diana', 'Jacobs', '', 'diana.jacobs@assoc.ch', '4066196991', 'magna. Nam ligula elit, pretium et, rutrum non, hendrerit id, ante. Nunc mauris sapien, cursus in, hendrerit consectetuer, cursus et, magna. Praesent interdum ligula eu enim. Etiam imperdiet dictum magna. Ut tincidunt orci quis lectus. Nullam suscipit, est ac facilisis facilisis, magna tellus faucibus leo, in lobortis tellus justo sit amet nulla. Donec', '$2y$10$QfyEk3zS99V3TraLpq9QrOqn1nkLtqBsGfew.Vx25QQ8aKswHfYBa', '2019-01-26 08:33:02', NULL, 1),
	(29, 'minerva35', 'MFR', 'Minerva', 'Farmer', '', NULL, '4711866760', 'venenatis a, magna. Lorem ipsum dolor sit amet, consectetuer adipiscing elit. Etiam laoreet, libero et tristique pellentesque, tellus sem mollis dui, in sodales elit erat vitae risus. Duis a mi fringilla mi lacinia mattis. Integer eu lacus. Quisque imperdiet, erat nonummy ultricies ornare, elit elit fermentum risus, at fringilla purus mauris a nunc.', '$2y$10$wxW9sHaFh0ommucrEOS3euPXvFUtb6600MWdp8JAN4Yc79v1eov6C', '2019-05-17 18:06:51', NULL, 1),
	(30, 'melyssa19', 'MSS', 'Melyssa', 'Sparks', 'chat.link/user?t=ktp6qelnmzbfa', 'melyssa.sparks@assoc.ch', '4961925442', 'dolor sit amet, consectetuer adipiscing elit. Curabitur sed tortor. Integer aliquam adipiscing lacus. Ut nec urna et arcu imperdiet ullamcorper. Duis at lacus. Quisque purus sapien, gravida non, sollicitudin a, malesuada id, erat. Etiam vestibulum massa rutrum magna. Cras convallis convallis dolor. Quisque tincidunt pede ac urna. Ut tincidunt vehicula risus. Nulla eget', '$2y$10$o3CwZsLEvo4G61EVOL1B3.b213bUxNlRa65/zTmF/a5r.SLLkDLt.', '2019-12-02 13:26:51', NULL, 1),
	(31, 'anthony91', 'ACS', 'Anthony', 'Cervantes', '', NULL, '4764467191', 'imperdiet dictum magna. Ut tincidunt orci quis lectus. Nullam suscipit, est ac facilisis facilisis, magna tellus faucibus leo, in lobortis tellus justo sit amet nulla. Donec non justo. Proin non massa non ante bibendum ullamcorper. Duis cursus, diam at pretium aliquet, metus urna convallis erat, eget tincidunt dui augue eu tellus. Phasellus elit', '$2y$10$DRCfbIp1nfZxo14k//ZWl.8eZ.jVXohrxydF8rHM9E7Ouqan6XP52', '2019-03-10 20:42:24', NULL, 1),
	(32, 'josiah99', 'JBS', 'Josiah', 'Burks', 'chat.link/user?t=ziont7i7h6gw', 'josiah.burks@assoc.ch', '9706578935', 'facilisis lorem tristique aliquet. Phasellus fermentum convallis ligula. Donec luctus aliquet odio. Etiam ligula tortor, dictum eu, placerat eget, venenatis a, magna. Lorem ipsum dolor sit amet, consectetuer adipiscing elit. Etiam laoreet, libero et tristique pellentesque, tellus sem mollis dui, in sodales elit erat vitae risus. Duis a mi fringilla mi lacinia mattis.', '$2y$10$u61Caf/OypVECd2/c0odvuSnl3N03NEJ4mhZarOQkzTeGbhAJ2g5K', '2020-02-06 03:40:26', NULL, 1),
	(33, 'gil59', 'GBT', 'Gil', 'Bartlett', '', NULL, '8148507360', 'libero lacus, varius et, euismod et, commodo at, libero. Morbi accumsan laoreet ipsum. Curabitur consequat, lectus sit amet luctus vulputate, nisi sem semper erat, in consectetuer ipsum nunc id enim. Curabitur massa. Vestibulum accumsan neque et nunc. Quisque ornare tortor at risus. Nunc ac sem ut dolor dapibus gravida. Aliquam tincidunt, nunc ac', '$2y$10$FTpyEifW1iBNVyh/xGQ0iurscE57XKy0y.XZ95s6Fn6yssF1kKFTq', '2020-06-13 12:34:07', NULL, 2),
	(34, 'aileen32', 'AMN', 'Aileen', 'Moran', 'chat.link/user?t=7wiyfmmekod2m4', NULL, '4982076130', 'et, eros. Proin ultrices. Duis volutpat nunc sit amet metus. Aliquam erat volutpat. Nulla facilisis. Suspendisse commodo tincidunt nibh. Phasellus nulla. Integer vulputate, risus a ultricies adipiscing, enim mi tempor lorem, eget mollis lectus pede et risus. Quisque libero lacus, varius et, euismod et, commodo at, libero. Morbi accumsan laoreet ipsum. Curabitur consequat,', '$2y$10$kfra0sUc8OaEIDikdEmeG.J31Hmo97/F7QLKgaxo.mm5Io4Tm.GCm', '2019-08-22 10:49:07', NULL, 4),
	(35, 'morgan71', 'MMN', 'Morgan', 'Morgan', 'chat.link/user?t=vw0zyympuvcit', NULL, '5744207453', 'porttitor scelerisque neque. Nullam nisl. Maecenas malesuada fringilla est. Mauris eu turpis. Nulla aliquet. Proin velit. Sed malesuada augue ut lacus. Nulla tincidunt, neque vitae semper egestas, urna justo faucibus lectus, a sollicitudin orci sem eget massa. Suspendisse eleifend. Cras sed leo. Cras vehicula aliquet libero. Integer in magna. Phasellus dolor elit, pellentesque', '$2y$10$1TAhDLlv3sUWDJCur3LmwuqTG/uF/fh8brajtexwPEJXblmlr.YmC', '2019-10-07 17:54:37', NULL, 1),
	(36, 'dara42', 'DTN', 'Dara', 'Thompson', '', 'dara.thompson@assoc.ch', '6084485550', 'in magna. Phasellus dolor elit, pellentesque a, facilisis non, bibendum sed, est. Nunc laoreet lectus quis massa. Mauris vestibulum, neque sed dictum eleifend, nunc risus varius orci, in consequat enim diam vel arcu. Curabitur ut odio vel est tempor bibendum. Donec felis orci, adipiscing non, luctus sit amet, faucibus ut, nulla. Cras eu', '$2y$10$mZ2ItJSWWM.SbwnDheCHkOnW8qx5.SkFTMfHCmhL0MfxqZCkY/Wo.', '2019-11-30 12:10:47', NULL, 1),
	(37, 'eugenia32', 'EHX', 'Eugenia', 'Hendrix', '', 'eugenia.hendrix@assoc.ch', '1321094122', 'bibendum ullamcorper. Duis cursus, diam at pretium aliquet, metus urna convallis erat, eget tincidunt dui augue eu tellus. Phasellus elit pede, malesuada vel, venenatis vel, faucibus id, libero. Donec consectetuer mauris id sapien. Cras dolor dolor, tempus non, lacinia at, iaculis quis, pede. Praesent eu dui. Cum sociis natoque penatibus et magnis dis', '$2y$10$DKThd/ZEYFcPPllQdPmIDe8MoNQo12..sMUl0G8horft9HcDWb6pC', '2019-06-27 07:15:42', NULL, 2),
	(38, 'sebastian36', 'SKY', 'Sebastian', 'Kelly', 'chat.link/user?t=bhlgmh553fs8q0', NULL, '3765454227', 'Aenean sed pede nec ante blandit viverra. Donec tempus, lorem fringilla ornare placerat, orci lacus vestibulum lorem, sit amet ultricies sem magna nec quam. Curabitur vel lectus. Cum sociis natoque penatibus et magnis dis parturient montes, nascetur ridiculus mus. Donec dignissim magna a tortor. Nunc commodo auctor velit. Aliquam nisl. Nulla eu neque', '$2y$10$ONNrgWrRNRIi/AyeIqokwOeiZjbq6hy//6hIYl1fb5ketB/sZ4zMm', '2020-07-12 22:39:21', NULL, 4),
	(39, 'rigel88', 'RLT', 'Rigel', 'Lambert', 'chat.link/user?t=bsrycmhqsi', 'rigel.lambert@assoc.ch', '5263876841', 'nisi nibh lacinia orci, consectetuer euismod est arcu ac orci. Ut semper pretium neque. Morbi quis urna. Nunc quis arcu vel quam dignissim pharetra. Nam ac nulla. In tincidunt congue turpis. In condimentum. Donec at arcu. Vestibulum ante ipsum primis in faucibus orci luctus et ultrices posuere cubilia Curae; Donec tincidunt. Donec vitae', '$2y$10$9lOPDq/xcO1.Pm1vWRIbeO3fZ6LXOIxBFUtAvXehyrFheExaUxmxi', '2019-06-27 19:32:43', NULL, 1),
	(40, 'desiree46', 'DAN', 'Desiree', 'Allison', 'chat.link/user?t=ti5ay18kh3xnc', 'desiree.allison@assoc.ch', '5447747513', 'Cras sed leo. Cras vehicula aliquet libero. Integer in magna. Phasellus dolor elit, pellentesque a, facilisis non, bibendum sed, est. Nunc laoreet lectus quis massa. Mauris vestibulum, neque sed dictum eleifend, nunc risus varius orci, in consequat enim diam vel arcu. Curabitur ut odio vel est tempor bibendum. Donec felis orci, adipiscing non,', '$2y$10$2SPXX9IIDGBnClvqFmgi1.uGfzp/Fa3nvD/Zd8k5qBuC.aM/IfnQW', '2019-09-23 06:53:49', NULL, 1),
	(41, 'leroy22', 'LWD', 'Leroy', 'Whitehead', 'chat.link/user?t=w3jrdqagjyt6', 'leroy.whitehead@assoc.ch', '8524929256', 'felis ullamcorper viverra. Maecenas iaculis aliquet diam. Sed diam lorem, auctor quis, tristique ac, eleifend vitae, erat. Vivamus nisi. Mauris nulla. Integer urna. Vivamus molestie dapibus ligula. Aliquam erat volutpat. Nulla dignissim. Maecenas ornare egestas ligula. Nullam feugiat placerat velit. Quisque varius. Nam porttitor scelerisque neque. Nullam nisl. Maecenas malesuada fringilla est. Mauris', '$2y$10$A2F2x8lTT0YG3L8JauBXWudvFDHhlhRIXuPRNTl3UI6CeeIocASbS', '2019-04-06 18:24:58', NULL, 1),
	(42, 'katell39', 'KPH', 'Katell', 'Parrish', '', 'katell.parrish@assoc.ch', '3602826715', 'Mauris quis turpis vitae purus gravida sagittis. Duis gravida. Praesent eu nulla at sem molestie sodales. Mauris blandit enim consequat purus. Maecenas libero est, congue a, aliquet vel, vulputate eu, odio. Phasellus at augue id ante dictum cursus. Nunc mauris elit, dictum eu, eleifend nec, malesuada ut, sem. Nulla interdum. Curabitur dictum. Phasellus', '$2y$10$9VjS92ZwVCfhJtmm9ooysuJSUdzPgPZ1kJxEvCRDcbGM1qsoBHJGu', '2019-10-22 21:52:04', NULL, 1),
	(43, 'montana69', 'MWT', 'Montana', 'Wyatt', '', 'montana.wyatt@assoc.ch', '6504707390', 'dolor sit amet, consectetuer adipiscing elit. Etiam laoreet, libero et tristique pellentesque, tellus sem mollis dui, in sodales elit erat vitae risus. Duis a mi fringilla mi lacinia mattis. Integer eu lacus. Quisque imperdiet, erat nonummy ultricies ornare, elit elit fermentum risus, at fringilla purus mauris a nunc. In at pede. Cras vulputate', '$2y$10$CXAlLyU56gu5umSpBve5fOdoeGCorIc6nWuOEhY3MrZnUNUBEMucW', '2019-04-13 14:35:49', NULL, 1),
	(44, 'fletcher50', 'FRO', 'Fletcher', 'Russo', '', NULL, '7291059620', 'Suspendisse aliquet, sem ut cursus luctus, ipsum leo elementum sem, vitae aliquam eros turpis non enim. Mauris quis turpis vitae purus gravida sagittis. Duis gravida. Praesent eu nulla at sem molestie sodales. Mauris blandit enim consequat purus. Maecenas libero est, congue a, aliquet vel, vulputate eu, odio. Phasellus at augue id ante dictum', '$2y$10$TJackPlEzlS5PoEaQuMb4.HmSw5gVPJtGq/oNRaNgB9j.Hl/IqxEW', '2019-01-10 14:14:55', NULL, 1),
	(45, 'macy42', 'MBT', 'Macy', 'Britt', '', NULL, '5461395259', 'orci sem eget massa. Suspendisse eleifend. Cras sed leo. Cras vehicula aliquet libero. Integer in magna. Phasellus dolor elit, pellentesque a, facilisis non, bibendum sed, est. Nunc laoreet lectus quis massa. Mauris vestibulum, neque sed dictum eleifend, nunc risus varius orci, in consequat enim diam vel arcu. Curabitur ut odio vel est tempor', '$2y$10$gwI.ynoAbYWvbXx7.RT/0.F9rOhPxltZTwncILm7lc.EjXnJfnmBy', '2020-04-25 20:39:33', NULL, 3),
	(46, 'latifah17', 'LBT', 'Latifah', 'Bennett', '', 'latifah.bennett@assoc.ch', '6273322198', 'nec tempus scelerisque, lorem ipsum sodales purus, in molestie tortor nibh sit amet orci. Ut sagittis lobortis mauris. Suspendisse aliquet molestie tellus. Aenean egestas hendrerit neque. In ornare sagittis felis. Donec tempor, est ac mattis semper, dui lectus rutrum urna, nec luctus felis purus ac tellus. Suspendisse sed dolor. Fusce mi lorem, vehicula', '$2y$10$JcIjbGKauI2dJhIlt47HgO9Is0vW5OGpMx2Iouxp7yZUWJ.3Y6rMe', '2019-03-16 20:05:09', NULL, 1),
	(47, 'ezekiel65', 'ENN', 'Ezekiel', 'Nicholson', 'chat.link/user?t=bo7qtem60wrgof', 'ezekiel.nicholson@assoc.ch', '4495539670', 'Donec tempus, lorem fringilla ornare placerat, orci lacus vestibulum lorem, sit amet ultricies sem magna nec quam. Curabitur vel lectus. Cum sociis natoque penatibus et magnis dis parturient montes, nascetur ridiculus mus. Donec dignissim magna a tortor. Nunc commodo auctor velit. Aliquam nisl. Nulla eu neque pellentesque massa lobortis ultrices. Vivamus rhoncus. Donec', '$2y$10$bf7OmRND6F/RGuVwXUJTsObUthKY.BzKWPRr2.gpi4SarZyAcJxO2', '2020-03-02 20:42:16', NULL, 1),
	(48, 'zelenia60', 'ZFK', 'Zelenia', 'Frederick', '', 'zelenia.frederick@assoc.ch', '4236952836', 'est ac mattis semper, dui lectus rutrum urna, nec luctus felis purus ac tellus. Suspendisse sed dolor. Fusce mi lorem, vehicula et, rutrum eu, ultrices sit amet, risus. Donec nibh enim, gravida sit amet, dapibus id, blandit at, nisi. Cum sociis natoque penatibus et magnis dis parturient montes, nascetur ridiculus mus. Proin vel', '$2y$10$66UibP6WyGLi5ibBKImaMexNsHiDGfSpyeO3zBlHCstQf4GY7E0BO', '2019-12-28 00:21:14', NULL, 1),
	(49, 'joan56', 'JSO', 'Joan', 'Serrano', 'chat.link/user?t=bamqsxgix22kik2', NULL, '8258335733', 'Vestibulum ante ipsum primis in faucibus orci luctus et ultrices posuere cubilia Curae; Donec tincidunt. Donec vitae erat vel pede blandit congue. In scelerisque scelerisque dui. Suspendisse ac metus vitae velit egestas lacinia. Sed congue, elit sed consequat auctor, nunc nulla vulputate dui, nec tempus mauris erat eget ipsum. Suspendisse sagittis. Nullam vitae', '$2y$10$ypDuidqPkPgd4/jhBFEguOV1RHt4ur6kjvCtajO/BPj8fNOIDzRsW', '2019-04-24 15:33:30', NULL, 4),
	(50, 'hammett95', 'HSR', 'Hammett', 'Slater', 'chat.link/user?t=85eod8w5xj', NULL, '5408195262', 'pellentesque massa lobortis ultrices. Vivamus rhoncus. Donec est. Nunc ullamcorper, velit in aliquet lobortis, nisi nibh lacinia orci, consectetuer euismod est arcu ac orci. Ut semper pretium neque. Morbi quis urna. Nunc quis arcu vel quam dignissim pharetra. Nam ac nulla. In tincidunt congue turpis. In condimentum. Donec at arcu. Vestibulum ante ipsum', '$2y$10$W/9vCdlQgj4wUx8KehqPOedhqwXHNtD9AmRuVLvnCTin1rTeWpL7K', '2019-12-15 03:12:32', NULL, 3),
	(51, 'shelby82', 'SFS', 'Shelby', 'Franks', '', NULL, '6287393156', 'lobortis tellus justo sit amet nulla. Donec non justo. Proin non massa non ante bibendum ullamcorper. Duis cursus, diam at pretium aliquet, metus urna convallis erat, eget tincidunt dui augue eu tellus. Phasellus elit pede, malesuada vel, venenatis vel, faucibus id, libero. Donec consectetuer mauris id sapien. Cras dolor dolor, tempus non, lacinia', '$2y$10$sCi/IMRSJMvNIYkOIDnWfeUOO3B1s8RGKS6Qi.Aavoq6flro8FOiO', '2019-12-02 00:29:08', NULL, 1),
	(52, 'aphrodite91', 'AMO', 'Aphrodite', 'Moreno', '', NULL, '4906974074', 'pellentesque eget, dictum placerat, augue. Sed molestie. Sed id risus quis diam luctus lobortis. Class aptent taciti sociosqu ad litora torquent per conubia nostra, per inceptos hymenaeos. Mauris ut quam vel sapien imperdiet ornare. In faucibus. Morbi vehicula. Pellentesque tincidunt tempus risus. Donec egestas. Duis ac arcu. Nunc mauris. Morbi non sapien molestie', '$2y$10$2fwGiOK1bQl9F1kGgt4uV.peODK13YfSTuiqqKB8UnVrzcQfNnO96', '2020-03-23 07:16:17', NULL, 1),
	(53, 'halee39', 'HGY', 'Halee', 'Gregory', 'chat.link/user?t=noftmb1713oje', NULL, '6424193282', 'Aliquam ultrices iaculis odio. Nam interdum enim non nisi. Aenean eget metus. In nec orci. Donec nibh. Quisque nonummy ipsum non arcu. Vivamus sit amet risus. Donec egestas. Aliquam nec enim. Nunc ut erat. Sed nunc est, mollis non, cursus non, egestas a, dui. Cras pellentesque. Sed dictum. Proin eget odio. Aliquam vulputate', '$2y$10$VjaT6AI12dcSO63EnDBaeujAvioUtFK4AKLYHaoEAuI1VHOhxRZ3i', '2019-12-29 07:31:55', NULL, 1),
	(54, 'camille73', 'CHE', 'Camille', 'Hyde', '', NULL, '1288818541', 'iaculis odio. Nam interdum enim non nisi. Aenean eget metus. In nec orci. Donec nibh. Quisque nonummy ipsum non arcu. Vivamus sit amet risus. Donec egestas. Aliquam nec enim. Nunc ut erat. Sed nunc est, mollis non, cursus non, egestas a, dui. Cras pellentesque. Sed dictum. Proin eget odio. Aliquam vulputate ullamcorper magna.', '$2y$10$21i9/J5WOZbPRvQedYtGAujmYBlWuccYpRBV/JzrewpEVabx6YqoC', '2019-07-13 23:03:51', NULL, 1),
	(55, 'gareth42', 'GHN', 'Gareth', 'Holman', 'chat.link/user?t=i34vge18p8', 'gareth.holman@assoc.ch', '7872903748', 'dictum ultricies ligula. Nullam enim. Sed nulla ante, iaculis nec, eleifend non, dapibus rutrum, justo. Praesent luctus. Curabitur egestas nunc sed libero. Proin sed turpis nec mauris blandit mattis. Cras eget nisi dictum augue malesuada malesuada. Integer id magna et ipsum cursus vestibulum. Mauris magna. Duis dignissim tempor arcu. Vestibulum ut eros non', '$2y$10$oLQcYHk8q7nG2WXLpXaMQede1xFBUatqitI3sHHH1lHszUpfvK7bq', '2019-08-08 19:33:50', NULL, 1),
	(56, 'orli82', 'OSR', 'Orli', 'Skinner', '', NULL, '1218345737', 'eleifend egestas. Sed pharetra, felis eget varius ultrices, mauris ipsum porta elit, a feugiat tellus lorem eu metus. In lorem. Donec elementum, lorem ut aliquam iaculis, lacus pede sagittis augue, eu tempor erat neque non quam. Pellentesque habitant morbi tristique senectus et netus et malesuada fames ac turpis egestas. Aliquam fringilla cursus purus.', '$2y$10$80vY6xvQf9LX1h6gDrGWiOqkIiS38tBUBWcUZT9yxHku42.cpZBay', '2019-10-23 15:50:47', NULL, 4),
	(57, 'quamar33', 'QDN', 'Quamar', 'Dean', 'chat.link/user?t=1qjfz8rx719', NULL, '2112345058', 'Sed eget lacus. Mauris non dui nec urna suscipit nonummy. Fusce fermentum fermentum arcu. Vestibulum ante ipsum primis in faucibus orci luctus et ultrices posuere cubilia Curae; Phasellus ornare. Fusce mollis. Duis sit amet diam eu dolor egestas rhoncus. Proin nisl sem, consequat nec, mollis vitae, posuere at, velit. Cras lorem lorem, luctus', '$2y$10$u8TYSkTxf2/t0LbZtbvuoOcpI8Xyypk2.udTdPW.xoOZD2UqusHtK', '2020-05-24 10:43:52', NULL, 1),
	(58, 'pascale61', 'PVE', 'Pascale', 'Vance', '', NULL, '7542907751', 'pharetra sed, hendrerit a, arcu. Sed et libero. Proin mi. Aliquam gravida mauris ut mi. Duis risus odio, auctor vitae, aliquet nec, imperdiet nec, leo. Morbi neque tellus, imperdiet non, vestibulum nec, euismod in, dolor. Fusce feugiat. Lorem ipsum dolor sit amet, consectetuer adipiscing elit. Aliquam auctor, velit eget laoreet posuere, enim nisl', '$2y$10$59BFlkiSkGe8ePFO6J4Azu1pR8ci15QYsyDDNuyZ4w97bl/0BrVfW', '2019-01-29 20:39:40', NULL, 1),
	(59, 'clark21', 'CJN', 'Clark', 'Jefferson', '', 'clark.jefferson@assoc.ch', '4069447714', 'eu enim. Etiam imperdiet dictum magna. Ut tincidunt orci quis lectus. Nullam suscipit, est ac facilisis facilisis, magna tellus faucibus leo, in lobortis tellus justo sit amet nulla. Donec non justo. Proin non massa non ante bibendum ullamcorper. Duis cursus, diam at pretium aliquet, metus urna convallis erat, eget tincidunt dui augue eu', '$2y$10$upj3mvJa.xq7k6tBTMsbeuchdkG4.GKwd8OMVaP/N9ShirBDsALqK', '2019-11-22 02:37:55', NULL, 1),
	(60, 'vernon89', 'VRE', 'Vernon', 'Rose', '', NULL, '4866712397', 'magna. Phasellus dolor elit, pellentesque a, facilisis non, bibendum sed, est. Nunc laoreet lectus quis massa. Mauris vestibulum, neque sed dictum eleifend, nunc risus varius orci, in consequat enim diam vel arcu. Curabitur ut odio vel est tempor bibendum. Donec felis orci, adipiscing non, luctus sit amet, faucibus ut, nulla. Cras eu tellus', '$2y$10$Nc4PTSoLsltYVGLFVDriiudOjuEWOmg5otbAHVgVoCztXCVzI0YGa', '2019-12-31 12:19:06', NULL, 1),
	(61, 'tasha94', 'TFS', 'Tasha', 'Flowers', 'chat.link/user?t=kik9brureg', NULL, '5367823681', 'nec mauris blandit mattis. Cras eget nisi dictum augue malesuada malesuada. Integer id magna et ipsum cursus vestibulum. Mauris magna. Duis dignissim tempor arcu. Vestibulum ut eros non enim commodo hendrerit. Donec porttitor tellus non magna. Nam ligula elit, pretium et, rutrum non, hendrerit id, ante. Nunc mauris sapien, cursus in, hendrerit consectetuer,', '$2y$10$exfFgwp3z4O67SznYG2pne9UGUYy05BiOar3ZL5pyy0nVYDMPgmiq', '2020-06-06 21:24:37', NULL, 3),
	(62, 'veda75', 'VRH', 'Veda', 'Roth', '', NULL, '3591955155', 'Etiam vestibulum massa rutrum magna. Cras convallis convallis dolor. Quisque tincidunt pede ac urna. Ut tincidunt vehicula risus. Nulla eget metus eu erat semper rutrum. Fusce dolor quam, elementum at, egestas a, scelerisque sed, sapien. Nunc pulvinar arcu et pede. Nunc sed orci lobortis augue scelerisque mollis. Phasellus libero mauris, aliquam eu, accumsan', '$2y$10$0ClDK/cxKReFx7dFCuwJA.E1ogKUB0/e6yBKSuzroYBDzKINapZPW', '2020-06-21 13:27:05', NULL, 1),
	(63, 'leah65', 'LTD', 'Leah', 'Townsend', '', NULL, '9801965339', 'Duis volutpat nunc sit amet metus. Aliquam erat volutpat. Nulla facilisis. Suspendisse commodo tincidunt nibh. Phasellus nulla. Integer vulputate, risus a ultricies adipiscing, enim mi tempor lorem, eget mollis lectus pede et risus. Quisque libero lacus, varius et, euismod et, commodo at, libero. Morbi accumsan laoreet ipsum. Curabitur consequat, lectus sit amet luctus', '$2y$10$ax5qX78NwyBZCeoBJxkBYeTTtJb4N2SGJlDBEqqdCkn3fV5HZR3HC', '2019-09-06 06:10:17', NULL, 1),
	(64, 'porter99', 'PBD', 'Porter', 'Beard', 'chat.link/user?t=axjjojav1gy', 'porter.beard@assoc.ch', '2192764333', 'auctor, nunc nulla vulputate dui, nec tempus mauris erat eget ipsum. Suspendisse sagittis. Nullam vitae diam. Proin dolor. Nulla semper tellus id nunc interdum feugiat. Sed nec metus facilisis lorem tristique aliquet. Phasellus fermentum convallis ligula. Donec luctus aliquet odio. Etiam ligula tortor, dictum eu, placerat eget, venenatis a, magna. Lorem ipsum dolor', '$2y$10$3y6vDsREgcexrSq1a7T1X.2wgrmzMq4TZVJXdeMF4tRhmOowfzvzW', '2020-05-11 21:08:24', NULL, 2),
	(65, 'jasper72', 'JLG', 'Jasper', 'Long', 'chat.link/user?t=kxkevuqxte2u', NULL, '7403379660', 'amet ante. Vivamus non lorem vitae odio sagittis semper. Nam tempor diam dictum sapien. Aenean massa. Integer vitae nibh. Donec est mauris, rhoncus id, mollis nec, cursus a, enim. Suspendisse aliquet, sem ut cursus luctus, ipsum leo elementum sem, vitae aliquam eros turpis non enim. Mauris quis turpis vitae purus gravida sagittis. Duis', '$2y$10$5vP8sEMUqe7HlnmwHBsT1OoY3msQeA6DUkYe8RTPseg0SqP6N0i7O', '2019-03-26 05:06:02', NULL, 3),
	(66, 'vincent17', 'VMN', 'Vincent', 'Morin', 'chat.link/user?t=l77sevpsr7', 'vincent.morin@assoc.ch', '8852593017', 'enim non nisi. Aenean eget metus. In nec orci. Donec nibh. Quisque nonummy ipsum non arcu. Vivamus sit amet risus. Donec egestas. Aliquam nec enim. Nunc ut erat. Sed nunc est, mollis non, cursus non, egestas a, dui. Cras pellentesque. Sed dictum. Proin eget odio. Aliquam vulputate ullamcorper magna. Sed eu eros. Nam', '$2y$10$Ybc0km3o1/oANR6GsXvRmul/IWQ4AwdoP6CbwX7Hec2g/PaG5yvMa', '2019-05-05 11:51:50', NULL, 1),
	(67, 'aaron80', 'ASN', 'Aaron', 'Sherman', 'chat.link/user?t=0yktt2eah4qp7v', NULL, '4744126282', 'amet, risus. Donec nibh enim, gravida sit amet, dapibus id, blandit at, nisi. Cum sociis natoque penatibus et magnis dis parturient montes, nascetur ridiculus mus. Proin vel nisl. Quisque fringilla euismod enim. Etiam gravida molestie arcu. Sed eu nibh vulputate mauris sagittis placerat. Cras dictum ultricies ligula. Nullam enim. Sed nulla ante, iaculis', '$2y$10$av55NG05GHLC7wdm2Cz7vujZr.BlNFRC/Hqy4rtiOLqcj0kwNT.nC', '2019-02-17 08:28:09', NULL, 1),
	(68, 'vaughan44', 'VCE', 'Vaughan', 'Cole', '', NULL, '1729215285', 'Suspendisse ac metus vitae velit egestas lacinia. Sed congue, elit sed consequat auctor, nunc nulla vulputate dui, nec tempus mauris erat eget ipsum. Suspendisse sagittis. Nullam vitae diam. Proin dolor. Nulla semper tellus id nunc interdum feugiat. Sed nec metus facilisis lorem tristique aliquet. Phasellus fermentum convallis ligula. Donec luctus aliquet odio. Etiam', '$2y$10$wFtHolP.x63LZY.VufhE3eXMVplz1K/9t/Cb2JCL1/0NgS5uocJ5e', '2020-06-25 16:13:14', NULL, 1),
	(69, 'mason31', 'MME', 'Mason', 'Monroe', 'chat.link/user?t=o1defmm0wirbcnv', NULL, '6203654999', 'mus. Proin vel nisl. Quisque fringilla euismod enim. Etiam gravida molestie arcu. Sed eu nibh vulputate mauris sagittis placerat. Cras dictum ultricies ligula. Nullam enim. Sed nulla ante, iaculis nec, eleifend non, dapibus rutrum, justo. Praesent luctus. Curabitur egestas nunc sed libero. Proin sed turpis nec mauris blandit mattis. Cras eget nisi dictum', '$2y$10$IMyvNmM.3iFX9xr.lZIK3OlZKWS1Ymep3pWfvWspx9wwk/8BkT7Ta', '2020-07-19 01:11:13', NULL, 2),
	(70, 'trevor58', 'TJZ', 'Trevor', 'Jimenez', 'chat.link/user?t=6o4q8tr43yz22e', NULL, '4989979192', 'vel nisl. Quisque fringilla euismod enim. Etiam gravida molestie arcu. Sed eu nibh vulputate mauris sagittis placerat. Cras dictum ultricies ligula. Nullam enim. Sed nulla ante, iaculis nec, eleifend non, dapibus rutrum, justo. Praesent luctus. Curabitur egestas nunc sed libero. Proin sed turpis nec mauris blandit mattis. Cras eget nisi dictum augue malesuada', '$2y$10$dySWkGD5L/.N1ELSk/8K6.sQOr6byd9wdbHTcwFHqDdbKN6FyKTmC', '2019-09-20 20:39:46', NULL, 1),
	(71, 'patrick14', 'PTR', 'Patrick', 'Tucker', '', NULL, '7152087410', 'Praesent eu dui. Cum sociis natoque penatibus et magnis dis parturient montes, nascetur ridiculus mus. Aenean eget magna. Suspendisse tristique neque venenatis lacus. Etiam bibendum fermentum metus. Aenean sed pede nec ante blandit viverra. Donec tempus, lorem fringilla ornare placerat, orci lacus vestibulum lorem, sit amet ultricies sem magna nec quam. Curabitur vel', '$2y$10$rELT0kU2rTZBHJeLBwnSZ.Go2o2rV.qesZOMOGpckqBbREXL1TB3C', '2019-12-28 17:18:12', NULL, 1),
	(72, 'james20', 'JCN', 'James', 'Cotton', '', NULL, '6793797614', 'commodo at, libero. Morbi accumsan laoreet ipsum. Curabitur consequat, lectus sit amet luctus vulputate, nisi sem semper erat, in consectetuer ipsum nunc id enim. Curabitur massa. Vestibulum accumsan neque et nunc. Quisque ornare tortor at risus. Nunc ac sem ut dolor dapibus gravida. Aliquam tincidunt, nunc ac mattis ornare, lectus ante dictum mi,', '$2y$10$JIIgH6G4W8X54tZrNDN7duEia0adZgFXL2BaII89YrJcKOTMjKBiq', '2020-03-18 05:57:27', NULL, 1),
	(73, 'alea35', 'AGH', 'Alea', 'Griffith', 'chat.link/user?t=8r7lqqx9zecx', 'alea.griffith@assoc.ch', '1733333337', 'nunc sit amet metus. Aliquam erat volutpat. Nulla facilisis. Suspendisse commodo tincidunt nibh. Phasellus nulla. Integer vulputate, risus a ultricies adipiscing, enim mi tempor lorem, eget mollis lectus pede et risus. Quisque libero lacus, varius et, euismod et, commodo at, libero. Morbi accumsan laoreet ipsum. Curabitur consequat, lectus sit amet luctus vulputate, nisi', '$2y$10$upa11VriRs/jXHgFgHihD.GNqIZramLDBwTNvHo1KeeSodYS23YPu', '2019-07-13 12:15:01', NULL, 1),
	(74, 'emerald92', 'EGS', 'Emerald', 'Gaines', '', 'emerald.gaines@assoc.ch', '6845701938', 'viverra. Maecenas iaculis aliquet diam. Sed diam lorem, auctor quis, tristique ac, eleifend vitae, erat. Vivamus nisi. Mauris nulla. Integer urna. Vivamus molestie dapibus ligula. Aliquam erat volutpat. Nulla dignissim. Maecenas ornare egestas ligula. Nullam feugiat placerat velit. Quisque varius. Nam porttitor scelerisque neque. Nullam nisl. Maecenas malesuada fringilla est. Mauris eu turpis.', '$2y$10$YRaivL92I/sBjBsp4qEQMedVjiIJNcud5vu/uI7P988T2mpzKEHdO', '2019-09-30 07:17:46', NULL, 1),
	(75, 'justin28', 'JRS', 'Justin', 'Rodgers', '', 'justin.rodgers@assoc.ch', '1782264432', 'odio. Nam interdum enim non nisi. Aenean eget metus. In nec orci. Donec nibh. Quisque nonummy ipsum non arcu. Vivamus sit amet risus. Donec egestas. Aliquam nec enim. Nunc ut erat. Sed nunc est, mollis non, cursus non, egestas a, dui. Cras pellentesque. Sed dictum. Proin eget odio. Aliquam vulputate ullamcorper magna. Sed', '$2y$10$QJnsC2Rz0WDcqqmoxCerduIj1PPbalNCn3jNzCVHut.eMJTdJgFJS', '2019-10-30 08:47:31', NULL, 2),
	(76, 'felicia19', 'FBD', 'Felicia', 'Boyd', '', 'felicia.boyd@assoc.ch', '1866061531', 'eu tellus eu augue porttitor interdum. Sed auctor odio a purus. Duis elementum, dui quis accumsan convallis, ante lectus convallis est, vitae sodales nisi magna sed dui. Fusce aliquam, enim nec tempus scelerisque, lorem ipsum sodales purus, in molestie tortor nibh sit amet orci. Ut sagittis lobortis mauris. Suspendisse aliquet molestie tellus. Aenean', '$2y$10$ABKbGnfoKy6joPj0qS5TNu7043XhTatHKFzNpG7hLEQ05RFiFWF4S', '2019-05-01 13:23:39', NULL, 1),
	(77, 'oliver34', 'OCR', 'Oliver', 'Collier', '', NULL, '7348447632', 'lacus vestibulum lorem, sit amet ultricies sem magna nec quam. Curabitur vel lectus. Cum sociis natoque penatibus et magnis dis parturient montes, nascetur ridiculus mus. Donec dignissim magna a tortor. Nunc commodo auctor velit. Aliquam nisl. Nulla eu neque pellentesque massa lobortis ultrices. Vivamus rhoncus. Donec est. Nunc ullamcorper, velit in aliquet lobortis,', '$2y$10$7Pq2zLqjBsMhS0TbqOT1fOngNWTEkr8Xu0CBYmhrFs/Ob4StRDFGq', '2020-07-28 01:56:22', NULL, 4),
	(78, 'jesse37', 'JGY', 'Jesse', 'Gregory', '', 'jesse.gregory@assoc.ch', '5834981333', 'sem. Pellentesque ut ipsum ac mi eleifend egestas. Sed pharetra, felis eget varius ultrices, mauris ipsum porta elit, a feugiat tellus lorem eu metus. In lorem. Donec elementum, lorem ut aliquam iaculis, lacus pede sagittis augue, eu tempor erat neque non quam. Pellentesque habitant morbi tristique senectus et netus et malesuada fames ac', '$2y$10$xZrE51J8JjZR1Mpb/YQjWeXwHzziZwtNe.sua/DtvQtYQ.9xSKoq.', '2019-04-20 04:01:48', NULL, 1),
	(79, 'isabelle13', 'IST', 'Isabelle', 'Sweet', '', NULL, '3803493655', 'amet orci. Ut sagittis lobortis mauris. Suspendisse aliquet molestie tellus. Aenean egestas hendrerit neque. In ornare sagittis felis. Donec tempor, est ac mattis semper, dui lectus rutrum urna, nec luctus felis purus ac tellus. Suspendisse sed dolor. Fusce mi lorem, vehicula et, rutrum eu, ultrices sit amet, risus. Donec nibh enim, gravida sit', '$2y$10$PM4tyb7NPK2yDluq5hPL9.YoFy4QE1hNGbSv0E3KWahkO/ye.rvVm', '2019-09-18 10:29:03', NULL, 2),
	(80, 'barry13', 'BWN', 'Barry', 'Wooten', 'chat.link/user?t=mf1g7w63jhr3', NULL, '9561369610', 'mollis lectus pede et risus. Quisque libero lacus, varius et, euismod et, commodo at, libero. Morbi accumsan laoreet ipsum. Curabitur consequat, lectus sit amet luctus vulputate, nisi sem semper erat, in consectetuer ipsum nunc id enim. Curabitur massa. Vestibulum accumsan neque et nunc. Quisque ornare tortor at risus. Nunc ac sem ut dolor', '$2y$10$PhMkRSEKI6ylYYDPK/uGeOKszX8d.rnkI8VLeJ28Cm/EaRJPnS.qi', '2020-01-03 20:54:13', NULL, 1),
	(81, 'veda12', 'VPE', 'Veda', 'Payne', '', 'veda.payne@assoc.ch', '5183107564', 'in sodales elit erat vitae risus. Duis a mi fringilla mi lacinia mattis. Integer eu lacus. Quisque imperdiet, erat nonummy ultricies ornare, elit elit fermentum risus, at fringilla purus mauris a nunc. In at pede. Cras vulputate velit eu sem. Pellentesque ut ipsum ac mi eleifend egestas. Sed pharetra, felis eget varius ultrices,', '$2y$10$KjlEHpQiNHTojJUzwf99vuE7JjTukr4VW55u7bxP0AE/KVnicssaW', '2019-04-12 23:05:33', NULL, 4),
	(82, 'noah20', 'NBN', 'Noah', 'Brown', '', NULL, '2006545137', 'lacinia mattis. Integer eu lacus. Quisque imperdiet, erat nonummy ultricies ornare, elit elit fermentum risus, at fringilla purus mauris a nunc. In at pede. Cras vulputate velit eu sem. Pellentesque ut ipsum ac mi eleifend egestas. Sed pharetra, felis eget varius ultrices, mauris ipsum porta elit, a feugiat tellus lorem eu metus. In', '$2y$10$vSDjEsJERsjR3VNHB356f.Q2a2aRaq8HOFRcLDZGTHnfTLeoLPUn.', '2020-05-13 22:40:36', NULL, 4),
	(83, 'jeremy61', 'JBN', 'Jeremy', 'Bryan', '', NULL, '4563525413', 'aliquam adipiscing lacus. Ut nec urna et arcu imperdiet ullamcorper. Duis at lacus. Quisque purus sapien, gravida non, sollicitudin a, malesuada id, erat. Etiam vestibulum massa rutrum magna. Cras convallis convallis dolor. Quisque tincidunt pede ac urna. Ut tincidunt vehicula risus. Nulla eget metus eu erat semper rutrum. Fusce dolor quam, elementum at,', '$2y$10$7SPMf8Ul74npA4j5pj0c3.y15vy9zoDdoQUsRGt/jCA6GrE/CrxP2', '2019-01-15 09:07:00', NULL, 0),
	(84, 'quincy66', 'QBS', 'Quincy', 'Burris', 'chat.link/user?t=7ykxwtn6ulk53gy', NULL, '6753784696', 'ut odio vel est tempor bibendum. Donec felis orci, adipiscing non, luctus sit amet, faucibus ut, nulla. Cras eu tellus eu augue porttitor interdum. Sed auctor odio a purus. Duis elementum, dui quis accumsan convallis, ante lectus convallis est, vitae sodales nisi magna sed dui. Fusce aliquam, enim nec tempus scelerisque, lorem ipsum', '$2y$10$teqnCsA0PY/QakirSug/2uB.kLF737rXi3oXhHdGnE/D0LJf27I8q', '2019-11-21 13:43:53', NULL, 1),
	(85, 'zia49', 'ZEA', 'Zia', 'Espinoza', '', 'zia.espinoza@assoc.ch', '9084649047', 'Proin vel nisl. Quisque fringilla euismod enim. Etiam gravida molestie arcu. Sed eu nibh vulputate mauris sagittis placerat. Cras dictum ultricies ligula. Nullam enim. Sed nulla ante, iaculis nec, eleifend non, dapibus rutrum, justo. Praesent luctus. Curabitur egestas nunc sed libero. Proin sed turpis nec mauris blandit mattis. Cras eget nisi dictum augue', '$2y$10$i0gG7URIsP2ujAXuvKfXeefv43tbZLOs8LIWwfaQLpgN1IWQxTFMu', '2019-12-03 03:35:31', NULL, 4),
	(86, 'carson25', 'CBD', 'Carson', 'Byrd', '', 'carson.byrd@assoc.ch', '6574806491', 'pede sagittis augue, eu tempor erat neque non quam. Pellentesque habitant morbi tristique senectus et netus et malesuada fames ac turpis egestas. Aliquam fringilla cursus purus. Nullam scelerisque neque sed sem egestas blandit. Nam nulla magna, malesuada vel, convallis in, cursus et, eros. Proin ultrices. Duis volutpat nunc sit amet metus. Aliquam erat', '$2y$10$DffV9.DYTkSdQd6eymjad./GEM7S6oWZVOWm0trBZzMhw0YcLwVmS', '2019-10-31 20:56:45', NULL, 1),
	(87, 'haley92', 'HCN', 'Haley', 'Cannon', '', NULL, '7335069162', 'Aliquam erat volutpat. Nulla dignissim. Maecenas ornare egestas ligula. Nullam feugiat placerat velit. Quisque varius. Nam porttitor scelerisque neque. Nullam nisl. Maecenas malesuada fringilla est. Mauris eu turpis. Nulla aliquet. Proin velit. Sed malesuada augue ut lacus. Nulla tincidunt, neque vitae semper egestas, urna justo faucibus lectus, a sollicitudin orci sem eget massa.', '$2y$10$T5iagB.eRYct1T3LkoisluDiZR/X6ziIV75nsOeW/sI2Quih/w77a', '2019-06-06 13:20:47', NULL, 4),
	(88, 'kibo91', 'KSD', 'Kibo', 'Sanford', 'chat.link/user?t=jrqypa4dzwk1', 'kibo.sanford@assoc.ch', '6932012346', 'sed consequat auctor, nunc nulla vulputate dui, nec tempus mauris erat eget ipsum. Suspendisse sagittis. Nullam vitae diam. Proin dolor. Nulla semper tellus id nunc interdum feugiat. Sed nec metus facilisis lorem tristique aliquet. Phasellus fermentum convallis ligula. Donec luctus aliquet odio. Etiam ligula tortor, dictum eu, placerat eget, venenatis a, magna. Lorem', '$2y$10$0WfnF4rbidm9E1xMapzuDOGJKkewVKnovfsEQoarx4Npm11maBozK', '2019-11-03 13:43:28', NULL, 1),
	(89, 'travis82', 'TSR', 'Travis', 'Snyder', '', NULL, '8341288653', 'amet risus. Donec egestas. Aliquam nec enim. Nunc ut erat. Sed nunc est, mollis non, cursus non, egestas a, dui. Cras pellentesque. Sed dictum. Proin eget odio. Aliquam vulputate ullamcorper magna. Sed eu eros. Nam consequat dolor vitae dolor. Donec fringilla. Donec feugiat metus sit amet ante. Vivamus non lorem vitae odio sagittis', '$2y$10$g84oM/ZVB.ibuB2PMTJt8OPK0Da8ahA4bSBbXf/5uXm5K6LDTehj6', '2019-12-04 19:33:00', NULL, 2),
	(90, 'nola37', 'NMD', 'Nola', 'Mcleod', '', NULL, '6952627181', 'mi felis, adipiscing fringilla, porttitor vulputate, posuere vulputate, lacus. Cras interdum. Nunc sollicitudin commodo ipsum. Suspendisse non leo. Vivamus nibh dolor, nonummy ac, feugiat non, lobortis quis, pede. Suspendisse dui. Fusce diam nunc, ullamcorper eu, euismod ac, fermentum vel, mauris. Integer sem elit, pharetra ut, pharetra sed, hendrerit a, arcu. Sed et libero.', '$2y$10$StcV2PpAhTXetUPFK4n6IOgoLHxlLKgmy/3ZU6ZmkdRKSFclsakv2', '2020-03-28 01:50:45', NULL, 4),
	(91, 'bert84', 'BLN', 'Bert', 'Lawson', '', 'bert.lawson@assoc.ch', '8675945439', 'sed libero. Proin sed turpis nec mauris blandit mattis. Cras eget nisi dictum augue malesuada malesuada. Integer id magna et ipsum cursus vestibulum. Mauris magna. Duis dignissim tempor arcu. Vestibulum ut eros non enim commodo hendrerit. Donec porttitor tellus non magna. Nam ligula elit, pretium et, rutrum non, hendrerit id, ante. Nunc mauris', '$2y$10$0VmMGrZoX5B1GQmaXeByP.il3iK02haBAZtR4snR0IJkKgacmRP0m', '2020-04-12 17:51:12', NULL, 1),
	(92, 'holmes42', 'HMA', 'Holmes', 'Mendoza', 'chat.link/user?t=iznjlgi7hbnyme', NULL, '6036786476', 'Praesent luctus. Curabitur egestas nunc sed libero. Proin sed turpis nec mauris blandit mattis. Cras eget nisi dictum augue malesuada malesuada. Integer id magna et ipsum cursus vestibulum. Mauris magna. Duis dignissim tempor arcu. Vestibulum ut eros non enim commodo hendrerit. Donec porttitor tellus non magna. Nam ligula elit, pretium et, rutrum non,', '$2y$10$c/EhJLG08DbNPUsF74r.OOBG2S03CCjP8DQShg5L4c2KeKRjVkuYG', '2019-10-23 13:47:04', NULL, 1),
	(93, 'cailin95', 'CFY', 'Cailin', 'Farley', '', 'cailin.farley@assoc.ch', '1132178016', 'sed tortor. Integer aliquam adipiscing lacus. Ut nec urna et arcu imperdiet ullamcorper. Duis at lacus. Quisque purus sapien, gravida non, sollicitudin a, malesuada id, erat. Etiam vestibulum massa rutrum magna. Cras convallis convallis dolor. Quisque tincidunt pede ac urna. Ut tincidunt vehicula risus. Nulla eget metus eu erat semper rutrum. Fusce dolor', '$2y$10$GcqGanXx6opa02U4/grBJeNpOly3ENYAIInfW0qZkKbxjMV6g6wOy', '2020-06-26 15:33:35', NULL, 1),
	(94, 'gannon35', 'GMR', 'Gannon', 'Mueller', 'chat.link/user?t=397q46jnmft6do', 'gannon.mueller@assoc.ch', '4831208098', 'a felis ullamcorper viverra. Maecenas iaculis aliquet diam. Sed diam lorem, auctor quis, tristique ac, eleifend vitae, erat. Vivamus nisi. Mauris nulla. Integer urna. Vivamus molestie dapibus ligula. Aliquam erat volutpat. Nulla dignissim. Maecenas ornare egestas ligula. Nullam feugiat placerat velit. Quisque varius. Nam porttitor scelerisque neque. Nullam nisl. Maecenas malesuada fringilla est.', '$2y$10$kEjXLKAmpBJ3rs0uk8W11.QOMJr5qPKy7v6cadUVznK9BYag1.Yea', '2019-12-27 18:09:22', NULL, 0),
	(95, 'bruno31', 'BKY', 'Bruno', 'Key', '', 'bruno.key@assoc.ch', '8152574250', 'convallis dolor. Quisque tincidunt pede ac urna. Ut tincidunt vehicula risus. Nulla eget metus eu erat semper rutrum. Fusce dolor quam, elementum at, egestas a, scelerisque sed, sapien. Nunc pulvinar arcu et pede. Nunc sed orci lobortis augue scelerisque mollis. Phasellus libero mauris, aliquam eu, accumsan sed, facilisis vitae, orci. Phasellus dapibus quam', '$2y$10$TMjUHrLhvuCHgBcbHotF/uthHaGJN9j7UqO1RxwjRJz65JUtapPTq', '2020-06-03 21:42:52', NULL, 1),
	(96, 'kadeem98', 'KOS', 'Kadeem', 'Owens', '', 'kadeem.owens@assoc.ch', '7422016984', 'Proin eget odio. Aliquam vulputate ullamcorper magna. Sed eu eros. Nam consequat dolor vitae dolor. Donec fringilla. Donec feugiat metus sit amet ante. Vivamus non lorem vitae odio sagittis semper. Nam tempor diam dictum sapien. Aenean massa. Integer vitae nibh. Donec est mauris, rhoncus id, mollis nec, cursus a, enim. Suspendisse aliquet, sem', '$2y$10$871HTNiLPuhiFyIwRuIk7u7bCc2zPaCuzqE2O3JTP74x1HblVyTFq', '2019-09-17 12:32:42', NULL, 1),
	(97, 'jacob23', 'JBR', 'Jacob', 'Baker', '', NULL, '6508507271', 'cursus. Integer mollis. Integer tincidunt aliquam arcu. Aliquam ultrices iaculis odio. Nam interdum enim non nisi. Aenean eget metus. In nec orci. Donec nibh. Quisque nonummy ipsum non arcu. Vivamus sit amet risus. Donec egestas. Aliquam nec enim. Nunc ut erat. Sed nunc est, mollis non, cursus non, egestas a, dui. Cras pellentesque.', '$2y$10$D7Dnb6SGIVmL7xKhSNxXju0CgEWL9q1xSeJhT1CW9tFovCQMo9BUe', '2019-01-24 09:47:49', NULL, 1),
	(98, 'cairo64', 'CRS', 'Cairo', 'Ross', 'chat.link/user?t=9lgr206d7t', 'cairo.ross@assoc.ch', '1932581549', 'consequat, lectus sit amet luctus vulputate, nisi sem semper erat, in consectetuer ipsum nunc id enim. Curabitur massa. Vestibulum accumsan neque et nunc. Quisque ornare tortor at risus. Nunc ac sem ut dolor dapibus gravida. Aliquam tincidunt, nunc ac mattis ornare, lectus ante dictum mi, ac mattis velit justo nec ante. Maecenas mi', '$2y$10$YiF5FQnUzm6FG5FFN64bluzRsCk3qvLHNyTBGsvAm.iI5okQbQycm', '2020-05-08 20:28:54', NULL, 1),
	(99, 'ina84', 'ISS', 'Ina', 'Sanders', '', NULL, '7288428095', 'metus. In nec orci. Donec nibh. Quisque nonummy ipsum non arcu. Vivamus sit amet risus. Donec egestas. Aliquam nec enim. Nunc ut erat. Sed nunc est, mollis non, cursus non, egestas a, dui. Cras pellentesque. Sed dictum. Proin eget odio. Aliquam vulputate ullamcorper magna. Sed eu eros. Nam consequat dolor vitae dolor. Donec', '$2y$10$5t82SR20gMD5EF3ZrrqXGeaKc.CZx7Jv9l0QKvm8MWW5epYmfN9GK', '2019-02-19 21:58:23', NULL, 1),
	(100, 'cameron12', 'CCN', 'Cameron', 'Cannon', 'chat.link/user?t=r6ewmoo3xw', NULL, '6463972434', 'Nulla tincidunt, neque vitae semper egestas, urna justo faucibus lectus, a sollicitudin orci sem eget massa. Suspendisse eleifend. Cras sed leo. Cras vehicula aliquet libero. Integer in magna. Phasellus dolor elit, pellentesque a, facilisis non, bibendum sed, est. Nunc laoreet lectus quis massa. Mauris vestibulum, neque sed dictum eleifend, nunc risus varius orci,', '$2y$10$zdP/4X9KNOyqXpg6/oppkOgUdmmvKRGc3dHsFkh9OO6gece9o42Me', '2020-08-08 23:33:01', NULL, 1);
/*!40000 ALTER TABLE `users` ENABLE KEYS */;

-- Listage des données de la table kanff.works : ~0 rows (environ)
DELETE FROM `works`;
/*!40000 ALTER TABLE `works` DISABLE KEYS */;
/*!40000 ALTER TABLE `works` ENABLE KEYS */;

/*!40101 SET SQL_MODE=IFNULL(@OLD_SQL_MODE, '') */;
/*!40014 SET FOREIGN_KEY_CHECKS=IF(@OLD_FOREIGN_KEY_CHECKS IS NULL, 1, @OLD_FOREIGN_KEY_CHECKS) */;
/*!40101 SET CHARACTER_SET_CLIENT=@OLD_CHARACTER_SET_CLIENT */;
