-- --------------------------------------------------------
-- Hôte :                        127.0.0.1
-- Version du serveur:           8.0.20 - MySQL Community Server - GPL
-- SE du serveur:                Win64
-- HeidiSQL Version:             11.0.0.5978
-- --------------------------------------------------------

-- TEMP VERSION !!!
USE `kanff`;

/*!40101 SET @OLD_CHARACTER_SET_CLIENT=@@CHARACTER_SET_CLIENT */;
/*!40101 SET NAMES utf8 */;
/*!50503 SET NAMES utf8mb4 */;
/*!40014 SET @OLD_FOREIGN_KEY_CHECKS=@@FOREIGN_KEY_CHECKS, FOREIGN_KEY_CHECKS=0 */;
/*!40101 SET @OLD_SQL_MODE=@@SQL_MODE, SQL_MODE='NO_AUTO_VALUE_ON_ZERO' */;

-- Listage des données de la table kanff.competences : ~0 rows (environ)
DELETE FROM `competences`;
/*!40000 ALTER TABLE `competences` DISABLE KEYS */;
/*!40000 ALTER TABLE `competences` ENABLE KEYS */;

-- Listage des données de la table kanff.concern : ~0 rows (environ)
DELETE FROM `concern`;
/*!40000 ALTER TABLE `concern` DISABLE KEYS */;
/*!40000 ALTER TABLE `concern` ENABLE KEYS */;

-- Listage des données de la table kanff.events : ~0 rows (environ)
DELETE FROM `events`;
/*!40000 ALTER TABLE `events` DISABLE KEYS */;
/*!40000 ALTER TABLE `events` ENABLE KEYS */;

-- Listage des données de la table kanff.get : ~0 rows (environ)
DELETE FROM `get`;
/*!40000 ALTER TABLE `get` DISABLE KEYS */;
/*!40000 ALTER TABLE `get` ENABLE KEYS */;

-- Listage des données de la table kanff.groups : ~13 rows (environ)
DELETE FROM `groups`;
/*!40000 ALTER TABLE `groups` DISABLE KEYS */;
INSERT INTO `groups` (`id`, `name`, `description`, `context`, `prerequisite`, `email`, `image`, `restrict_access`, `chat_link`, `drive_link`, `status`, `state`, `visibility`, `creator_id`, `creation_date`) VALUES
	(1, 'GT Finances', 'Ce groupe s\'occupe de gérer les finances de l\'association. Il gère les dons, les dépenses, les demandes d\'argent, et gère le compte bancaire.', 'Ce groupe a été créé après un problème avec les finances. Le problème était que trop peu de personnes s\'en occupaient.', 'Connaissances minimales en comptabilité requises. Le reste peu être appris sur le tas si vous voulez vous intégrer dans ce groupe. De la rigueur administrative est aussi de mise.', NULL, 'group_5ecjoxx4zzza8cni2zv4t523buef6n.jpg', 0, 'chat.link/join?v=ecj5bsuqx315tfd', 'drive.link/open?f=lni22jgvken2tokwfazj3tw5d29r5xvf5cg00s0kwod7wqtlprs2s8c53iotdafatgnpkb', 'Travail une fois par mois pour les tâches répétitives', 0, 3, 67, '2020-06-06 06:16:05'),
	(2, 'GT Réflexion interne', 'Groupe pour réfléchir au fonctionnement interne.', 'Différentes tensions entre certains membres.', 'A partir du moment que vous avez constaté ou pu expérimenter des problèmes internes dans l\'organisation et la structure, vous êtes aptes à travailler dans ce groupe.', NULL, 'group_oivabk34kanwygt3vywoeplzf0lqox.jpg', 0, 'chat.link/join?v=mz0d274pgdwn', 'drive.link/open?f=hia9i38mveqq65a7t7tbr7cwtsa4jxsl35vaun42nbndjmz78lv270g0e', '', 1, 3, 88, '2020-01-30 17:49:21'),
	(3, 'Coordination', 'Coordination générale. Fait des AG toutes les 2 semaines.', 'Besoin d\'un groupe contenant tout les membres.', 'Lorem ipsum dolor sit amet, consectetur adipiscing elit. Et summatim quidem haec erant de corpore animoque dicenda, quibus quasi informatum est quid hominis natura postulet. Ut pompa, ludis atque eius modi spectaculis teneantur ob eamque rem vel famem et sitim perferant? Quid igitur, inquit, eos responsuros putas? Nam diligi et carum esse iucundum est propterea, quia tutiorem vitam et voluptatem pleniorem efficit. Nobis Heracleotes ille Dionysius flagitiose descivisse videtur a Stoicis propter', NULL, 'group_ufgdaawfard697vev4q7biit5onz1v.jpg', 1, 'chat.link/join?v=p4yt2mosm93ut9', 'drive.link/open?f=gc9vv4hsidugtw6q6zrpvpkaj2hl6i1kvllb7sr4r94i6xacbsesr', '', 1, 3, 11, '2019-02-04 01:43:00'),
	(4, 'GT Journal', 'Collaboration avec un journal régional mensuel pour un prochain numéro consacré à l\'association. Le journal sera publié fin mai.', 'Envie de prendre place dans l\'espace médiatique et de se faire connaître...', 'Aimer écrire ou dessiner. Les textes sont travaillés très longtemps avant d\'arriver dans leur phase finale.', NULL, NULL, 0, 'chat.link/join?v=zpb6mlauy968d', 'drive.link/open?f=c8woa4heg1ea3z625xdbsjyfj97gsd7hfdezgphol0jrbh4p5r5', 'En pause pour cause du covid et reporté en septembre.', 1, 3, 11, '2019-11-13 21:25:15'),
	(5, 'GT Festival', 'Organise les "festivals" annuels de l\'association.', '', 'Lorem ipsum dolor sit amet, consectetur adipiscing elit. Sed eum qui audiebant, quoad poterant, defendebant sententiam suam. Atqui iste locus est, Piso, tibi etiam atque etiam confirmandus, inquam; Duo Reges: constructio interrete. Fadio Gallo, cuius in testamento scriptum esset se ab eo rogatum ut omnis hereditas ad filiam perveniret. Qui convenit? Tenesne igitur, inquam, Hieronymus Rhodius quid dicat esse summum bonum, quo putet omnia referri oportere? At iam decimum annum in spelunca iacet.', NULL, 'group_2mzics1tk66xw6d3q6hsqmplj4pqud.jpg', 0, 'chat.link/join?v=57qxz0toryslet', 'drive.link/open?f=ne177qziwksl4marknqwzd2pwng2d94f6am7r5mirka9osyexpkc7jihoew8p84thau9e1', '', 1, 4, 21, '2019-07-20 21:58:53'),
	(6, 'GT Multimédia', 'Crée tous les design et médias dont l\'association a besoin. Affiches, vidéos, photos, montages, ...', 'Rassemblement des personnes créatives de l\'association.', 'Lorem ipsum dolor sit amet, consectetur adipiscing elit. Quid enim est a Chrysippo praetermissum in Stoicis? Superiores tres erant, quae esse possent, quarum est una sola defensa, eaque vehementer. In sapientem solum cadit, isque finis bonorum, ut ab ipsis Stoicis scriptum videmus, a Xenocrate atque ab Aristotele constitutus est. Levatio igitur vitiorum magna fit in iis, qui habent ad virtutem progressionis aliquantum. \n\n', NULL, 'group_2fg2k8ip25uujr77t4tfyegn4puusp.jpg', 0, 'chat.link/join?v=69tx1iuc1inczj', 'drive.link/open?f=80ows6xpj65z05lqt5u0ptn94im80rxfh1vyqa1r989ox5iei0pvvkj4o2mcx', 'Peu actif...', 2, 3, 33, '2019-11-15 22:00:06'),
	(7, 'GT Sites web', 'Ce GT s\'occupe des sites web et de leur maintenance.', 'Besoin de connaissances un peu technique et des personnes qui se portent responsables.', NULL, NULL, NULL, 1, 'chat.link/join?v=dkmrk5xnrzz0', 'drive.link/open?f=8j2c8kdfv8jx9uk62l0fu3wx49lcw0eqz2icnt9ms4xznzwqvn7wwg5apkmc3f', 'Travail actif sur le site cantonal...', 1, 3, 42, '2019-11-18 04:53:31'),
	(8, 'GT Communication', 'Gére toute la communication interne et externe de l\'association. Gère les différents réseaux sociaux.', '', NULL, NULL, NULL, 0, 'chat.link/join?v=ol9kkwqvdum', 'drive.link/open?f=7rkj36jnjyqi4g5skqpovh99v4rkhejewbbt8d6p44euolo0uvyi94b4ozic', 'Textes et messages envoyés tous les jours. Très actif pour la réfléxion.', 1, 3, 81, '2020-03-29 16:27:55'),
	(9, 'GT Education', 'Fait des formations en ligne pour des membres internes et externes.', 'Volonté de se former au thèmes de l\'association.', 'Lorem ipsum dolor sit amet, consectetur adipiscing elit. Qui autem esse poteris, nisi te amor ipse ceperit? Bonum incolumis acies: misera caecitas. Potius inflammat, ut coercendi magis quam dedocendi esse videantur. Item de contrariis, a quibus ad genera formasque generum venerunt. \n\n', NULL, NULL, 0, 'chat.link/join?v=971soz2yi5822', 'drive.link/open?f=mrcj4s7dv2huer76jqx3h0tqobkh8oj9swrtip1j732ibz1v0b4cc7ewv7', 'Formations intenses entre le 15 et le 23. Ensuite pause.', 1, 3, 67, '2020-05-11 15:43:09'),
	(10, '"GT" relations externes', 'Permet de gérer les relations externes, que ce soit les médias, la presse, les demandes d\'interview, ...', 'Beaucoup de demandes d\'interview après le festival 2019.', 'Lorem ipsum dolor sit amet, consectetur adipiscing elit. Tollitur beneficium, tollitur gratia, quae sunt vincla concordiae. Eadem nunc mea adversum te oratio est. Quae qui non vident, nihil umquam magnum ac cognitione dignum amaverunt. Sed haec quidem liberius ab eo dicuntur et saepius. Duo Reges: constructio interrete. Huic verbo omnes, qui ubique sunt, qui Latine sciunt, duas res subiciunt, laetitiam in animo, commotionem suavem iucunditatis in corpore. Bonum negas esse divitias, praeposìtu', NULL, NULL, 1, 'chat.link/join?v=flq6rnw8em', 'drive.link/open?f=2qp6lnt8e9tr2kzyinc3bnzcgfq7o3m0qxhyw2xntgerktk2rhs4qf6tu73', '', 1, 3, 11, '2019-06-30 09:33:14'),
	(11, 'GT boîte mail', 'Gestion de la boite mail et réponses aux messages.', '', 'Lorem ipsum dolor sit amet, consectetur adipiscing elit. Inscite autem medicinae et gubernationis ultimum cum ultimo sapientiae comparatur. Sit voluptas non minor in nasturcio illo, quo vesci Persas esse solitos scribit Xenophon, quam in Syracusanis mensis, quae a Platone graviter vituperantur; Praeterea et appetendi et refugiendi et omnino rerum gerendarum initia proficiscuntur aut a voluptate aut a dolore. Ergo, si semel tristior effectus est, hilara vita amissa est? Quod autem magnum dolore', 'mail@assoc.ch', 'group_blwt3uw94psz9n8xtmy1fym3exo8b2.jpg', 0, 'chat.link/join?v=v2cxk2lc1sc5', 'drive.link/open?f=okvhm34uk1aa57x7ceeuai663ule6zlylo3nn1lak5p9r7i3nuhukim5', 'Une personne gère la boite mail par jour et ce tous les jours.', 0, 3, 75, '2019-07-12 08:15:13'),
	(12, 'GT Anniversaire', 'Organisation d\'une fête surprise pour les membres de Assoc. L\'événement doit rester secret jusqu\'à 3 jours avant l\'événement.', 'C\'est le 20ème anniversaire de Assoc le 15 décembre 2020. Cette date doit rester en mémoire.', 'Lorem ipsum dolor sit amet, consectetur adipiscing elit. Deinde qui fit, ut ego nesciam, sciant omnes, quicumque Epicurei esse voluerunt? Materiam vero rerum et copiam apud hos exilem, apud illos uberrimam reperiemus. Commoda autem et incommoda in eo genere sunt, quae praeposita et reiecta diximus; -, sed ut hoc iudicaremus, non esse in iis partem maximam positam beate aut secus vivendi. Similiter sensus, cum accessit ad naturam, tuetur illam quidem, sed etiam se tuetur; Et hi quidem ita non s', NULL, NULL, 1, 'chat.link/join?v=0iw3r0wfv05cl', 'drive.link/open?f=pk1qxqbbxcs4d3vv1eivn3fu3k75ig97pgfsbsrcwiwcx4m9byxhycbneyrefahiqi', 'Constitution du groupe en cours et brainstorm des idées sur le déroulement de la fête.', 3, 1, 82, '2020-07-16 17:00:01'),
	(13, 'GT Bien-être', 'S\'occupe de gérer les conflits à l\'interne et de veiller au bien-être de chaque membre, via la boîte aux lettres.', '', 'Lorem ipsum dolor sit amet, consectetur adipiscing elit. Non potes ergo ista tueri, Torquate, mihi crede, si te ipse et tuas cogitationes et studia perspexeris; Cum salvum esse flentes sui respondissent, rogavit essentne fusi hostes. Sed ad bona praeterita redeamus. Duo Reges: constructio interrete. Praeclare enim Plato: Beatum, cui etiam in senectute contigerit, ut sapientiam verasque opiniones assequi possit. Nihil enim arbitror esse magna laude dignum, quod te praetermissurum credam aut mor', NULL, NULL, 1, 'chat.link/join?v=z4ayurtwr5', 'drive.link/open?f=kuj5lbzipju2vj3vz8n73sw5tqeuttj14el3n7ifemzr1a3z2uj6x236a', '', 1, 2, 9, '2019-10-22 04:50:06');
/*!40000 ALTER TABLE `groups` ENABLE KEYS */;

-- Listage des données de la table kanff.join : ~628 rows (environ)
DELETE FROM `join`;
/*!40000 ALTER TABLE `join` DISABLE KEYS */;
INSERT INTO `join` (`id`, `user_id`, `group_id`, `start`, `end`, `state`, `admin`) VALUES
	(1, 1, 12, '2019-09-25 09:19:57', NULL, 8, 0),
	(2, 1, 9, '2020-02-01 11:46:55', NULL, 8, 0),
	(3, 1, 1, '2020-09-22 23:57:58', NULL, 8, 0),
	(4, 1, 4, '2019-11-29 12:26:37', NULL, 8, 0),
	(5, 1, 2, '2019-10-28 10:10:56', NULL, 8, 0),
	(6, 1, 6, '2019-01-17 00:18:36', NULL, 8, 0),
	(7, 1, 3, '2020-08-31 19:38:42', NULL, 7, 0),
	(8, 1, 7, '2020-05-08 00:33:52', NULL, 8, 0),
	(9, 1, 10, '2020-08-06 01:07:12', NULL, 8, 0),
	(10, 1, 13, '2019-11-05 19:23:10', NULL, 8, 0),
	(11, 2, 13, '2019-04-23 11:20:37', NULL, 8, 0),
	(12, 2, 5, '2020-01-06 15:00:48', NULL, 8, 0),
	(13, 3, 8, '2019-10-26 18:08:57', NULL, 8, 0),
	(14, 3, 9, '2019-06-06 03:25:05', NULL, 7, 0),
	(15, 3, 7, '2019-12-01 02:50:02', '2020-07-16 23:16:15', 6, 0),
	(16, 3, 10, '2019-06-11 23:03:41', NULL, 8, 0),
	(17, 3, 11, '2019-03-31 05:10:56', NULL, 8, 0),
	(18, 3, 13, '2020-05-15 00:59:43', NULL, 8, 0),
	(19, 3, 3, '2019-03-15 04:35:14', '2019-12-31 18:28:11', 2, 0),
	(20, 3, 4, '2020-05-23 02:48:58', NULL, 8, 0),
	(21, 3, 5, '2020-01-23 16:24:29', NULL, 8, 0),
	(22, 4, 4, '2020-03-11 19:09:38', NULL, 8, 0),
	(23, 4, 11, '2019-07-16 20:06:46', NULL, 8, 0),
	(24, 4, 13, '2020-07-15 13:56:00', NULL, 8, 0),
	(25, 4, 12, '2020-03-24 10:16:38', NULL, 8, 0),
	(26, 4, 10, '2019-03-14 20:38:12', '2020-08-17 11:25:49', 2, 0),
	(27, 4, 2, '2019-12-10 20:52:26', NULL, 8, 0),
	(28, 4, 8, '2020-03-28 20:10:01', NULL, 8, 0),
	(29, 4, 10, '2020-09-07 23:24:13', '2020-09-18 09:25:06', 2, 0),
	(30, 4, 6, '2019-11-10 17:18:32', '2019-12-31 17:45:24', 3, 0),
	(31, 5, 10, '2020-01-01 17:12:58', NULL, 8, 0),
	(32, 5, 8, '2019-01-17 11:18:52', NULL, 8, 0),
	(33, 5, 12, '2019-05-24 20:58:28', NULL, 8, 0),
	(34, 5, 7, '2020-02-20 09:14:38', NULL, 8, 0),
	(35, 5, 2, '2019-08-22 05:13:51', NULL, 8, 0),
	(36, 6, 13, '2020-09-24 01:40:52', NULL, 8, 0),
	(37, 6, 8, '2020-04-11 04:22:41', NULL, 8, 0),
	(38, 6, 10, '2020-09-14 02:07:46', '2020-09-17 15:48:55', 1, 0),
	(39, 6, 11, '2019-02-24 22:34:06', NULL, 8, 0),
	(40, 7, 10, '2019-02-26 06:40:00', NULL, 8, 0),
	(41, 7, 8, '2020-05-15 22:13:34', NULL, 8, 0),
	(42, 7, 1, '2019-01-20 23:38:40', NULL, 8, 0),
	(43, 7, 12, '2019-05-19 23:07:57', NULL, 8, 0),
	(44, 7, 4, '2019-05-28 04:38:05', NULL, 8, 0),
	(45, 7, 2, '2019-03-23 06:22:44', NULL, 8, 0),
	(46, 8, 6, '2019-09-01 07:53:35', '2020-01-05 13:55:59', 3, 0),
	(47, 8, 8, '2020-01-21 05:12:08', NULL, 8, 0),
	(48, 8, 2, '2020-04-14 05:35:06', NULL, 8, 0),
	(49, 8, 7, '2020-06-19 05:42:20', '2020-06-23 04:15:44', 2, 0),
	(50, 8, 12, '2020-07-27 13:26:47', '2020-08-10 18:09:32', 1, 0),
	(51, 9, 11, '2020-04-21 02:06:13', NULL, 8, 0),
	(52, 9, 12, '2019-02-23 21:21:32', '2019-02-25 16:36:36', 1, 0),
	(53, 9, 7, '2019-10-10 03:15:46', NULL, 8, 0),
	(54, 9, 4, '2019-08-11 15:11:24', NULL, 8, 0),
	(55, 9, 2, '2020-08-12 07:44:46', NULL, 7, 1),
	(56, 9, 1, '2019-01-15 07:16:07', NULL, 7, 0),
	(57, 9, 13, '2019-12-04 02:17:40', NULL, 8, 1),
	(58, 9, 9, '2020-09-26 21:32:16', NULL, 8, 0),
	(59, 9, 5, '2019-04-28 00:34:06', NULL, 8, 0),
	(60, 10, 11, '2020-07-28 16:40:23', NULL, 8, 0),
	(61, 10, 9, '2019-10-03 11:51:36', NULL, 7, 0),
	(62, 10, 8, '2019-09-29 18:43:31', NULL, 8, 0),
	(63, 10, 4, '2020-03-21 09:21:02', NULL, 8, 0),
	(64, 10, 2, '2020-05-05 10:51:56', NULL, 8, 0),
	(65, 10, 13, '2019-02-08 23:21:41', NULL, 8, 0),
	(66, 10, 10, '2019-02-21 15:00:21', NULL, 8, 0),
	(67, 11, 9, '2019-02-06 11:53:35', NULL, 8, 0),
	(68, 11, 8, '2019-06-25 07:40:45', '2020-01-05 12:27:23', 6, 0),
	(69, 11, 3, '2020-09-22 21:01:42', '2020-09-25 22:40:25', 1, 1),
	(70, 11, 8, '2020-05-13 15:26:12', NULL, 8, 0),
	(71, 11, 10, '2020-02-28 04:17:40', '2020-05-14 21:08:52', 2, 1),
	(72, 12, 9, '2020-08-21 03:37:36', NULL, 8, 0),
	(73, 12, 5, '2019-11-29 08:42:13', NULL, 8, 0),
	(74, 12, 4, '2020-07-05 02:23:53', '2020-09-09 09:08:11', 5, 0),
	(75, 13, 2, '2019-11-17 00:21:19', NULL, 8, 0),
	(76, 13, 6, '2020-06-05 23:30:44', NULL, 8, 0),
	(77, 13, 3, '2020-02-12 01:06:45', NULL, 8, 0),
	(78, 13, 7, '2020-06-06 12:10:41', NULL, 8, 1),
	(79, 13, 12, '2019-04-22 00:15:00', NULL, 8, 0),
	(80, 13, 1, '2020-02-16 18:48:34', NULL, 8, 0),
	(81, 13, 8, '2019-07-28 22:53:33', NULL, 8, 1),
	(82, 14, 8, '2020-05-12 00:06:44', '2020-05-12 06:25:59', 4, 0),
	(83, 14, 9, '2020-07-13 17:27:22', '2020-09-21 00:39:06', 4, 0),
	(84, 14, 10, '2019-01-28 07:59:11', NULL, 8, 0),
	(85, 14, 7, '2019-01-10 02:15:34', NULL, 8, 0),
	(86, 14, 4, '2020-07-04 19:36:18', NULL, 8, 0),
	(87, 14, 11, '2019-03-14 09:25:16', NULL, 7, 0),
	(88, 15, 5, '2019-06-23 13:21:47', NULL, 8, 0),
	(89, 15, 1, '2019-10-25 09:44:19', NULL, 7, 0),
	(90, 15, 13, '2019-01-07 07:39:02', NULL, 8, 0),
	(91, 15, 8, '2019-02-18 12:12:25', NULL, 8, 0),
	(92, 15, 2, '2019-06-11 20:38:17', NULL, 8, 0),
	(93, 15, 3, '2019-01-29 20:38:53', NULL, 8, 0),
	(94, 16, 1, '2019-03-07 14:27:07', NULL, 8, 0),
	(95, 16, 12, '2019-07-09 10:08:42', NULL, 8, 0),
	(96, 16, 3, '2019-10-26 04:02:39', NULL, 8, 0),
	(97, 16, 8, '2019-01-10 12:36:51', NULL, 8, 0),
	(98, 16, 7, '2019-11-30 17:20:37', NULL, 8, 0),
	(99, 16, 9, '2019-02-06 21:46:09', NULL, 7, 0),
	(100, 16, 6, '2019-09-26 15:48:48', '2020-01-27 14:07:04', 3, 0),
	(101, 17, 13, '2019-09-26 01:14:58', NULL, 8, 0),
	(102, 17, 12, '2019-10-08 18:54:13', NULL, 8, 0),
	(103, 17, 6, '2019-07-06 15:12:59', NULL, 8, 0),
	(104, 17, 3, '2020-08-16 03:35:09', '2020-09-28 14:57:44', 1, 0),
	(105, 17, 10, '2020-05-14 18:49:15', NULL, 8, 0),
	(106, 17, 8, '2019-01-24 03:30:45', NULL, 8, 0),
	(107, 17, 4, '2020-08-16 01:29:37', NULL, 8, 0),
	(108, 17, 5, '2019-11-11 12:15:16', NULL, 8, 0),
	(109, 18, 12, '2019-05-05 23:48:51', '2020-04-09 03:36:34', 2, 0),
	(110, 18, 7, '2019-06-29 01:32:44', NULL, 8, 0),
	(111, 18, 6, '2019-04-15 06:08:48', NULL, 8, 0),
	(112, 18, 1, '2020-06-20 17:33:46', NULL, 8, 0),
	(113, 18, 3, '2019-11-24 18:57:34', '2020-07-02 23:59:51', 2, 0),
	(114, 18, 3, '2020-07-10 16:22:08', NULL, 8, 0),
	(115, 18, 13, '2019-10-26 00:52:12', NULL, 8, 0),
	(116, 18, 11, '2019-09-07 21:44:16', NULL, 8, 0),
	(117, 18, 8, '2020-06-21 19:51:01', '2020-08-03 17:37:19', 6, 0),
	(118, 19, 2, '2019-04-12 16:47:50', NULL, 7, 0),
	(119, 19, 8, '2019-01-12 07:40:45', '2020-01-10 06:22:03', 4, 0),
	(120, 20, 2, '2020-05-31 11:17:36', NULL, 8, 0),
	(121, 20, 1, '2020-05-14 11:17:29', NULL, 8, 0),
	(122, 20, 13, '2019-08-24 01:03:14', NULL, 8, 0),
	(123, 20, 3, '2019-04-21 11:15:19', '2020-07-23 00:06:34', 6, 0),
	(124, 20, 9, '2020-09-20 06:58:50', NULL, 8, 0),
	(125, 21, 3, '2019-01-06 23:13:04', NULL, 8, 0),
	(126, 21, 12, '2019-01-28 13:06:57', '2019-12-09 11:59:39', 6, 0),
	(127, 21, 8, '2020-08-04 14:33:36', NULL, 8, 0),
	(128, 21, 7, '2019-01-26 04:35:00', NULL, 8, 0),
	(129, 21, 13, '2020-02-26 05:21:14', NULL, 8, 0),
	(130, 22, 4, '2019-09-29 11:29:43', NULL, 7, 0),
	(131, 22, 1, '2020-09-18 17:23:19', NULL, 8, 0),
	(132, 22, 5, '2019-06-24 21:50:57', NULL, 8, 0),
	(133, 22, 3, '2019-06-05 06:14:36', '2019-10-06 10:34:19', 1, 0),
	(134, 22, 12, '2020-07-05 21:22:49', NULL, 8, 0),
	(135, 23, 10, '2019-02-21 08:43:17', NULL, 8, 0),
	(136, 23, 6, '2019-12-01 19:27:32', NULL, 8, 0),
	(137, 23, 11, '2019-05-08 23:09:43', NULL, 8, 0),
	(138, 23, 2, '2019-04-12 04:24:58', NULL, 8, 0),
	(139, 23, 8, '2020-07-22 13:12:26', '2020-08-13 15:27:38', 3, 0),
	(140, 23, 4, '2020-05-08 09:57:11', NULL, 8, 0),
	(141, 23, 3, '2020-03-03 12:40:48', NULL, 8, 0),
	(142, 23, 1, '2020-01-05 20:52:21', NULL, 7, 0),
	(143, 24, 2, '2020-07-28 11:22:18', NULL, 8, 0),
	(144, 24, 11, '2019-05-29 03:24:17', NULL, 8, 0),
	(145, 24, 8, '2020-09-21 03:19:39', NULL, 8, 0),
	(146, 24, 7, '2019-05-03 15:19:18', '2020-03-13 11:21:01', 4, 0),
	(147, 24, 10, '2019-02-17 16:41:41', NULL, 8, 0),
	(148, 25, 2, '2019-01-09 16:13:47', NULL, 8, 0),
	(149, 25, 4, '2019-02-12 22:43:28', NULL, 8, 1),
	(150, 25, 13, '2019-12-03 18:28:00', '2020-01-30 03:40:02', 6, 0),
	(151, 25, 13, '2020-04-11 05:07:41', '2020-07-26 03:27:05', 5, 0),
	(152, 26, 3, '2019-08-15 16:40:39', NULL, 8, 0),
	(153, 26, 8, '2019-07-21 02:20:23', NULL, 8, 0),
	(154, 26, 13, '2020-05-03 19:34:09', '2020-09-27 19:19:44', 1, 0),
	(155, 26, 4, '2020-09-03 03:14:41', NULL, 8, 0),
	(156, 26, 13, '2020-09-28 23:10:16', NULL, 8, 0),
	(157, 27, 6, '2019-12-17 15:12:53', NULL, 8, 0),
	(158, 27, 2, '2019-05-18 07:19:09', NULL, 8, 0),
	(159, 28, 3, '2020-02-07 11:51:08', NULL, 8, 0),
	(160, 28, 7, '2020-03-27 22:33:41', '2020-05-26 07:00:11', 3, 0),
	(161, 28, 10, '2019-11-05 05:12:29', NULL, 8, 0),
	(162, 28, 5, '2019-10-30 15:21:23', NULL, 8, 0),
	(163, 28, 11, '2019-11-10 05:10:43', NULL, 8, 0),
	(164, 28, 8, '2020-08-08 06:13:51', NULL, 8, 0),
	(165, 29, 7, '2020-08-05 12:38:00', '2020-09-15 09:25:42', 3, 0),
	(166, 29, 10, '2019-05-06 21:39:45', NULL, 8, 0),
	(167, 29, 6, '2019-06-01 03:13:51', NULL, 8, 0),
	(168, 29, 7, '2020-09-18 19:24:05', '2020-09-20 21:12:13', 1, 0),
	(169, 29, 8, '2020-01-29 01:38:09', NULL, 8, 0),
	(170, 29, 9, '2019-10-12 17:04:25', '2019-11-23 11:44:28', 4, 0),
	(171, 29, 11, '2019-04-17 00:05:18', NULL, 8, 0),
	(172, 29, 5, '2020-05-19 02:48:06', NULL, 7, 0),
	(173, 30, 8, '2020-04-18 00:59:28', '2020-09-09 01:25:25', 6, 0),
	(174, 30, 5, '2020-02-19 00:02:48', NULL, 8, 0),
	(175, 30, 9, '2019-12-25 12:30:40', NULL, 8, 0),
	(176, 30, 13, '2019-09-06 03:36:08', NULL, 8, 0),
	(177, 30, 2, '2019-07-03 08:13:21', NULL, 8, 0),
	(178, 30, 11, '2019-11-01 01:20:49', NULL, 8, 0),
	(179, 30, 10, '2019-11-03 18:09:28', NULL, 8, 0),
	(180, 30, 8, '2020-09-25 10:38:41', NULL, 7, 0),
	(181, 31, 6, '2020-01-16 04:38:13', NULL, 8, 0),
	(182, 31, 7, '2020-04-23 22:18:58', '2020-08-26 03:48:56', 3, 0),
	(183, 31, 11, '2020-05-20 18:05:22', NULL, 8, 0),
	(184, 32, 3, '2020-06-01 00:32:26', NULL, 8, 0),
	(185, 32, 13, '2020-06-02 05:52:21', NULL, 8, 0),
	(186, 32, 7, '2019-09-20 10:21:48', '2020-02-22 02:17:46', 3, 0),
	(187, 32, 9, '2019-07-08 07:16:31', NULL, 8, 0),
	(188, 32, 6, '2019-12-04 06:05:52', NULL, 8, 0),
	(189, 32, 5, '2019-02-27 13:36:54', NULL, 8, 1),
	(190, 32, 10, '2019-09-11 14:34:13', NULL, 8, 0),
	(191, 32, 2, '2020-01-14 11:27:27', NULL, 8, 0),
	(192, 32, 12, '2020-04-10 22:24:16', '2020-08-27 03:54:19', 3, 0),
	(193, 33, 13, '2020-04-19 14:09:05', '2020-08-24 07:13:07', 3, 0),
	(194, 33, 12, '2020-04-23 12:29:02', NULL, 8, 1),
	(195, 33, 6, '2019-06-27 11:49:10', NULL, 8, 1),
	(196, 34, 2, '2020-06-09 23:34:13', NULL, 8, 0),
	(197, 34, 6, '2020-04-10 03:00:51', NULL, 8, 0),
	(198, 34, 4, '2019-03-03 20:48:19', NULL, 7, 0),
	(199, 34, 3, '2019-01-14 00:49:07', '2020-03-08 07:33:19', 4, 0),
	(200, 34, 5, '2020-02-18 17:42:56', '2020-04-17 14:23:27', 3, 0),
	(201, 34, 10, '2019-05-04 12:19:47', '2019-12-20 03:09:54', 3, 0),
	(202, 35, 11, '2020-07-31 15:22:23', NULL, 8, 0),
	(203, 35, 3, '2020-06-05 16:40:54', NULL, 8, 0),
	(204, 35, 13, '2020-02-22 02:10:26', '2020-05-18 05:32:35', 2, 0),
	(205, 35, 8, '2020-09-09 06:52:41', NULL, 8, 0),
	(206, 36, 5, '2020-02-06 10:44:27', '2020-07-06 19:15:54', 4, 0),
	(207, 36, 6, '2020-08-26 20:51:20', NULL, 8, 0),
	(208, 36, 8, '2019-08-10 14:00:36', '2020-06-25 04:14:45', 4, 0),
	(209, 36, 8, '2020-09-11 02:58:25', NULL, 7, 0),
	(210, 36, 9, '2020-08-11 10:32:29', NULL, 8, 0),
	(211, 36, 11, '2020-02-27 20:06:47', NULL, 8, 0),
	(212, 36, 2, '2019-07-03 09:20:34', NULL, 8, 0),
	(213, 36, 12, '2020-07-26 06:52:05', NULL, 8, 0),
	(214, 36, 4, '2019-06-22 08:12:13', NULL, 8, 0),
	(215, 37, 3, '2019-12-28 21:34:07', NULL, 8, 0),
	(216, 37, 1, '2020-04-22 10:56:53', NULL, 8, 0),
	(217, 37, 5, '2020-08-30 12:44:23', NULL, 8, 0),
	(218, 37, 9, '2019-06-16 10:39:53', '2019-11-28 16:41:36', 5, 0),
	(219, 38, 6, '2020-02-25 19:29:13', '2020-07-30 21:17:31', 3, 0),
	(220, 38, 10, '2019-02-13 21:02:32', '2020-08-28 16:32:08', 4, 0),
	(221, 38, 7, '2019-06-16 11:02:31', NULL, 8, 0),
	(222, 38, 12, '2020-03-21 06:15:37', NULL, 8, 0),
	(223, 38, 1, '2019-08-03 07:27:19', NULL, 8, 0),
	(224, 38, 2, '2020-07-24 16:10:04', '2020-09-20 02:43:15', 4, 0),
	(225, 38, 4, '2020-05-05 01:04:51', NULL, 8, 0),
	(226, 38, 5, '2020-07-22 22:13:51', '2020-08-19 00:14:01', 5, 0),
	(227, 38, 13, '2020-08-10 02:27:22', '2020-09-17 13:41:07', 4, 0),
	(228, 39, 4, '2019-11-13 16:12:15', NULL, 7, 0),
	(229, 39, 7, '2019-02-10 14:31:00', '2020-05-17 23:20:49', 5, 0),
	(230, 39, 2, '2019-12-16 17:05:43', NULL, 7, 0),
	(231, 39, 10, '2019-06-02 17:08:54', NULL, 8, 0),
	(232, 39, 6, '2019-12-11 12:52:10', NULL, 8, 0),
	(233, 39, 5, '2019-07-01 00:23:23', NULL, 8, 0),
	(234, 39, 13, '2020-03-01 05:50:01', NULL, 7, 0),
	(235, 39, 7, '2020-09-04 01:37:47', '2020-09-06 18:56:11', 4, 0),
	(236, 39, 8, '2020-07-10 02:17:01', NULL, 7, 0),
	(237, 40, 11, '2019-07-24 10:27:05', NULL, 8, 0),
	(238, 40, 8, '2020-09-16 19:25:56', NULL, 8, 0),
	(239, 40, 4, '2019-02-18 20:01:32', NULL, 8, 0),
	(240, 40, 6, '2019-07-02 05:06:13', NULL, 7, 0),
	(241, 40, 12, '2020-09-08 16:43:12', NULL, 8, 0),
	(242, 40, 13, '2019-05-04 15:44:25', NULL, 8, 0),
	(243, 40, 7, '2020-08-25 12:28:48', '2020-10-01 19:40:27', 5, 0),
	(244, 41, 3, '2019-01-08 09:33:50', NULL, 8, 0),
	(245, 41, 5, '2020-08-21 23:44:41', NULL, 8, 0),
	(246, 41, 8, '2019-02-09 20:33:20', NULL, 8, 0),
	(247, 41, 2, '2020-07-04 07:11:08', NULL, 8, 0),
	(248, 41, 6, '2019-12-14 20:33:33', NULL, 8, 0),
	(249, 42, 13, '2019-10-24 05:25:09', NULL, 8, 0),
	(250, 42, 3, '2019-08-17 11:49:31', '2019-09-29 21:34:21', 1, 0),
	(251, 42, 12, '2020-07-24 05:10:15', NULL, 8, 0),
	(252, 42, 9, '2020-03-21 18:56:31', '2020-03-26 22:45:33', 5, 0),
	(253, 42, 2, '2020-04-15 14:17:27', NULL, 8, 0),
	(254, 42, 10, '2020-09-14 11:16:28', '2020-09-20 11:25:25', 2, 0),
	(255, 43, 13, '2020-04-09 07:00:05', NULL, 8, 0),
	(256, 43, 9, '2019-07-02 00:13:27', NULL, 8, 0),
	(257, 43, 7, '2019-06-22 03:00:00', '2020-01-27 13:00:21', 4, 0),
	(258, 43, 2, '2019-01-02 14:19:43', NULL, 8, 0),
	(259, 43, 11, '2019-09-23 19:16:32', NULL, 8, 0),
	(260, 43, 12, '2019-02-07 15:50:51', NULL, 8, 0),
	(261, 43, 6, '2020-09-08 16:08:38', NULL, 8, 0),
	(262, 44, 5, '2019-06-19 05:51:08', NULL, 8, 0),
	(263, 44, 1, '2019-07-31 19:49:02', NULL, 8, 0),
	(264, 44, 7, '2020-07-28 10:27:20', NULL, 8, 0),
	(265, 44, 8, '2020-06-10 09:55:58', NULL, 8, 0),
	(266, 44, 9, '2020-09-15 20:33:48', NULL, 8, 0),
	(267, 44, 4, '2020-04-18 10:51:27', NULL, 8, 0),
	(268, 44, 12, '2019-08-29 23:14:17', '2019-10-25 04:15:27', 1, 0),
	(269, 44, 6, '2020-07-29 14:21:27', NULL, 8, 0),
	(270, 44, 10, '2019-12-08 22:00:40', '2020-03-04 03:13:17', 1, 0),
	(271, 44, 11, '2019-10-02 13:15:28', NULL, 8, 1),
	(272, 45, 6, '2019-11-05 22:36:56', NULL, 8, 0),
	(273, 45, 1, '2019-06-17 00:19:05', NULL, 8, 0),
	(274, 45, 12, '2020-01-13 13:58:40', '2020-05-20 04:57:08', 1, 0),
	(275, 45, 2, '2019-12-13 02:07:23', NULL, 8, 0),
	(276, 45, 13, '2020-04-01 17:11:55', NULL, 8, 0),
	(277, 45, 8, '2019-12-30 19:30:17', '2020-09-06 19:48:51', 6, 0),
	(278, 45, 4, '2019-06-11 15:44:41', NULL, 8, 0),
	(279, 45, 11, '2019-08-07 14:50:38', NULL, 8, 0),
	(280, 45, 9, '2019-01-04 22:58:57', NULL, 8, 0),
	(281, 45, 7, '2019-11-10 07:18:54', NULL, 7, 0),
	(282, 46, 5, '2019-04-21 08:44:41', NULL, 8, 0),
	(283, 46, 10, '2020-04-10 10:33:44', '2020-04-25 02:35:03', 3, 0),
	(284, 48, 2, '2019-01-06 18:36:52', NULL, 8, 0),
	(285, 48, 12, '2019-12-16 02:46:05', '2020-01-15 14:56:07', 1, 0),
	(286, 48, 12, '2020-01-27 20:33:22', '2020-07-05 16:01:46', 2, 0),
	(287, 48, 11, '2019-05-16 01:14:16', NULL, 8, 0),
	(288, 48, 3, '2019-04-15 22:46:31', NULL, 8, 0),
	(289, 48, 9, '2019-07-24 03:30:11', NULL, 8, 0),
	(290, 48, 7, '2020-09-08 14:53:41', NULL, 8, 0),
	(291, 48, 1, '2019-06-13 09:09:18', '2020-02-19 13:34:02', 5, 0),
	(292, 48, 13, '2019-02-05 11:15:04', '2020-01-16 16:57:51', 3, 0),
	(293, 48, 4, '2019-09-12 20:13:45', NULL, 8, 0),
	(294, 49, 5, '2020-04-05 22:50:42', NULL, 8, 0),
	(295, 49, 13, '2019-09-22 08:22:29', NULL, 7, 0),
	(296, 49, 3, '2019-08-10 19:16:50', NULL, 8, 0),
	(297, 49, 10, '2020-10-02 21:42:12', NULL, 8, 0),
	(298, 49, 9, '2019-04-22 06:56:44', NULL, 8, 0),
	(299, 49, 6, '2019-12-09 19:58:31', NULL, 8, 0),
	(300, 49, 4, '2019-01-13 17:58:38', NULL, 8, 0),
	(301, 49, 11, '2020-01-18 00:28:00', NULL, 8, 0),
	(302, 50, 10, '2019-06-30 04:34:47', NULL, 8, 0),
	(303, 50, 11, '2020-03-08 07:53:03', NULL, 8, 0),
	(304, 50, 3, '2019-10-25 00:51:07', '2020-05-28 21:59:33', 4, 0),
	(305, 50, 5, '2019-06-25 14:44:49', NULL, 8, 0),
	(306, 50, 3, '2020-08-13 06:02:35', NULL, 8, 0),
	(307, 50, 8, '2019-07-14 11:03:54', NULL, 8, 0),
	(308, 50, 12, '2020-05-24 21:13:52', NULL, 8, 0),
	(309, 50, 2, '2020-03-06 19:35:37', NULL, 8, 0),
	(310, 51, 6, '2019-04-21 23:10:44', NULL, 7, 0),
	(311, 51, 7, '2020-07-20 19:32:05', '2020-07-26 03:23:35', 2, 0),
	(312, 51, 8, '2020-05-17 11:49:18', NULL, 8, 0),
	(313, 51, 9, '2020-04-14 14:45:23', NULL, 8, 0),
	(314, 51, 11, '2020-03-07 11:15:20', NULL, 7, 0),
	(315, 51, 3, '2019-10-02 08:19:10', NULL, 8, 0),
	(316, 51, 2, '2020-04-21 00:38:53', NULL, 8, 0),
	(317, 51, 13, '2019-01-09 23:48:41', NULL, 8, 0),
	(318, 51, 5, '2019-12-06 18:48:33', NULL, 8, 0),
	(319, 51, 7, '2020-08-24 15:33:57', '2020-09-05 06:18:50', 2, 0),
	(320, 52, 4, '2019-03-14 01:55:36', NULL, 8, 0),
	(321, 52, 7, '2019-09-25 11:53:52', NULL, 8, 0),
	(322, 52, 8, '2019-09-14 03:22:31', NULL, 8, 0),
	(323, 52, 1, '2019-05-09 22:25:59', '2019-06-16 03:01:29', 6, 0),
	(324, 52, 3, '2019-07-14 12:40:59', NULL, 8, 0),
	(325, 52, 13, '2020-01-22 07:12:30', '2020-04-13 05:12:18', 2, 0),
	(326, 52, 13, '2020-06-23 04:18:04', '2020-09-21 06:09:15', 2, 0),
	(327, 53, 8, '2019-01-10 06:59:19', NULL, 8, 0),
	(328, 53, 4, '2019-11-04 04:24:26', NULL, 8, 0),
	(329, 53, 1, '2019-03-17 17:34:11', NULL, 8, 0),
	(330, 53, 9, '2019-01-22 09:21:17', NULL, 8, 0),
	(331, 53, 2, '2020-01-14 22:32:33', NULL, 8, 0),
	(332, 53, 13, '2019-05-07 15:22:24', NULL, 8, 0),
	(333, 53, 10, '2019-06-19 21:03:13', '2020-07-05 19:14:32', 1, 0),
	(334, 53, 6, '2019-01-08 19:29:22', NULL, 8, 0),
	(335, 53, 11, '2019-05-26 20:24:19', NULL, 8, 0),
	(336, 54, 4, '2020-09-20 10:28:19', NULL, 8, 0),
	(337, 54, 5, '2020-08-23 06:11:27', NULL, 8, 0),
	(338, 54, 11, '2019-06-23 06:52:06', NULL, 8, 0),
	(339, 54, 6, '2020-08-11 12:08:09', NULL, 8, 0),
	(340, 54, 10, '2019-08-16 23:41:16', NULL, 8, 0),
	(341, 54, 8, '2019-11-15 02:55:31', NULL, 7, 0),
	(342, 54, 1, '2019-05-25 22:13:50', NULL, 7, 0),
	(343, 54, 2, '2019-05-12 13:47:39', NULL, 8, 0),
	(344, 54, 13, '2019-06-10 10:18:18', NULL, 8, 0),
	(345, 55, 8, '2020-09-28 00:03:10', '2020-10-02 01:55:13', 3, 0),
	(346, 55, 5, '2019-10-20 13:03:26', NULL, 7, 0),
	(347, 55, 6, '2020-04-27 16:10:36', NULL, 8, 0),
	(348, 55, 3, '2019-09-11 20:15:57', NULL, 8, 0),
	(349, 55, 12, '2019-01-08 12:51:17', '2019-06-03 01:29:15', 1, 0),
	(350, 55, 7, '2020-06-22 01:52:59', NULL, 8, 0),
	(351, 55, 1, '2020-10-02 17:00:58', NULL, 8, 0),
	(352, 55, 4, '2019-05-25 08:31:57', NULL, 8, 0),
	(353, 55, 10, '2019-09-30 08:27:19', NULL, 8, 0),
	(354, 55, 11, '2019-04-18 20:28:53', NULL, 8, 0),
	(355, 56, 10, '2019-03-24 02:53:15', NULL, 8, 0),
	(356, 56, 6, '2020-10-02 04:03:31', NULL, 8, 0),
	(357, 56, 3, '2019-07-15 08:07:02', NULL, 8, 0),
	(358, 56, 1, '2020-05-21 02:41:28', '2020-09-16 13:24:18', 3, 0),
	(359, 56, 9, '2020-06-30 01:41:01', NULL, 8, 0),
	(360, 57, 9, '2020-05-17 19:28:51', NULL, 8, 0),
	(361, 57, 2, '2020-05-13 02:36:48', NULL, 8, 0),
	(362, 57, 6, '2020-05-10 04:55:16', NULL, 8, 0),
	(363, 57, 8, '2019-04-02 17:14:34', NULL, 8, 0),
	(364, 57, 4, '2019-10-28 18:09:31', '2020-06-30 18:02:43', 4, 0),
	(365, 57, 13, '2020-01-05 20:32:30', NULL, 8, 0),
	(366, 57, 7, '2019-07-19 02:36:53', NULL, 8, 0),
	(367, 57, 12, '2020-05-01 15:03:14', NULL, 8, 0),
	(368, 57, 3, '2019-07-11 08:04:52', '2019-10-16 22:37:51', 4, 0),
	(369, 58, 9, '2020-04-03 20:38:29', NULL, 8, 0),
	(370, 58, 2, '2020-04-06 23:39:03', NULL, 7, 0),
	(371, 58, 7, '2020-05-12 02:45:34', NULL, 8, 0),
	(372, 58, 10, '2020-09-27 06:18:33', NULL, 8, 0),
	(373, 58, 3, '2019-07-14 16:43:42', NULL, 8, 0),
	(374, 58, 1, '2019-05-28 01:44:14', NULL, 8, 0),
	(375, 58, 13, '2019-08-14 15:50:52', NULL, 8, 0),
	(376, 59, 11, '2019-07-31 16:53:46', NULL, 7, 0),
	(377, 59, 2, '2020-07-09 23:22:50', '2020-07-22 07:20:55', 6, 0),
	(378, 59, 4, '2020-06-03 07:53:29', NULL, 8, 0),
	(379, 59, 2, '2020-07-24 03:26:01', NULL, 8, 0),
	(380, 59, 3, '2019-02-09 15:44:13', NULL, 8, 0),
	(381, 60, 5, '2020-02-29 03:09:27', NULL, 8, 0),
	(382, 60, 8, '2019-08-15 11:36:56', '2019-12-03 17:29:41', 4, 0),
	(383, 60, 3, '2020-03-26 17:30:41', NULL, 8, 0),
	(384, 60, 11, '2020-07-10 09:53:19', NULL, 8, 0),
	(385, 60, 10, '2019-01-29 05:04:00', '2019-02-13 17:10:16', 1, 0),
	(386, 60, 4, '2019-07-28 14:25:31', NULL, 8, 0),
	(387, 60, 10, '2020-04-02 02:21:10', '2020-05-17 07:41:38', 1, 0),
	(388, 60, 7, '2020-06-17 09:53:07', '2020-08-12 08:18:49', 5, 0),
	(389, 60, 2, '2019-09-13 00:07:37', NULL, 8, 0),
	(390, 61, 1, '2020-08-18 20:42:19', '2020-08-29 13:32:55', 3, 0),
	(391, 61, 3, '2019-01-12 22:09:46', NULL, 8, 0),
	(392, 61, 12, '2019-09-19 17:46:43', '2020-06-16 00:25:42', 4, 0),
	(393, 62, 3, '2019-05-13 18:44:57', NULL, 8, 1),
	(394, 62, 5, '2020-06-22 07:33:21', NULL, 8, 0),
	(395, 62, 11, '2020-02-05 06:22:39', NULL, 8, 0),
	(396, 62, 10, '2019-08-09 12:46:27', NULL, 8, 0),
	(397, 62, 2, '2020-07-22 04:03:47', NULL, 8, 0),
	(398, 62, 13, '2019-09-27 14:55:55', NULL, 8, 0),
	(399, 62, 9, '2020-02-05 03:46:21', NULL, 8, 0),
	(400, 62, 8, '2019-02-02 22:35:13', '2019-10-14 21:33:36', 5, 0),
	(401, 62, 8, '2020-07-28 06:26:15', NULL, 8, 0),
	(402, 62, 1, '2019-11-22 13:47:11', NULL, 8, 0),
	(403, 63, 1, '2019-09-20 20:23:52', NULL, 8, 0),
	(404, 63, 4, '2019-09-22 06:07:09', NULL, 8, 0),
	(405, 63, 3, '2019-04-11 07:45:54', NULL, 8, 0),
	(406, 63, 10, '2019-07-24 08:58:46', NULL, 8, 0),
	(407, 64, 10, '2019-02-12 02:27:38', NULL, 8, 0),
	(408, 64, 4, '2019-05-05 07:59:10', NULL, 8, 0),
	(409, 64, 3, '2020-09-03 09:06:22', '2020-09-30 18:45:27', 3, 0),
	(410, 64, 13, '2020-03-12 06:56:33', NULL, 8, 1),
	(411, 65, 8, '2019-08-15 23:27:20', '2020-07-08 03:11:00', 3, 0),
	(412, 65, 13, '2019-11-20 19:35:29', NULL, 8, 0),
	(413, 65, 9, '2019-11-05 20:15:33', NULL, 8, 0),
	(414, 65, 10, '2020-09-26 16:36:54', NULL, 8, 0),
	(415, 65, 5, '2020-03-28 21:01:38', NULL, 7, 0),
	(416, 65, 11, '2019-10-06 03:16:47', NULL, 8, 1),
	(417, 66, 4, '2019-02-26 19:58:54', NULL, 8, 0),
	(418, 66, 7, '2020-04-27 19:27:07', NULL, 8, 0),
	(419, 66, 1, '2020-06-11 08:48:32', NULL, 7, 0),
	(420, 66, 5, '2019-01-24 15:40:24', NULL, 8, 0),
	(421, 66, 8, '2019-09-22 23:10:37', NULL, 8, 0),
	(422, 66, 3, '2019-11-13 08:58:43', NULL, 8, 0),
	(423, 66, 12, '2019-08-01 19:33:26', NULL, 7, 0),
	(424, 66, 10, '2019-10-29 18:03:52', '2020-07-04 11:49:46', 4, 0),
	(425, 66, 6, '2020-08-28 08:23:18', '2020-09-25 23:09:44', 5, 0),
	(426, 66, 13, '2019-07-10 10:01:36', '2019-12-27 16:58:14', 4, 0),
	(427, 67, 7, '2019-08-24 22:35:38', '2019-09-10 03:42:09', 1, 0),
	(428, 67, 7, '2020-04-19 11:53:20', '2020-04-29 20:08:33', 2, 0),
	(429, 67, 11, '2019-02-17 16:46:42', NULL, 7, 0),
	(430, 68, 8, '2020-06-06 01:32:45', NULL, 8, 0),
	(431, 68, 9, '2020-02-09 18:16:05', NULL, 8, 0),
	(432, 68, 13, '2020-04-30 17:48:29', NULL, 8, 0),
	(433, 69, 5, '2019-05-07 01:32:45', NULL, 8, 0),
	(434, 69, 12, '2020-03-05 02:09:41', NULL, 8, 0),
	(435, 69, 1, '2020-04-30 14:12:05', NULL, 8, 0),
	(436, 69, 6, '2019-03-31 18:21:11', NULL, 8, 0),
	(437, 69, 2, '2020-01-19 09:19:29', NULL, 8, 1),
	(438, 69, 4, '2020-01-19 08:48:10', NULL, 8, 0),
	(439, 69, 8, '2020-01-13 00:29:57', NULL, 8, 1),
	(440, 70, 6, '2020-06-25 16:02:51', '2020-07-22 05:42:32', 4, 0),
	(441, 70, 3, '2020-08-02 15:10:02', NULL, 8, 0),
	(442, 70, 11, '2019-02-28 08:30:14', '2019-10-09 09:03:19', 5, 0),
	(443, 70, 7, '2019-03-10 12:12:08', NULL, 8, 0),
	(444, 70, 4, '2020-02-27 07:57:11', NULL, 8, 0),
	(445, 70, 12, '2020-09-13 16:38:22', NULL, 8, 0),
	(446, 70, 10, '2020-01-14 15:59:59', NULL, 8, 0),
	(447, 70, 5, '2020-02-10 17:56:04', NULL, 8, 1),
	(448, 70, 6, '2020-08-01 20:12:13', NULL, 8, 0),
	(449, 70, 1, '2019-08-11 18:00:08', NULL, 8, 0),
	(450, 71, 1, '2019-02-26 17:21:55', NULL, 8, 0),
	(451, 71, 11, '2019-11-12 15:46:27', NULL, 8, 0),
	(452, 72, 11, '2019-06-03 23:14:57', NULL, 8, 0),
	(453, 72, 1, '2020-08-11 01:33:54', '2020-09-26 05:57:11', 5, 0),
	(454, 72, 8, '2020-08-29 02:20:27', NULL, 8, 0),
	(455, 72, 10, '2020-01-09 14:00:49', '2020-08-22 03:18:48', 5, 0),
	(456, 72, 3, '2020-07-30 10:40:30', NULL, 8, 0),
	(457, 72, 7, '2019-02-19 10:32:30', NULL, 7, 0),
	(458, 72, 2, '2020-01-25 04:03:20', NULL, 8, 0),
	(459, 72, 9, '2020-07-12 17:35:31', NULL, 8, 0),
	(460, 72, 12, '2019-04-14 08:47:41', NULL, 8, 0),
	(461, 72, 10, '2020-09-26 09:37:08', NULL, 8, 0),
	(462, 73, 11, '2019-01-15 11:17:33', NULL, 8, 0),
	(463, 73, 8, '2019-04-05 21:02:17', NULL, 8, 1),
	(464, 73, 3, '2019-03-13 20:04:15', NULL, 8, 0),
	(465, 73, 12, '2019-08-01 07:08:04', NULL, 8, 0),
	(466, 73, 5, '2019-04-20 19:20:41', NULL, 8, 0),
	(467, 73, 10, '2020-02-07 13:45:33', NULL, 7, 0),
	(468, 74, 8, '2019-06-06 02:48:43', '2019-08-07 01:46:17', 4, 0),
	(469, 74, 7, '2020-09-30 20:12:48', NULL, 8, 0),
	(470, 74, 3, '2019-12-11 00:47:42', NULL, 8, 0),
	(471, 75, 2, '2019-07-30 07:23:19', NULL, 8, 0),
	(472, 75, 5, '2019-05-25 13:03:26', NULL, 8, 1),
	(473, 75, 3, '2020-02-07 16:38:37', NULL, 8, 0),
	(474, 75, 10, '2019-06-13 23:29:10', '2019-06-20 03:12:37', 1, 0),
	(475, 75, 1, '2020-01-03 07:28:00', NULL, 8, 0),
	(476, 75, 13, '2020-01-11 14:22:39', NULL, 8, 0),
	(477, 75, 10, '2019-09-02 17:06:04', '2020-05-17 12:19:41', 5, 0),
	(478, 75, 12, '2019-05-19 22:07:39', NULL, 8, 0),
	(479, 75, 11, '2020-07-24 02:51:56', '2020-07-27 17:23:13', 6, 1),
	(480, 76, 8, '2020-07-03 17:45:23', NULL, 8, 0),
	(481, 76, 12, '2019-04-19 14:57:10', NULL, 8, 0),
	(482, 76, 7, '2019-09-27 09:50:24', NULL, 7, 0),
	(483, 76, 4, '2020-09-06 04:37:46', '2020-09-17 06:32:48', 4, 0),
	(484, 76, 2, '2020-08-27 05:13:10', NULL, 8, 0),
	(485, 76, 10, '2020-05-19 06:49:08', '2020-07-05 21:46:36', 2, 0),
	(486, 77, 6, '2019-12-09 14:02:02', NULL, 8, 0),
	(487, 77, 10, '2019-07-23 22:10:53', '2020-01-16 18:18:51', 1, 0),
	(488, 78, 9, '2020-08-10 22:39:13', NULL, 8, 0),
	(489, 78, 1, '2020-04-08 07:19:33', '2020-07-16 02:54:36', 4, 0),
	(490, 78, 7, '2019-08-16 02:08:21', NULL, 8, 1),
	(491, 78, 1, '2020-09-29 20:30:38', NULL, 8, 0),
	(492, 78, 5, '2020-07-21 22:32:52', NULL, 8, 0),
	(493, 78, 11, '2019-05-23 22:20:21', NULL, 8, 0),
	(494, 78, 13, '2020-08-08 13:43:40', '2020-09-18 09:12:03', 2, 0),
	(495, 78, 4, '2020-04-29 07:46:12', NULL, 8, 0),
	(496, 78, 6, '2019-10-08 03:38:51', NULL, 8, 0),
	(497, 79, 11, '2019-04-21 05:00:10', NULL, 8, 0),
	(498, 79, 12, '2019-04-06 19:27:56', NULL, 8, 0),
	(499, 79, 4, '2019-03-11 03:22:47', '2020-07-28 02:03:37', 3, 0),
	(500, 80, 5, '2020-03-25 00:37:14', '2020-08-19 16:05:30', 5, 0),
	(501, 80, 1, '2019-01-08 11:04:36', '2019-10-18 02:12:31', 3, 0),
	(502, 80, 11, '2019-04-24 07:50:24', '2019-10-16 22:17:02', 4, 0),
	(503, 80, 9, '2020-03-17 12:04:39', '2020-06-27 10:45:08', 4, 0),
	(504, 80, 1, '2019-11-04 19:44:26', NULL, 8, 0),
	(505, 80, 4, '2019-06-15 10:38:10', '2020-06-21 06:01:25', 3, 0),
	(506, 81, 4, '2020-07-18 10:13:29', '2020-08-02 04:45:01', 6, 0),
	(507, 81, 7, '2019-02-25 11:07:14', NULL, 8, 0),
	(508, 81, 9, '2020-06-27 03:41:48', NULL, 8, 0),
	(509, 81, 13, '2019-06-02 00:48:15', NULL, 8, 0),
	(510, 81, 5, '2019-04-30 17:17:56', NULL, 8, 0),
	(511, 81, 1, '2020-03-01 00:30:53', NULL, 8, 0),
	(512, 81, 6, '2020-08-24 02:10:49', NULL, 8, 0),
	(513, 81, 2, '2019-12-30 01:20:15', NULL, 8, 0),
	(514, 81, 12, '2019-05-29 18:34:35', '2019-06-22 02:41:15', 1, 0),
	(515, 81, 11, '2020-09-04 02:59:42', '2020-09-11 12:27:52', 4, 0),
	(516, 82, 13, '2020-09-29 23:47:27', NULL, 7, 0),
	(517, 82, 6, '2019-09-05 23:37:46', NULL, 8, 0),
	(518, 82, 11, '2019-11-24 13:40:09', NULL, 7, 0),
	(519, 82, 7, '2019-02-23 22:12:50', '2020-08-17 17:17:29', 2, 0),
	(520, 82, 12, '2019-06-10 21:18:04', NULL, 8, 1),
	(521, 83, 11, '2019-09-14 03:47:02', NULL, 8, 0),
	(522, 83, 4, '2020-04-28 05:55:09', NULL, 7, 0),
	(523, 83, 7, '2019-07-23 10:04:20', NULL, 8, 0),
	(524, 83, 13, '2020-07-17 20:10:03', '2020-09-01 11:59:56', 2, 0),
	(525, 83, 13, '2020-09-13 19:48:51', NULL, 8, 0),
	(526, 84, 8, '2019-06-11 09:51:42', '2020-01-28 00:26:17', 5, 0),
	(527, 84, 6, '2020-08-13 19:55:02', NULL, 8, 0),
	(528, 84, 12, '2019-09-11 07:10:26', NULL, 8, 0),
	(529, 84, 1, '2020-06-23 21:16:22', NULL, 8, 0),
	(530, 84, 8, '2020-06-19 04:43:36', NULL, 7, 0),
	(531, 84, 9, '2020-08-05 15:32:53', NULL, 8, 0),
	(532, 84, 3, '2019-12-01 03:29:13', '2020-07-20 12:30:01', 6, 0),
	(533, 84, 7, '2019-10-06 12:51:27', '2020-06-27 04:52:39', 2, 0),
	(534, 84, 13, '2019-04-11 12:56:49', NULL, 7, 0),
	(535, 84, 11, '2019-07-22 07:56:49', NULL, 8, 0),
	(536, 85, 12, '2020-07-05 02:43:39', NULL, 7, 0),
	(537, 85, 7, '2019-06-04 00:16:13', NULL, 8, 0),
	(538, 85, 10, '2019-08-09 15:50:40', NULL, 8, 1),
	(539, 86, 5, '2019-03-11 18:22:26', NULL, 8, 0),
	(540, 86, 10, '2020-09-20 23:45:20', NULL, 8, 0),
	(541, 86, 6, '2019-08-20 06:58:04', NULL, 8, 0),
	(542, 86, 13, '2019-11-30 16:19:41', '2020-10-02 04:33:25', 5, 0),
	(543, 86, 11, '2019-12-24 06:46:05', NULL, 8, 0),
	(544, 86, 9, '2019-07-23 21:14:30', '2019-08-06 01:44:38', 3, 0),
	(545, 86, 2, '2020-05-31 10:26:06', NULL, 8, 0),
	(546, 86, 8, '2019-01-09 03:03:23', '2020-06-15 06:01:57', 5, 0),
	(547, 87, 9, '2019-05-29 15:28:57', '2020-03-02 14:04:06', 3, 0),
	(548, 87, 7, '2019-10-02 00:04:15', NULL, 8, 0),
	(549, 87, 4, '2019-10-25 05:06:09', NULL, 8, 0),
	(550, 87, 8, '2020-07-29 08:31:05', NULL, 8, 0),
	(551, 87, 10, '2020-08-31 08:59:38', NULL, 8, 0),
	(552, 87, 12, '2019-08-25 11:28:59', '2019-10-28 00:27:12', 4, 0),
	(553, 87, 13, '2020-07-17 21:34:07', NULL, 7, 0),
	(554, 87, 5, '2020-09-11 13:44:07', NULL, 8, 0),
	(555, 87, 2, '2019-01-30 15:21:04', NULL, 8, 0),
	(556, 88, 3, '2020-04-27 22:48:59', '2020-09-24 20:48:33', 2, 0),
	(557, 88, 2, '2019-07-29 03:19:28', NULL, 8, 1),
	(558, 88, 5, '2020-09-23 05:07:47', NULL, 8, 0),
	(559, 88, 13, '2019-05-05 01:39:49', '2019-09-26 00:52:43', 1, 0),
	(560, 88, 4, '2019-01-08 03:18:44', NULL, 8, 0),
	(561, 88, 12, '2020-04-05 05:12:52', NULL, 8, 0),
	(562, 88, 9, '2020-07-03 13:54:35', NULL, 8, 0),
	(563, 88, 1, '2019-10-13 08:20:43', NULL, 8, 0),
	(564, 88, 11, '2020-07-08 23:48:13', NULL, 8, 0),
	(565, 89, 9, '2019-09-25 11:55:50', NULL, 8, 0),
	(566, 89, 5, '2019-09-02 07:40:48', '2020-01-07 08:01:59', 3, 0),
	(567, 89, 11, '2019-06-30 09:31:45', NULL, 8, 0),
	(568, 89, 13, '2019-09-24 09:01:55', '2019-12-13 22:56:35', 1, 0),
	(569, 90, 10, '2020-05-25 22:53:41', '2020-06-11 06:24:00', 1, 0),
	(570, 90, 11, '2019-10-14 06:54:22', NULL, 8, 0),
	(571, 90, 2, '2019-05-16 05:37:44', NULL, 8, 0),
	(572, 90, 4, '2019-11-11 21:16:04', NULL, 7, 0),
	(573, 90, 12, '2019-02-08 21:06:19', '2020-04-29 08:09:01', 4, 0),
	(574, 90, 5, '2019-06-23 14:05:23', NULL, 8, 0),
	(575, 91, 9, '2020-05-01 02:57:59', NULL, 8, 0),
	(576, 91, 3, '2020-09-07 05:30:52', '2020-09-10 01:56:52', 2, 0),
	(577, 91, 6, '2019-11-21 05:47:06', NULL, 8, 0),
	(578, 91, 10, '2019-03-07 02:38:14', NULL, 8, 0),
	(579, 91, 8, '2020-04-10 19:36:36', NULL, 8, 0),
	(580, 92, 12, '2019-02-13 11:00:06', '2019-07-09 15:10:52', 5, 0),
	(581, 92, 7, '2019-07-08 00:31:45', NULL, 7, 0),
	(582, 92, 1, '2019-09-01 17:34:07', NULL, 8, 0),
	(583, 92, 8, '2020-01-11 15:27:43', NULL, 8, 1),
	(584, 93, 8, '2019-09-11 10:43:14', '2020-07-16 20:37:09', 4, 0),
	(585, 93, 5, '2019-03-25 15:20:56', NULL, 8, 0),
	(586, 93, 13, '2019-07-14 05:05:05', NULL, 8, 0),
	(587, 93, 1, '2019-08-05 01:32:55', NULL, 8, 0),
	(588, 93, 12, '2019-10-06 14:58:46', NULL, 8, 0),
	(589, 94, 8, '2020-06-13 05:34:26', NULL, 8, 0),
	(590, 94, 2, '2019-08-25 08:02:55', NULL, 8, 0),
	(591, 94, 9, '2019-12-30 22:39:01', NULL, 8, 0),
	(592, 94, 5, '2020-06-05 14:21:02', NULL, 8, 0),
	(593, 94, 3, '2019-02-04 13:00:53', NULL, 8, 0),
	(594, 94, 6, '2020-01-10 15:02:49', NULL, 8, 0),
	(595, 94, 12, '2019-07-09 21:04:20', NULL, 8, 0),
	(596, 95, 10, '2019-01-08 17:38:08', NULL, 8, 0),
	(597, 95, 3, '2019-11-15 19:58:37', '2020-03-01 12:46:24', 4, 0),
	(598, 95, 2, '2020-01-07 19:43:31', NULL, 8, 0),
	(599, 95, 9, '2020-09-19 19:10:29', NULL, 7, 0),
	(600, 95, 5, '2019-04-12 00:01:33', NULL, 8, 0),
	(601, 95, 12, '2019-01-28 17:17:37', NULL, 8, 0),
	(602, 95, 6, '2019-05-31 04:54:30', NULL, 8, 0),
	(603, 95, 13, '2019-02-02 06:25:43', '2020-07-11 13:56:48', 1, 0),
	(604, 96, 4, '2019-02-04 05:56:42', '2019-04-21 00:16:57', 4, 0),
	(605, 96, 11, '2019-11-16 10:16:28', NULL, 8, 0),
	(606, 96, 2, '2020-03-19 03:01:19', NULL, 7, 0),
	(607, 96, 4, '2019-04-25 09:32:23', NULL, 8, 0),
	(608, 96, 9, '2019-04-12 09:33:28', NULL, 8, 1),
	(609, 97, 12, '2019-02-19 07:14:21', '2020-03-16 16:35:24', 4, 0),
	(610, 97, 1, '2020-09-26 21:10:22', NULL, 8, 0),
	(611, 97, 6, '2020-04-02 04:18:10', NULL, 8, 0),
	(612, 97, 5, '2019-05-10 02:47:01', NULL, 8, 0),
	(613, 97, 4, '2019-06-06 13:50:32', NULL, 8, 0),
	(614, 98, 9, '2020-02-08 06:37:24', NULL, 8, 0),
	(615, 98, 2, '2019-06-03 22:54:55', NULL, 8, 0),
	(616, 98, 3, '2020-06-06 18:39:45', NULL, 8, 0),
	(617, 99, 1, '2019-05-21 23:30:19', '2020-03-01 17:22:34', 6, 0),
	(618, 99, 10, '2019-12-07 08:46:30', NULL, 8, 0),
	(619, 99, 3, '2019-12-11 21:14:03', '2020-08-19 09:17:57', 1, 0),
	(620, 99, 7, '2020-03-28 10:07:27', NULL, 8, 0),
	(621, 99, 11, '2020-05-15 09:46:55', NULL, 8, 0),
	(622, 99, 8, '2019-11-25 23:25:23', NULL, 8, 0),
	(623, 100, 4, '2019-07-24 15:49:50', NULL, 8, 0),
	(624, 100, 12, '2020-04-15 17:43:09', NULL, 8, 0),
	(625, 100, 11, '2020-10-01 15:49:43', '2020-10-02 00:45:49', 3, 0),
	(626, 100, 7, '2019-03-02 08:44:19', NULL, 8, 0),
	(627, 100, 2, '2020-09-17 02:03:37', NULL, 8, 1),
	(628, 100, 11, '2020-10-03 06:51:02', NULL, 8, 0);
/*!40000 ALTER TABLE `join` ENABLE KEYS */;

-- Listage des données de la table kanff.log : ~0 rows (environ)
DELETE FROM `log`;
/*!40000 ALTER TABLE `log` DISABLE KEYS */;
INSERT INTO `log` (`id`, `title`, `description`, `date`, `creation_date`, `modification_date`, `visible`, `user_id`, `project_id`) VALUES
	(1, 'Démarrage du projet', 'Première réunion du GT Festival pour s\'organiser et planifier le travail pour cette édition 2020. Un brainstorm des idées pour le programme a été fait et noté. L\'entier du GT Festival sera actif. Beaucoup d\'idées et de motivations qui font plaisir à tout le monde. A partir de la fin du Festival 2019, le GT était en pause jusque là, en attente du festival de l\'année suivante... Le travail peut maintenant recommencer intensément.', '2020-05-15 00:00:00', '2020-05-17 17:02:54', NULL, 1, 89, 9),
	(2, 'Choix du thème du projet', 'Après de multiples discussions et votes, le thème du festival a été choisi: "Couleurs et diversité". Un logo en lien avec le thème sera créé.', '2020-05-18 00:00:00', '2020-05-18 00:21:07', '2020-05-21 06:56:32', 1, 83, 9),
	(3, 'Tri éléments programme', 'Toutes les idées notées lors du premier brainstorm ont été passé en revue. Josette s\'est beaucoup renseigné auprès des artistes et potentielles intervenant.e.s. Un premier tri a été fait et validé en réunion du GT Festival (1h).', '2020-05-25 00:00:00', '2020-05-25 05:43:45', NULL, 1, 14, 9),
	(4, 'Démarrage crowdfunding', 'Rapidement le besoin en budget est devenu gros. Contrairement à l\'année passée ou le GT avait fait une demande à la commune, cette année est venu l\'idée de lancer un crowdfunding avec l\'aide du GT Finances, du GT Communication et du GT Multimédia, puisque cela demande énormément de travail et les délais sont court. Un projet incluant ces 4 groupes a donc été créé. Après le tri des éléments du programme, le montant estimé pour payer les artistes et les intervenant.e.s est de 18\'000 CHF.', '2020-05-27 00:00:00', '2020-05-27 18:14:34', NULL, 1, 66, 9),
	(5, 'Répartition du travail', 'La réunion du 05.06.2020 afin de préparer l\'organisation de ce gros projet, a donné lieu a un simple découpage du projet: \n- Le GT Communication et Multimédia s\'occuperont de communiquer sur le festival et de demander au public de soutenir le festival via le crowdfunding. Pour cela une vidéo est prévue avec des images de l\'année passée, un bout du programme, une interview d\'une artiste de l\'année passée. Le GT Multimédia créera le logo "Couleurs et diversité" et créera également des visuels pour les réseaux sociaux. Le GT Communication se chargera de créer une stratégie de communication et s\'occupera de répondre aux demandes des médias.\n- Le GT Finances s\'occupera des comptes et de la mise en place technique du crowdfunding via une plateforme spécialisée. Il tiendra régulièrement au courant sur le montant reçu. \n- Quant au GT Festival, il sera là pour donner les ressources nécessaires aux 2 autres GT, étant déjà très occupé à organiser le festival lui-même.\n\nLes compétences de chaque groupe ont été favorisées, afin de ne pas perdre du temps à se former. Le GT Finances a déjà eu une expérience de crowdfunding.', '2020-06-05 00:00:00', '2020-06-06 00:17:24', '2020-06-06 14:53:41', 1, 46, 2),
	(6, 'Lancement du crowdfunding prévu', 'Le crowdfunding est bientôt prêt à être lancé. Le lancement est prévu pour le 15.06.2020. Le GT Finances est entièrement prêt pour le lancement, tandis que le GT Multimédia finalise la vidéo et commence les visuels. Les visuels devraient être rapidement créé (plus rapidement que la vidéo). Le GT Communication a déjà préparé des messages pour le lancement.', '2020-06-10 00:00:00', '2020-06-11 07:36:00', NULL, 1, 92, 2),
	(7, 'Logo "Couleurs et diversité" validé', 'Durant la réunion du 08.06.2020 (30min) le logo créé par le GT Multimédia a été validé. Le logo représente le thème du festival et sera intégré aux visuels, à la vidéo et au programme.', '2020-06-08 00:00:00', '2020-06-10 12:20:13', NULL, 1, 7, 2),
	(8, 'Taille du groupe d\'organisation', 'Après un premier rassemblement de 3 personnes pour organiser cette anniversaire et une première réunion, il a été décidé que 3 personnes suffisaient pour toute l\'organisation.', '2020-10-16 00:00:00', '2020-10-18 01:17:42', '2020-10-18 03:57:57', 1, 34, 16),
	(9, 'Publication Programme v1', 'Le programme v1 a été publié et est consultable dans le dossier du drive "programme/exports". Il n\'est pas encore en version définitive, mais sera finalisé dans les prochains jours.', '2020-11-25 00:00:00', '2020-11-25 18:09:47', NULL, 1, 95, 16),
	(10, 'Choix du lieu et réservation', 'Après de nombreux débats et recherches du lieu, un lieu a été décidé: Salle du Chateau, Rue du Châle 12 à Chamblasonoi. La salle est réservée pour le 15 et 16 décembre 2020.', '2020-10-30 00:00:00', '2020-10-30 21:47:41', NULL, 0, 97, 16),
	(11, 'Choix du moment de l\'annonce', 'L\'annonce de la fête à tout le collectif sera faite 3 jours avant, c\'est à dire le 12 décembre 2020. Le collectif a été cependant averti qu\'il se passerait quelque chose de spécial ce jour là et que la date doit être réservée dans la mesure du possible.', '2020-11-03 00:00:00', '2020-11-03 14:09:01', NULL, 1, 16, 16),
	(12, 'Création du projet', 'Le GT Festival a besoin de 18\'000 CHF afin d\'organiser son festival. 3 groupes vont donc travailler ensemble pour organiser un crowdfunding.', '2020-05-27 00:00:00', '2020-05-28 00:44:14', NULL, 1, 29, 2);
/*!40000 ALTER TABLE `log` ENABLE KEYS */;

-- Listage des données de la table kanff.notifications : ~0 rows (environ)
DELETE FROM `notifications`;
/*!40000 ALTER TABLE `notifications` DISABLE KEYS */;
/*!40000 ALTER TABLE `notifications` ENABLE KEYS */;

-- Listage des données de la table kanff.own : ~0 rows (environ)
DELETE FROM `own`;
/*!40000 ALTER TABLE `own` DISABLE KEYS */;
/*!40000 ALTER TABLE `own` ENABLE KEYS */;

-- Listage des données de la table kanff.participate : ~0 rows (environ)
DELETE FROM `participate`;
/*!40000 ALTER TABLE `participate` DISABLE KEYS */;
INSERT INTO `participate` (`id`, `group_id`, `project_id`, `start`, `end`, `state`) VALUES
	(1, 1, 1, '2020-10-03 16:40:36', NULL, 3),
	(2, 1, 2, '2018-08-01 11:07:23', NULL, 3),
	(3, 5, 2, '2019-03-12 08:04:36', NULL, 2),
	(4, 6, 2, '2018-12-23 07:53:28', '2020-07-04 07:58:09', 1),
	(5, 11, 2, '2018-08-05 09:16:54', '2019-02-16 03:33:29', 4),
	(6, 4, 2, '2019-07-06 05:05:12', '2019-10-18 04:28:14', 6),
	(7, 7, 2, '2019-04-21 09:32:01', '2019-09-29 21:57:52', 5),
	(8, 8, 2, '2020-07-07 05:24:56', NULL, 2),
	(9, 3, 3, '2020-06-05 14:21:22', NULL, 3),
	(10, 3, 4, '2020-05-13 13:52:46', NULL, 3),
	(11, 2, 5, '2019-10-30 18:36:36', NULL, 3),
	(12, 2, 6, '2018-09-25 10:19:30', NULL, 3),
	(13, 4, 7, '2018-11-19 15:52:47', NULL, 3),
	(14, 4, 8, '2019-09-25 01:17:22', NULL, 3),
	(15, 1, 9, '2020-04-27 18:20:18', NULL, 3),
	(16, 5, 10, '2019-12-10 03:13:53', NULL, 3),
	(17, 6, 11, '2020-05-11 10:57:59', NULL, 2),
	(18, 5, 11, '2019-01-16 13:32:55', NULL, 3),
	(19, 6, 12, '2019-11-11 18:45:16', NULL, 2),
	(20, 8, 12, '2019-08-28 14:54:49', NULL, 3),
	(21, 6, 13, '2019-11-17 10:52:05', NULL, 3),
	(22, 7, 14, '2020-08-03 00:29:58', NULL, 3),
	(23, 9, 15, '2018-08-31 13:27:23', NULL, 3),
	(24, 12, 16, '2020-06-20 09:33:50', NULL, 3);
/*!40000 ALTER TABLE `participate` ENABLE KEYS */;

-- Listage des données de la table kanff.projects : ~13 rows (environ)
DELETE FROM `projects`;
/*!40000 ALTER TABLE `projects` DISABLE KEYS */;
INSERT INTO `projects` (`id`, `name`, `description`, `goal`, `start`, `end`, `state`, `archived`, `importance`, `urgency`, `visible`, `logbook_visible`, `logbook_content`, `responsible_id`, `manager_id`) VALUES
	(1, 'Gestion des finances', 'Travaux à faire pour gérer les dons importants, traiter les demandes de prêt, gérer les dettes, faire des rapports financiers mensuels.', 'Maintenir les rapports à jour tous les mois, améliorer la transparence interne et externe, améliorer le système de dons actuel.', '2020-10-03 16:40:36', '2020-10-03 16:50:06', 3, 0, 3, 2, 1, 1, 'Contient les décisions importantes, rencontres formelles, changements importants et publications de nouvelles version de document.\r\nImportant, signifie que ce qui est décrit dans l\'enregistrement, a un impact sur le travail de plusieurs personnes du projet.', 26, 1),
	(2, 'Crowfunding Festival 2020', 'Campagne de financement participatif pour pouvoir organiser le festival du 14 octobre.', 'Communiquer autour du festival, expliquer les enjeux et les impacts, et inciter les gens à participer au financement participatif. L\'objectif chiffré est de récolter 20\'000 CHF d\'ici au 10 septembre.', '2018-08-01 11:07:23', '2019-11-27 03:02:11', 2, 0, 5, 4, 1, 1, NULL, NULL, 1),
	(3, 'Gestion des communiqués de presse', 'C\'est ici que tous les communiqués de presse qui doivent être validés en coordination seront traités, afin que tout le monde soit au courant et puisse aider si besoin.', 'Assurer la communication à la presse de manière stratégique et réfléchie.', '2020-06-05 14:21:22', '2020-06-10 02:12:31', 5, 0, 3, 2, 1, 0, 'Contient les décisions importantes, rencontres formelles, changements importants et publications de nouvelles version de document.\r\nImportant, signifie que ce qui est décrit dans l\'enregistrement, a un impact sur le travail de plusieurs personnes du projet.', NULL, 3),
	(4, 'Collaboration nationale', 'La collaboration nationale de l\'association n\'est pas aisée (étant dans différentes langues) et demande du temps et de l\'énergie', 'Maintenir le lien au national et se coordonner pour les grandes actions.', '2020-05-13 13:52:46', '2020-06-24 22:48:03', 0, 0, 4, 1, 1, 1, NULL, NULL, 3),
	(5, 'Evolution de la structure et du fonctionnement', 'Réfléxion sur comment faire évoluer la structure et le fonctionnement interne de l\'association. Suite à de nombreuses discussions et débats sur diverses questions structurelles et également sur le fonctionnement du travail, des responsabilités et des outils utilisés, ce projet est important doit être considéré avec sérieux afin de pouvoir s\'attaquer à des problèmes complexes et chronophages.', 'Produire un document approfondi sur tous les problèmes et points relevés à l\'interne, afin de les expliquer et de proposer des solutions. Ce document doit être rendu le 12 juillet au soir, nécessitant donc une importante charge de travail durant ces prochaines semaines.', '2019-10-30 18:36:36', '2020-03-05 17:58:19', 8, 1, 5, 4, 1, 1, 'Contient les décisions importantes, rencontres formelles, changements importants et publications de nouvelles version de document.\r\nImportant, signifie que ce qui est décrit dans l\'enregistrement, a un impact sur le travail de plusieurs personnes du projet.', NULL, 2),
	(6, 'Réfléxion hiérarchie + égalité des genres', 'Réfléchir en groupe aux différentes hiérarchie dans l\'association ainsi qu\'aux problèmes d\'inégalités des genres et de leur representativité, et également comment résoudre partiellement ou totalement ces problèmes afin d\'arriver à plus d\'égalité et de démocratie.', 'Produire un document qui rassemble toutes les réfléxions et solutions, afin d\'en informer les membres, récolter des retours, améliorer le document, puis en discuter en Coordination lors d\'une AG, finalement de faire des propositions concrètes parmi les différentes solutions. La durée du projet ne devrait pas dépasser 1 mois, c\'est à dire fin septembre.', '2018-09-25 10:19:30', '2019-03-01 10:02:12', 2, 0, 3, 4, 1, 1, 'Contient les décisions importantes, rencontres formelles, changements importants et publications de nouvelles version de document.\r\nImportant, signifie que ce qui est décrit dans l\'enregistrement, a un impact sur le travail de plusieurs personnes du projet.', NULL, 2),
	(7, 'Numéro de août', 'Chaque 5 mois, l\'association collabore avec le journal régional afin de produire un numéro spécial. Ce projet concerne le numéro de août. L\'association s\'occupe des contenus du journal et les journalistes de la partie impression, administrative, financière, crédits et organisation de la distribution.', 'Produire une édition de 32 pages qui sera publiée le 25 aoùt, avec des articles, dessins, illustrations et images noir et blanc. Le projet a pour objectif d\'augmenter la visibilité médiatique des sujets traités par l\'association, et de mobiliser pour les actions organisées ces prochains mois.', '2018-11-19 15:52:47', '2020-04-05 15:53:07', 3, 0, 5, 3, 1, 1, 'Contient les décisions importantes, rencontres formelles, changements importants et publications de nouvelles version de document.\r\nImportant, signifie que ce qui est décrit dans l\'enregistrement, a un impact sur le travail de plusieurs personnes du projet.', 37, 4),
	(8, 'Numéro de janvier', 'Chaque 5 mois, l\'association collabore avec le journal régional afin de produire un numéro spécial. Ce projet concerne le numéro de janvier 2021. \n L\'association s\'occupe de pratiquement tous les contenus du journal et les journalistes de l\'édito, de la partie impression, administrative, financière, crédits et organisation de la distribution.\n\n Ce projet est planifié très à l\'avance afin de pas l\'oublier et de commencer à y réfléchir personnellement sur les sujets à aborder et la forme souhaitée. Le travail commencera en septembre. L\'édition étant plus courte, le travail devrait être allégé par rapport à l\'édition de août.', 'Produire une édition de 20 pages qui sera publiée le 30 janvier, avec des articles, dessins, illustrations et images en couleur. Le projet a pour objectif d\'augmenter la visibilité médiatique des sujets traités par l\'association, et de mobiliser pour les actions organisées ces prochains mois.', '2019-09-25 01:17:22', '2020-05-05 00:21:06', 1, 0, 4, 1, 1, 1, NULL, NULL, 4),
	(9, 'Festival 2020', 'Edition 2020 du festival annuel de l\'association qui aura lieu le 14 octobre 2020. Un gros projet comme tous les ans, un programme ambitieux et chargé, des intervenant externes, des films, des conférences, des débats public et entre intervenants, des ateliers, ... \nLe thème de 2020 est la mobilisation, sous toutes les formes, à travers les siècles, en ligne et dans la rue, avec la repression, sous la forme de la désobéissance civile, les réussites et les echecs, ce qu\'il est possible d\'atteindre avec, ...', 'Proposer un maximum de diversités dans la programmation, les événements, tout en se concentrons sur le thème de la mobilisation. Le but est aussi de toucher un maximum de gens de la région sur les problèmatiques qui concerne l\'association.', '2020-04-27 18:20:18', '2020-08-06 13:21:43', 2, 0, 5, 3, 1, 1, 'Contient les décisions importantes, rencontres formelles, changements importants et publications de nouvelles version de document.\r\nImportant, signifie que ce qui est décrit dans l\'enregistrement, a un impact sur le travail de plusieurs personnes du projet.', 93, 1),
	(10, 'Festival 2019', 'Edition 2019 du festival annuel de l\'association qui a eu lieu le 25 octobre 2019. Un premier festival qui sera renouvellera on espère, avec des films et des conférences, mais aussi de la musique, de la restauration et des chaises longues. \nLe thème de 2020 est la grève, sous toutes les formes, à travers les siècles, l\'évolution des risques légaux depuis 1900, ses réussites, le côté émotionnel, ...', 'Organiser un premier festival. Le but est aussi de toucher un maximum de gens de la région sur les problèmatiques qui concerne l\'association. L\'experience aquise servira au festival de l\'année 2020 qui promet d\'être ambitieux.', '2019-12-10 03:13:53', '2020-05-21 21:43:07', 8, 1, 5, 5, 1, 0, 'Contient les décisions importantes, rencontres formelles, changements importants et publications de nouvelles version de document.\r\nImportant, signifie que ce qui est décrit dans l\'enregistrement, a un impact sur le travail de plusieurs personnes du projet.', NULL, 5),
	(11, 'Affiche festival 2020', 'L\'affiche étant médiocre l\'année passée sur le festival 2019, le GT multimédia s\'associe au GT Festival afin de faire un belle affiche pour cette année.', 'Réaliser de A à Z une affiche de bonne qualité pour le 23 septembre 2020 (3 semaines plus tôt). La réalisation comprend: les réfléxions sur le contenu, le design et la création de l\'affiche, la demande de retours à mi parcours, la publication sur les réseaux sociaux et l\'impression papier et la distribution/affichage.', '2019-01-16 13:32:55', '2019-07-28 11:03:36', 3, 0, 3, 1, 1, 1, 'Contient les décisions importantes, rencontres formelles, changements importants et publications de nouvelles version de document.\r\nImportant, signifie que ce qui est décrit dans l\'enregistrement, a un impact sur le travail de plusieurs personnes du projet.', NULL, 5),
	(12, 'Vidéo 1er mai', 'Le 1er mai 2021 c\'est la fête des travailleur.euses. Différentes manifestations seront organisées dans plusieurs villes dans tous le pays. Le projet consiste à filmer les manifestations dans plusieurs villes et d\'en faire une compilation sous la forme d\'un reportage tout en expliquant le contexte historique de cette fête et de ce qu\'elle symbolise aujourd\'hui.', 'Réaliser une vidéo de 5-10 minutes avec les meilleurs images des manifestations et tenter de répondre aux questions suivantes: quelle rôle a cette fête ? Comment est-elle apparue (contexte historique) ? Quelle est sa place et son impact aujourd\'hui ?\n\n La vidéo devrait être publiée sur les réseaux sociaux, maximum 3 jour après le 1er mai, c\'est à dire jusqu\'au 4 mai 2020.', '2019-08-28 14:54:49', '2020-06-02 07:34:12', 1, 0, 3, 4, 0, 1, NULL, NULL, 8),
	(13, 'Podcast convergence des luttes', 'Ce podcast engagé va parler de la convergence des luttes écologiques, féministes, sociales, anti-racistes et autres luttes. Il est prévu que ce podcast contienne entre 4 et 6 épisodes avec différentes thématiques. Les épisodes contiendront des interviews, des explications historiques, un peu de musique, des mises en scène, ... \n\nChaque épisode durera en moyenne 20 minutes et seront publiés à des intervalles régulières d\'environ 1 semaine. Une partie des épisodes seront réalisés avant la publication du premier épisode, une autre partie se fera en parallèle.', 'Parler de l\'importance de la convergence des luttes, parler des liens entre les différentes luttes et mouvements, donner des exemples concrets de mobilisation et de succès suite à des convergences.', '2019-11-17 10:52:05', '2020-01-23 18:42:20', 3, 0, 5, 3, 1, 1, NULL, 66, 6),
	(14, 'Gestion Site Assoc Vaud', 'Gestion du site web: page à créer à chaque événement organisé, communiqués de presse à publier, et informations générales à tenir à jour.', 'Permettre aux personnes intéressées par le collectif de trouver les informations qu\'elles recherchent sur le collectif et qu\'elles aient un moyen de rejoindre.', '2020-08-03 00:29:58', '2020-08-16 03:23:11', 3, 0, 2, 2, 1, 1, NULL, NULL, 7),
	(15, 'Conférence "Changement de système ?"', 'Conférence en ligne de 1h30 environ sur la nécessité de changer de système. Avec divers intervenant.e.s.', 'Organiser cette conférence pour la fin mars 2021 afin de montrer ce que signifie un changement de système et à quoi cela peut ressembler.', '2018-08-31 13:27:23', '2019-07-24 09:30:25', 3, 0, 5, 3, 1, 1, 'Contient les décisions importantes, rencontres formelles, changements importants et publications de nouvelles version de document.\r\nImportant, signifie que ce qui est décrit dans l\'enregistrement, a un impact sur le travail de plusieurs personnes du projet.', NULL, 9),
	(16, '20ème anniversaire', 'Pour bien fêter les 20 ans de Assoc, il faut organiser autre chose que l\'habituel apéro annuel avec discours. Ce projet reste secret pour les membres (sauf pour les personnes du GT Anniversaire du collectifs afin de faire une surprise à la fin. Cette fête ferait office de remerciement aux membres du collectif pour leur engagement et leur temps.', 'Organiser une grande fête dans la salle du Château le 15.12.2020 qui durerait toute la nuit. Inclut dans le programme: musique, présentations des projets de l\'année, anecdotes, sketchs, ...', '2020-06-20 09:33:50', '2020-07-04 05:32:06', 3, 0, 4, 4, 0, 1, NULL, NULL, 12);
/*!40000 ALTER TABLE `projects` ENABLE KEYS */;

-- Listage des données de la table kanff.suscribe : ~0 rows (environ)
DELETE FROM `suscribe`;
/*!40000 ALTER TABLE `suscribe` DISABLE KEYS */;
/*!40000 ALTER TABLE `suscribe` ENABLE KEYS */;

-- Listage des données de la table kanff.tasks : ~0 rows (environ)
DELETE FROM `tasks`;
/*!40000 ALTER TABLE `tasks` DISABLE KEYS */;
/*!40000 ALTER TABLE `tasks` ENABLE KEYS */;

-- Listage des données de la table kanff.users : ~100 rows (environ)
DELETE FROM `users`;
/*!40000 ALTER TABLE `users` DISABLE KEYS */;
INSERT INTO `users` (`id`, `username`, `initials`, `firstname`, `lastname`, `chat_link`, `email`, `phonenumber`, `biography`, `password`, `inscription`, `on_break`, `status`, `state`, `state_modifier_id`, `state_modification_date`) VALUES
	(1, 'josette27', 'JRD', 'Josette', 'Richard', 'chat.link/user?t=k4yhg46m2e5', 'josette.richard@assoc.ch', '3647423253', 'Dans le milieu associatif, depuis 10 ans déjà, je suis à dans assoc depuis 2015 et j\'aide plusieurs heures par semaines. La partie contact médias m\'intéresse beaucoup. Je suis photorgaphe de métier, mais aussi céramiste et je cultive un petit potager...', '$2y$10$reiDwwW0o6nCC8WqB8LiTOCQqtTdIXr8crO4iX38hu3SUqexIv5X6', '2020-08-12 09:02:44', 0, 'Actuellement en vacances, je reviendrai le 15. En cas d\'urgence laissez moi un SMS et je vous rappelerai en soirée.', 4, 1, '2020-09-13 20:13:17'),
	(2, 'vincent59', 'VRT', 'Vincent', 'Rigot', '', 'vincent.rigot@assoc.ch', '9341086846', 'Je suis passionné de litérrature, et la presse me questionne beaucoup aujourd\'hui. Les sujets polémiques ne sont pas les plus intéressants, mais ceux dont on ne parle jamais regorgent d\'informations passionnantes et de récits fabuleux.', '$2y$10$7XYghsVDxePkdRdwG56ShuScadkLFy5ku6LdtdTJL3d0w6Zkv3H9C', '2019-01-06 05:50:28', 0, 'Actuellement en travail intense sur la rédaction d\'un document contenant des réflexions autour du militantisme à l\'époque des Romains!', 3, 1, '2020-06-15 23:33:08'),
	(3, 'megane13', 'MBN', 'Mégane', 'Blan', 'chat.link/user?t=kt9vo4fk6j11', 'megane.blan@assoc.ch', '6747043077', 'Je suis une passionée de festival. J\'en vais 4 fois par mois. Je trouvais le festival de Assoc vraiment génial alors j\'ai voulu venir ajouter mon grain de sel et aider pour la communication. Je suis fan de musique et je joue du violon. Je consacre 5h par semaine à Assoc la plupart de l\'année, et tout mon temps quand il y a le festival...', '$2y$10$PZZ.80pcP2wAPKQ42izNRuoNiKNOpyv8A5fwNPSNZVhsU.qPofLqq', '2019-09-01 06:09:13', 0, 'Encore quelques jours de repos avant de commencer à travailler à fond pour le festival. J\'aimerai que cette édition soit exceptionnelle!', 1, 1, '2020-04-13 00:16:08'),
	(4, 'michel78', 'MCE', 'Michel', 'Charrière', 'chat.link/user?t=xdpkyzu40z0ivt', 'michel.charriere@assoc.ch', '8216199083', 'Je suis nouveau ici et je découvre petit à petit le fonctionnement... Vestibulum ut eros non enim commodo hendrerit. Donec porttitor tellus non magna. Nam ligula elit, pretium et, rutrum non, hendrerit id, ante. Nunc mauris sapien, cursus in, hendrerit consectetuer, cursus et, magna. Praesent interdum ligula eu enim. Etiam imperdiet dictum magna. Ut tincidunt orci quis lectus.', '$2y$10$cNcBTdqZQ12eLsnsEcg7Je/hYDMc6N200nlv.rVfCu8CUtaFd5nB2', '2019-07-29 10:54:06', 0, NULL, 0, 1, NULL),
	(5, 'cassandra26', 'CDO', 'Cassandra', 'De Castro Del Amino', 'chat.link/user?t=yp0d9b2mwpwpzq', NULL, '4577859689', 'velit dui, semper et, lacinia vitae, sodales at, velit. Pellentesque ultricies dignissim lacus. Aliquam rutrum lorem ac risus. Morbi metus. Vivamus euismod urna. Nullam lobortis quam a felis ullamcorper viverra. Maecenas iaculis aliquet diam. Sed diam lorem, auctor quis, tristique ac, eleifend vitae, erat. Vivamus nisi. Mauris nulla. Integer urna. Vivamus molestie dapibus', '$2y$10$7PR8DnjpoJp6Cv.HrbVfF.6wHFV.49m10rLrc6mZYQkZ4ZsW.6joa', '2020-03-15 02:16:08', 0, NULL, 3, 1, '2020-06-14 19:32:58'),
	(6, 'ray71', 'RHS', 'Ray', 'Higgins', '', 'ray.higgins@assoc.ch', '3878082997', 'odio. Nam interdum enim non nisi. Aenean eget metus. In nec orci. Donec nibh. Quisque nonummy ipsum non arcu. Vivamus sit amet risus. Donec egestas. Aliquam nec enim. Nunc ut erat. Sed nunc est, mollis non, cursus non, egestas a, dui. Cras pellentesque. Sed dictum. Proin eget odio. Aliquam vulputate ullamcorper magna. Sed', '$2y$10$78vP8E1PbelohgrGYpBQU.1GBhA9zm2XbJOMdi7f9N/v.b4WZcSYa', '2019-07-27 13:30:30', 0, NULL, 0, 1, NULL),
	(7, 'hanna29', 'HKR', 'Hanna', 'Kramer', 'chat.link/user?t=796l399a0cu', NULL, '5763437769', 'hendrerit a, arcu. Sed et libero. Proin mi. Aliquam gravida mauris ut mi. Duis risus odio, auctor vitae, aliquet nec, imperdiet nec, leo. Morbi neque tellus, imperdiet non, vestibulum nec, euismod in, dolor. Fusce feugiat. Lorem ipsum dolor sit amet, consectetuer adipiscing elit. Aliquam auctor, velit eget laoreet posuere, enim nisl elementum purus,', '$2y$10$kbLXtCjilQsosYJ5v3wWvOsV9RABbdcBJuS021KZFTjC.UuXSqdie', '2020-05-25 08:17:56', 0, NULL, 1, 1, '2020-06-22 09:21:18'),
	(8, 'lenore15', 'LMS', 'Lenore', 'Matthews', 'chat.link/user?t=dbjo91jy4u', 'lenore.matthews@assoc.ch', '1126672543', 'accumsan neque et nunc. Quisque ornare tortor at risus. Nunc ac sem ut dolor dapibus gravida. Aliquam tincidunt, nunc ac mattis ornare, lectus ante dictum mi, ac mattis velit justo nec ante. Maecenas mi felis, adipiscing fringilla, porttitor vulputate, posuere vulputate, lacus. Cras interdum. Nunc sollicitudin commodo ipsum. Suspendisse non leo. Vivamus nibh', '$2y$10$atc/6zPSXRG0atT/lWT9qeMGwIUJW0bfQ10Ewstq5fnyUYOkK8M7S', '2019-03-15 01:57:00', 1, NULL, 1, 1, '2019-12-04 09:33:20'),
	(9, 'dante77', 'DBY', 'Dante', 'Bradley', '', 'dante.bradley@assoc.ch', '4112732656', 'parturient montes, nascetur ridiculus mus. Aenean eget magna. Suspendisse tristique neque venenatis lacus. Etiam bibendum fermentum metus. Aenean sed pede nec ante blandit viverra. Donec tempus, lorem fringilla ornare placerat, orci lacus vestibulum lorem, sit amet ultricies sem magna nec quam. Curabitur vel lectus. Cum sociis natoque penatibus et magnis dis parturient montes,', '$2y$10$p5S0eRp8nR4pJxSJHry3muA9k85gDjNnx3vaCCY8w.NXRdZOAjp5.', '2020-03-03 07:27:23', 1, NULL, 2, 1, '2020-08-11 00:33:01'),
	(10, 'kessie21', 'KGE', 'Kessie', 'Gillespie', 'chat.link/user?t=nlsvytrv86hu4', 'kessie.gillespie@assoc.ch', '2534909397', 'eu dui. Cum sociis natoque penatibus et magnis dis parturient montes, nascetur ridiculus mus. Aenean eget magna. Suspendisse tristique neque venenatis lacus. Etiam bibendum fermentum metus. Aenean sed pede nec ante blandit viverra. Donec tempus, lorem fringilla ornare placerat, orci lacus vestibulum lorem, sit amet ultricies sem magna nec quam. Curabitur vel lectus.', '$2y$10$FlzumR87zvVy1hDQ3rd4L.fT5knj0mSAKH9Kwko2KX21HhP0blyfu', '2020-05-08 22:09:20', 1, NULL, 1, 1, '2020-06-19 07:38:29'),
	(11, 'acton21', 'AJZ', 'Acton', 'Juarez', 'chat.link/user?t=x9xhj2qixvqmw', NULL, '4228793460', 'lectus quis massa. Mauris vestibulum, neque sed dictum eleifend, nunc risus varius orci, in consequat enim diam vel arcu. Curabitur ut odio vel est tempor bibendum. Donec felis orci, adipiscing non, luctus sit amet, faucibus ut, nulla. Cras eu tellus eu augue porttitor interdum. Sed auctor odio a purus. Duis elementum, dui quis', '$2y$10$mDUf0PIctkBOxVkexqwj5ul86d/qX1mtooQkj46FYCsH/eoEi.l1C', '2019-04-19 01:38:43', 0, NULL, 0, 1, NULL),
	(12, 'jasmine33', 'JSN', 'Jasmine', 'Shelton', '', 'jasmine.shelton@assoc.ch', '5886219199', 'nec ante. Maecenas mi felis, adipiscing fringilla, porttitor vulputate, posuere vulputate, lacus. Cras interdum. Nunc sollicitudin commodo ipsum. Suspendisse non leo. Vivamus nibh dolor, nonummy ac, feugiat non, lobortis quis, pede. Suspendisse dui. Fusce diam nunc, ullamcorper eu, euismod ac, fermentum vel, mauris. Integer sem elit, pharetra ut, pharetra sed, hendrerit a, arcu.', '$2y$10$6EQZWn29T3CbYz9JCvZ/V.FQUDOEyTn0w6YZ0s.dZTLiXaJf1UGSu', '2019-12-28 19:58:19', 0, NULL, 1, 1, '2020-09-30 07:58:30'),
	(13, 'quon77', 'QCS', 'Quon', 'Campos', 'chat.link/user?t=gkkqi1711fif', NULL, '5919189915', 'non, lacinia at, iaculis quis, pede. Praesent eu dui. Cum sociis natoque penatibus et magnis dis parturient montes, nascetur ridiculus mus. Aenean eget magna. Suspendisse tristique neque venenatis lacus. Etiam bibendum fermentum metus. Aenean sed pede nec ante blandit viverra. Donec tempus, lorem fringilla ornare placerat, orci lacus vestibulum lorem, sit amet ultricies', '$2y$10$ecueb1F3cvc/pYIzt13O..esKNaNeBZhr7/9/hIj6B.ewV6V.Yeye', '2019-05-17 14:56:18', 0, NULL, 1, 1, '2020-05-10 19:46:43'),
	(14, 'cain99', 'CDS', 'Cain', 'Dejesus', '', 'cain.dejesus@assoc.ch', '7319574451', 'urna justo faucibus lectus, a sollicitudin orci sem eget massa. Suspendisse eleifend. Cras sed leo. Cras vehicula aliquet libero. Integer in magna. Phasellus dolor elit, pellentesque a, facilisis non, bibendum sed, est. Nunc laoreet lectus quis massa. Mauris vestibulum, neque sed dictum eleifend, nunc risus varius orci, in consequat enim diam vel arcu.', '$2y$10$zWpHrE4rnJ.6FRELM85QYe7DdF8Uvyd3bQbs50rlJFhpK0P3jfSxG', '2020-05-06 14:59:58', 0, NULL, 2, 1, '2020-07-07 06:12:40'),
	(15, 'paula30', 'PBY', 'Paula', 'Bradley', '', NULL, '9885506083', 'erat. Etiam vestibulum massa rutrum magna. Cras convallis convallis dolor. Quisque tincidunt pede ac urna. Ut tincidunt vehicula risus. Nulla eget metus eu erat semper rutrum. Fusce dolor quam, elementum at, egestas a, scelerisque sed, sapien. Nunc pulvinar arcu et pede. Nunc sed orci lobortis augue scelerisque mollis. Phasellus libero mauris, aliquam eu,', '$2y$10$twe2PDM70g0i5xzK3uuOD.WVeN0dZVZlBiWVrImu5j5XnNjU/ldyK', '2019-01-09 20:04:27', 0, NULL, 1, 1, '2020-04-19 00:24:26'),
	(16, 'otto73', 'ORZ', 'Otto', 'Rodriguez', 'chat.link/user?t=0u985hy144e85vw', NULL, '4303597972', 'egestas. Aliquam fringilla cursus purus. Nullam scelerisque neque sed sem egestas blandit. Nam nulla magna, malesuada vel, convallis in, cursus et, eros. Proin ultrices. Duis volutpat nunc sit amet metus. Aliquam erat volutpat. Nulla facilisis. Suspendisse commodo tincidunt nibh. Phasellus nulla. Integer vulputate, risus a ultricies adipiscing, enim mi tempor lorem, eget mollis', '$2y$10$nITTbBLk84gTV6CIWuX5He.0sdoRmHivzqAPZq3cnVNlyj3rfRca.', '2020-05-08 02:16:29', 0, NULL, 1, 1, '2020-09-20 16:59:56'),
	(17, 'scott93', 'SCO', 'Scott', 'Carrillo', 'chat.link/user?t=0gcjgg7w8y2u7h', NULL, '3633049189', 'Nullam scelerisque neque sed sem egestas blandit. Nam nulla magna, malesuada vel, convallis in, cursus et, eros. Proin ultrices. Duis volutpat nunc sit amet metus. Aliquam erat volutpat. Nulla facilisis. Suspendisse commodo tincidunt nibh. Phasellus nulla. Integer vulputate, risus a ultricies adipiscing, enim mi tempor lorem, eget mollis lectus pede et risus. Quisque', '$2y$10$5x59zSJl/Xd2MJroLS.2c.j6cZ/z1CveIOhpOkjAagO5rFKb2oZOW', '2020-09-01 07:25:15', 0, NULL, 1, 1, '2020-09-15 14:42:13'),
	(18, 'reuben12', 'RDD', 'Reuben', 'Dillard', '', NULL, '6764503127', 'lobortis quis, pede. Suspendisse dui. Fusce diam nunc, ullamcorper eu, euismod ac, fermentum vel, mauris. Integer sem elit, pharetra ut, pharetra sed, hendrerit a, arcu. Sed et libero. Proin mi. Aliquam gravida mauris ut mi. Duis risus odio, auctor vitae, aliquet nec, imperdiet nec, leo. Morbi neque tellus, imperdiet non, vestibulum nec, euismod', '$2y$10$Jfekie66aoDjRLWCvA62/.W26GIlIZvR/9tkU5DsfAogf6G1nHRny', '2019-01-30 01:48:46', 0, NULL, 1, 1, '2019-03-06 13:44:28'),
	(19, 'pascale65', 'PEN', 'Pascale', 'Emerson', '', NULL, '8822193020', 'Vestibulum ante ipsum primis in faucibus orci luctus et ultrices posuere cubilia Curae; Phasellus ornare. Fusce mollis. Duis sit amet diam eu dolor egestas rhoncus. Proin nisl sem, consequat nec, mollis vitae, posuere at, velit. Cras lorem lorem, luctus ut, pellentesque eget, dictum placerat, augue. Sed molestie. Sed id risus quis diam luctus', '$2y$10$nn3.NLTVwPh.00CPBAcC3OIfyKGli/3Kb1eAwrlVaalcxUmk9U4f6', '2020-07-26 04:18:12', 0, NULL, 4, 19, '2020-09-04 11:08:10'),
	(20, 'jonas18', 'JLN', 'Jonas', 'Leon', '', 'jonas.leon@assoc.ch', '4578783473', 'Quisque imperdiet, erat nonummy ultricies ornare, elit elit fermentum risus, at fringilla purus mauris a nunc. In at pede. Cras vulputate velit eu sem. Pellentesque ut ipsum ac mi eleifend egestas. Sed pharetra, felis eget varius ultrices, mauris ipsum porta elit, a feugiat tellus lorem eu metus. In lorem. Donec elementum, lorem ut', '$2y$10$oIuF27AZBNwXOkfrrCQoyeU5t4SnDMfPKvchKbQACG2Yz2QKTjAce', '2020-07-07 22:48:25', 0, NULL, 4, 19, '2020-07-18 12:57:02'),
	(21, 'yetta42', 'YHR', 'Yetta', 'Hester', '', NULL, '7559383471', 'Sed nec metus facilisis lorem tristique aliquet. Phasellus fermentum convallis ligula. Donec luctus aliquet odio. Etiam ligula tortor, dictum eu, placerat eget, venenatis a, magna. Lorem ipsum dolor sit amet, consectetuer adipiscing elit. Etiam laoreet, libero et tristique pellentesque, tellus sem mollis dui, in sodales elit erat vitae risus. Duis a mi fringilla', '$2y$10$UhuVmLCKrHU6avGFDy8IA..tN/tYjqPwfaqk3Cq1t9iWLH2lYp9tG', '2020-05-03 01:29:35', 0, NULL, 0, 19, NULL),
	(22, 'ria48', 'RGN', 'Ria', 'Griffin', 'chat.link/user?t=jl4vyhsd1mxj', NULL, '4595894219', 'Aenean eget magna. Suspendisse tristique neque venenatis lacus. Etiam bibendum fermentum metus. Aenean sed pede nec ante blandit viverra. Donec tempus, lorem fringilla ornare placerat, orci lacus vestibulum lorem, sit amet ultricies sem magna nec quam. Curabitur vel lectus. Cum sociis natoque penatibus et magnis dis parturient montes, nascetur ridiculus mus. Donec dignissim', '$2y$10$n6NJ4Ibfoq0mYK7FiYdpr..LnVKs1pGRpTJfIROmm.jR7udQss7Ha', '2020-04-15 11:22:57', 0, NULL, 1, 1, '2020-07-31 14:16:07'),
	(23, 'candice78', 'CKE', 'Candice', 'Kane', 'chat.link/user?t=3gryle3oxblm', NULL, '2773524262', 'risus. Donec nibh enim, gravida sit amet, dapibus id, blandit at, nisi. Cum sociis natoque penatibus et magnis dis parturient montes, nascetur ridiculus mus. Proin vel nisl. Quisque fringilla euismod enim. Etiam gravida molestie arcu. Sed eu nibh vulputate mauris sagittis placerat. Cras dictum ultricies ligula. Nullam enim. Sed nulla ante, iaculis nec,', '$2y$10$t6rhZyJPBiGQfEu5xAqmOOWvLH9RgSGRiCMH9XcdHqYiNBjlEhA1W', '2019-06-09 02:05:11', 0, NULL, 1, 20, '2020-05-21 02:28:56'),
	(24, 'shaine33', 'SNS', 'Shaine', 'Nieves', '', NULL, '5318885523', 'mauris, aliquam eu, accumsan sed, facilisis vitae, orci. Phasellus dapibus quam quis diam. Pellentesque habitant morbi tristique senectus et netus et malesuada fames ac turpis egestas. Fusce aliquet magna a neque. Nullam ut nisi a odio semper cursus. Integer mollis. Integer tincidunt aliquam arcu. Aliquam ultrices iaculis odio. Nam interdum enim non nisi.', '$2y$10$XsSVmxvApIbMnO6OAJV7CeNwAta41ma.KMNjEuosfWUS9BknzhmY2', '2019-05-12 21:17:32', 0, NULL, 4, 24, '2020-05-30 19:29:17'),
	(25, 'sawyer68', 'SHR', 'Sawyer', 'Harper', 'chat.link/user?t=uxkh46n8rp0hnmu', NULL, '5336276459', 'nulla at sem molestie sodales. Mauris blandit enim consequat purus. Maecenas libero est, congue a, aliquet vel, vulputate eu, odio. Phasellus at augue id ante dictum cursus. Nunc mauris elit, dictum eu, eleifend nec, malesuada ut, sem. Nulla interdum. Curabitur dictum. Phasellus in felis. Nulla tempor augue ac ipsum. Phasellus vitae mauris sit', '$2y$10$/U/lCAosYEg3QHGZ8Up75.j.J0XviKgRjNS9.hQ0VaNqIfIS2gMOy', '2020-07-10 21:43:45', 0, NULL, 1, 19, '2020-08-08 18:01:56'),
	(26, 'madaline42', 'MRS', 'Madaline', 'Rojas', 'chat.link/user?t=4c2e2puuxqid', NULL, '4334013714', 'interdum ligula eu enim. Etiam imperdiet dictum magna. Ut tincidunt orci quis lectus. Nullam suscipit, est ac facilisis facilisis, magna tellus faucibus leo, in lobortis tellus justo sit amet nulla. Donec non justo. Proin non massa non ante bibendum ullamcorper. Duis cursus, diam at pretium aliquet, metus urna convallis erat, eget tincidunt dui', '$2y$10$o2em4U4x7BKO1UkBtHcRhOUWJJCHKckLlXdDJibgRDsxhmI1uaNWC', '2020-01-20 19:44:10', 0, NULL, 1, 20, '2020-03-28 13:59:08'),
	(27, 'giacomo20', 'GRE', 'Giacomo', 'Reese', 'chat.link/user?t=wgm8rg7h43hye2i', NULL, '7081388382', 'felis. Donec tempor, est ac mattis semper, dui lectus rutrum urna, nec luctus felis purus ac tellus. Suspendisse sed dolor. Fusce mi lorem, vehicula et, rutrum eu, ultrices sit amet, risus. Donec nibh enim, gravida sit amet, dapibus id, blandit at, nisi. Cum sociis natoque penatibus et magnis dis parturient montes, nascetur ridiculus', '$2y$10$q16PUTmxA4LwWi8HqtTCHeqKGbksVZDuQi.da5w04js5MrYgFDgZK', '2019-11-23 21:43:02', 0, NULL, 4, 20, '2019-12-10 00:19:54'),
	(28, 'diana10', 'DJS', 'Diana', 'Jacobs', 'chat.link/user?t=i48cc7ltoro9tf2', NULL, '2967144011', 'magna. Nam ligula elit, pretium et, rutrum non, hendrerit id, ante. Nunc mauris sapien, cursus in, hendrerit consectetuer, cursus et, magna. Praesent interdum ligula eu enim. Etiam imperdiet dictum magna. Ut tincidunt orci quis lectus. Nullam suscipit, est ac facilisis facilisis, magna tellus faucibus leo, in lobortis tellus justo sit amet nulla. Donec', '$2y$10$rKRv3uzCYIoksot37wap3Oup.GrgihFq4oGwWz4n8GdKbsP6IUpAy', '2019-10-10 09:26:32', 0, NULL, 0, 20, NULL),
	(29, 'minerva88', 'MFR', 'Minerva', 'Farmer', '', NULL, '9226768128', 'venenatis a, magna. Lorem ipsum dolor sit amet, consectetuer adipiscing elit. Etiam laoreet, libero et tristique pellentesque, tellus sem mollis dui, in sodales elit erat vitae risus. Duis a mi fringilla mi lacinia mattis. Integer eu lacus. Quisque imperdiet, erat nonummy ultricies ornare, elit elit fermentum risus, at fringilla purus mauris a nunc.', '$2y$10$ZvRhRCptBGz0VokvA4d8zudJqOrplXlg12p/pbzVG3e3IN4kDtaKC', '2020-02-13 22:38:28', 0, NULL, 1, 24, '2020-04-18 13:57:47'),
	(30, 'melyssa80', 'MSS', 'Melyssa', 'Sparks', 'chat.link/user?t=nzfw0thz26yh', NULL, '1525464378', 'dolor sit amet, consectetuer adipiscing elit. Curabitur sed tortor. Integer aliquam adipiscing lacus. Ut nec urna et arcu imperdiet ullamcorper. Duis at lacus. Quisque purus sapien, gravida non, sollicitudin a, malesuada id, erat. Etiam vestibulum massa rutrum magna. Cras convallis convallis dolor. Quisque tincidunt pede ac urna. Ut tincidunt vehicula risus. Nulla eget', '$2y$10$8/QCat6aVqQy.Y3mxEyKCO6qSUtt6lCTVM89mWn5oBWXFxzZYakYK', '2020-06-19 08:41:45', 0, NULL, 1, 24, '2020-06-30 10:04:29'),
	(31, 'anthony84', 'ACS', 'Anthony', 'Cervantes', 'chat.link/user?t=3k7paeuudbl', 'anthony.cervantes@assoc.ch', '3584215157', 'imperdiet dictum magna. Ut tincidunt orci quis lectus. Nullam suscipit, est ac facilisis facilisis, magna tellus faucibus leo, in lobortis tellus justo sit amet nulla. Donec non justo. Proin non massa non ante bibendum ullamcorper. Duis cursus, diam at pretium aliquet, metus urna convallis erat, eget tincidunt dui augue eu tellus. Phasellus elit', '$2y$10$Sr.75ilWbLJFBQjSiuulUui1kodatfWbZiQgeVNRbqrCgDp5soYX.', '2020-06-20 23:23:54', 0, NULL, 1, 24, '2020-09-12 17:24:14'),
	(32, 'josiah52', 'JBS', 'Josiah', 'Burks', '', NULL, '1531389160', 'facilisis lorem tristique aliquet. Phasellus fermentum convallis ligula. Donec luctus aliquet odio. Etiam ligula tortor, dictum eu, placerat eget, venenatis a, magna. Lorem ipsum dolor sit amet, consectetuer adipiscing elit. Etiam laoreet, libero et tristique pellentesque, tellus sem mollis dui, in sodales elit erat vitae risus. Duis a mi fringilla mi lacinia mattis.', '$2y$10$0hqk8kJFz5.azlEEVo5N0u5RsbWL1ot4QKPeA2/UDKv0z0Ph4II/q', '2019-09-18 11:11:00', 0, NULL, 1, 24, '2019-12-23 19:13:36'),
	(33, 'gil77', 'GBT', 'Gil', 'Bartlett', '', NULL, '7863934211', 'libero lacus, varius et, euismod et, commodo at, libero. Morbi accumsan laoreet ipsum. Curabitur consequat, lectus sit amet luctus vulputate, nisi sem semper erat, in consectetuer ipsum nunc id enim. Curabitur massa. Vestibulum accumsan neque et nunc. Quisque ornare tortor at risus. Nunc ac sem ut dolor dapibus gravida. Aliquam tincidunt, nunc ac', '$2y$10$8h57Jqi3i6c408WWMRFt8ewKc4dpebppsvtsOHlmlM.miOau/IBLe', '2020-08-01 04:56:23', 1, NULL, 1, 20, '2020-08-31 12:55:04'),
	(34, 'aileen37', 'AMN', 'Aileen', 'Moran', '', NULL, '5406056469', 'et, eros. Proin ultrices. Duis volutpat nunc sit amet metus. Aliquam erat volutpat. Nulla facilisis. Suspendisse commodo tincidunt nibh. Phasellus nulla. Integer vulputate, risus a ultricies adipiscing, enim mi tempor lorem, eget mollis lectus pede et risus. Quisque libero lacus, varius et, euismod et, commodo at, libero. Morbi accumsan laoreet ipsum. Curabitur consequat,', '$2y$10$X8NKao1zcCRX6ZBV1lyUSutjwnaTqFnRsTGCD/FnalYiKPwiZRKLK', '2020-08-29 18:04:44', 0, NULL, 0, 27, NULL),
	(35, 'morgan31', 'MMN', 'Morgan', 'Morgan', '', 'morgan.morgan@assoc.ch', '6344457799', 'porttitor scelerisque neque. Nullam nisl. Maecenas malesuada fringilla est. Mauris eu turpis. Nulla aliquet. Proin velit. Sed malesuada augue ut lacus. Nulla tincidunt, neque vitae semper egestas, urna justo faucibus lectus, a sollicitudin orci sem eget massa. Suspendisse eleifend. Cras sed leo. Cras vehicula aliquet libero. Integer in magna. Phasellus dolor elit, pellentesque', '$2y$10$k2oOll1INY.pFmcVArjgEunkb92cpHyUzs8e.GL6bQOSuREI9NMIK', '2019-04-03 03:27:30', 0, NULL, 1, 27, '2019-06-04 21:27:15'),
	(36, 'dara99', 'DTN', 'Dara', 'Thompson', '', 'dara.thompson@assoc.ch', '3288787772', 'in magna. Phasellus dolor elit, pellentesque a, facilisis non, bibendum sed, est. Nunc laoreet lectus quis massa. Mauris vestibulum, neque sed dictum eleifend, nunc risus varius orci, in consequat enim diam vel arcu. Curabitur ut odio vel est tempor bibendum. Donec felis orci, adipiscing non, luctus sit amet, faucibus ut, nulla. Cras eu', '$2y$10$pILws7bCY5BQSYoD6Bzc2eMl6pLuhcY1jrP0HhZp8a0JORF.1mraK', '2020-09-05 07:31:51', 0, NULL, 1, 24, '2020-09-27 13:19:27'),
	(37, 'eugenia55', 'EHX', 'Eugenia', 'Hendrix', 'chat.link/user?t=udke2j342v', 'eugenia.hendrix@assoc.ch', '5659874181', 'bibendum ullamcorper. Duis cursus, diam at pretium aliquet, metus urna convallis erat, eget tincidunt dui augue eu tellus. Phasellus elit pede, malesuada vel, venenatis vel, faucibus id, libero. Donec consectetuer mauris id sapien. Cras dolor dolor, tempus non, lacinia at, iaculis quis, pede. Praesent eu dui. Cum sociis natoque penatibus et magnis dis', '$2y$10$j1fMEYiJNBqW8b5YTlSxK.An0HaiBwYHRclI3uu9s15ssIEzjQC1a', '2019-06-17 11:31:41', 0, NULL, 1, 27, '2020-06-19 18:40:25'),
	(38, 'sebastian18', 'SKY', 'Sebastian', 'Kelly', 'chat.link/user?t=70qd2mxxd05tva', 'sebastian.kelly@assoc.ch', '4615535232', 'Aenean sed pede nec ante blandit viverra. Donec tempus, lorem fringilla ornare placerat, orci lacus vestibulum lorem, sit amet ultricies sem magna nec quam. Curabitur vel lectus. Cum sociis natoque penatibus et magnis dis parturient montes, nascetur ridiculus mus. Donec dignissim magna a tortor. Nunc commodo auctor velit. Aliquam nisl. Nulla eu neque', '$2y$10$yB1gFJ7pMK/h1Z1DdMjTwO05TttgbSjvg9sk6uaa4x3W4mziUH0kC', '2019-07-07 08:01:24', 0, NULL, 1, 27, '2020-08-03 11:14:53'),
	(39, 'rigel48', 'RLT', 'Rigel', 'Lambert', 'chat.link/user?t=97r6l5uq5591s', NULL, '3542099035', 'nisi nibh lacinia orci, consectetuer euismod est arcu ac orci. Ut semper pretium neque. Morbi quis urna. Nunc quis arcu vel quam dignissim pharetra. Nam ac nulla. In tincidunt congue turpis. In condimentum. Donec at arcu. Vestibulum ante ipsum primis in faucibus orci luctus et ultrices posuere cubilia Curae; Donec tincidunt. Donec vitae', '$2y$10$.Prwb0wCU7OioELPiRnEgOJJKAYpsHBuEIxCryAamlwwsU/U/hOFC', '2019-09-13 00:02:02', 0, NULL, 3, 24, '2020-09-11 14:08:36'),
	(40, 'desiree40', 'DAN', 'Desiree', 'Allison', '', NULL, '3098965196', 'Cras sed leo. Cras vehicula aliquet libero. Integer in magna. Phasellus dolor elit, pellentesque a, facilisis non, bibendum sed, est. Nunc laoreet lectus quis massa. Mauris vestibulum, neque sed dictum eleifend, nunc risus varius orci, in consequat enim diam vel arcu. Curabitur ut odio vel est tempor bibendum. Donec felis orci, adipiscing non,', '$2y$10$suEXGXHHIe3TVcXz8aQ6seQz8hePauTJxFqFXBEs81zXDSLUUurkq', '2020-01-18 03:23:38', 0, NULL, 1, 24, '2020-02-01 10:14:04'),
	(41, 'leroy55', 'LWD', 'Leroy', 'Whitehead', 'chat.link/user?t=02wx98n79wd0x', NULL, '7398496542', 'felis ullamcorper viverra. Maecenas iaculis aliquet diam. Sed diam lorem, auctor quis, tristique ac, eleifend vitae, erat. Vivamus nisi. Mauris nulla. Integer urna. Vivamus molestie dapibus ligula. Aliquam erat volutpat. Nulla dignissim. Maecenas ornare egestas ligula. Nullam feugiat placerat velit. Quisque varius. Nam porttitor scelerisque neque. Nullam nisl. Maecenas malesuada fringilla est. Mauris', '$2y$10$pXRC1wdAADf69IsgbbYmxu5KlVIyu5Hbx0VaY1IXSMaUT8gxja0SK', '2019-03-29 19:24:31', 0, NULL, 4, 41, '2020-02-29 08:55:55'),
	(42, 'katell57', 'KPH', 'Katell', 'Parrish', '', NULL, '9853184019', 'Mauris quis turpis vitae purus gravida sagittis. Duis gravida. Praesent eu nulla at sem molestie sodales. Mauris blandit enim consequat purus. Maecenas libero est, congue a, aliquet vel, vulputate eu, odio. Phasellus at augue id ante dictum cursus. Nunc mauris elit, dictum eu, eleifend nec, malesuada ut, sem. Nulla interdum. Curabitur dictum. Phasellus', '$2y$10$ApE6faSBb77a/49hIwJAn.1/1tB/6e4sNEqPjXCyzVoPoccAyaKzC', '2020-06-18 19:07:05', 0, NULL, 1, 20, '2020-09-28 18:57:56'),
	(43, 'montana97', 'MWT', 'Montana', 'Wyatt', 'chat.link/user?t=bshp3xj7l9xf1zi', 'montana.wyatt@assoc.ch', '9232212313', 'dolor sit amet, consectetuer adipiscing elit. Etiam laoreet, libero et tristique pellentesque, tellus sem mollis dui, in sodales elit erat vitae risus. Duis a mi fringilla mi lacinia mattis. Integer eu lacus. Quisque imperdiet, erat nonummy ultricies ornare, elit elit fermentum risus, at fringilla purus mauris a nunc. In at pede. Cras vulputate', '$2y$10$IhQchzafRjRCmhyOrCS3fuXotmkRC1WwN4G0Nn27oDWmcSxRB.riC', '2020-07-20 04:44:43', 0, NULL, 1, 19, '2020-09-27 14:01:52'),
	(44, 'fletcher54', 'FRO', 'Fletcher', 'Russo', 'chat.link/user?t=nxsttxgzmvt1ahe', 'fletcher.russo@assoc.ch', '3442928437', 'Suspendisse aliquet, sem ut cursus luctus, ipsum leo elementum sem, vitae aliquam eros turpis non enim. Mauris quis turpis vitae purus gravida sagittis. Duis gravida. Praesent eu nulla at sem molestie sodales. Mauris blandit enim consequat purus. Maecenas libero est, congue a, aliquet vel, vulputate eu, odio. Phasellus at augue id ante dictum', '$2y$10$sxgRzL96r/N51qr6JPWgSerx9s7OW/Sx9kKWZiEZPvJLRAewGBMoW', '2019-12-28 17:12:34', 0, NULL, 1, 41, '2020-04-05 10:47:05'),
	(45, 'macy60', 'MBT', 'Macy', 'Britt', '', NULL, '1729366931', 'orci sem eget massa. Suspendisse eleifend. Cras sed leo. Cras vehicula aliquet libero. Integer in magna. Phasellus dolor elit, pellentesque a, facilisis non, bibendum sed, est. Nunc laoreet lectus quis massa. Mauris vestibulum, neque sed dictum eleifend, nunc risus varius orci, in consequat enim diam vel arcu. Curabitur ut odio vel est tempor', '$2y$10$EYv4nZGPrtl/COwzXod6aOmffzNemfBTVt2/QUpUVjkXyZ1GICzva', '2020-06-20 03:05:09', 0, NULL, 1, 20, '2020-07-28 10:46:07'),
	(46, 'latifah82', 'LBT', 'Latifah', 'Bennett', '', 'latifah.bennett@assoc.ch', '2188417071', 'nec tempus scelerisque, lorem ipsum sodales purus, in molestie tortor nibh sit amet orci. Ut sagittis lobortis mauris. Suspendisse aliquet molestie tellus. Aenean egestas hendrerit neque. In ornare sagittis felis. Donec tempor, est ac mattis semper, dui lectus rutrum urna, nec luctus felis purus ac tellus. Suspendisse sed dolor. Fusce mi lorem, vehicula', '$2y$10$PJ2zoME9z5FNcrBGnSDPVuFTyRxLajO9dweNuY9JcglSWVfGh4gfy', '2020-08-13 09:05:14', 0, NULL, 1, 41, '2020-09-12 21:06:23'),
	(47, 'ezekiel42', 'ENN', 'Ezekiel', 'Nicholson', '', NULL, '6119405739', 'Donec tempus, lorem fringilla ornare placerat, orci lacus vestibulum lorem, sit amet ultricies sem magna nec quam. Curabitur vel lectus. Cum sociis natoque penatibus et magnis dis parturient montes, nascetur ridiculus mus. Donec dignissim magna a tortor. Nunc commodo auctor velit. Aliquam nisl. Nulla eu neque pellentesque massa lobortis ultrices. Vivamus rhoncus. Donec', '$2y$10$h4ieAw10epXkwAl5SCLMt.9wRy3KKRTv17ySv97rbys8js8qFRDq6', '2019-09-20 00:10:06', 0, NULL, 1, 41, '2020-09-20 03:26:28'),
	(48, 'zelenia33', 'ZFK', 'Zelenia', 'Frederick', '', 'zelenia.frederick@assoc.ch', '3775523966', 'est ac mattis semper, dui lectus rutrum urna, nec luctus felis purus ac tellus. Suspendisse sed dolor. Fusce mi lorem, vehicula et, rutrum eu, ultrices sit amet, risus. Donec nibh enim, gravida sit amet, dapibus id, blandit at, nisi. Cum sociis natoque penatibus et magnis dis parturient montes, nascetur ridiculus mus. Proin vel', '$2y$10$K6D1OEZH.eMnRuQHUM.mle0xEK9VigVuQSKIxNGmr68Y73CLY817e', '2019-03-19 13:17:51', 0, NULL, 4, 24, '2019-11-26 12:48:57'),
	(49, 'joan59', 'JSO', 'Joan', 'Serrano', '', 'joan.serrano@assoc.ch', '8875893245', 'Vestibulum ante ipsum primis in faucibus orci luctus et ultrices posuere cubilia Curae; Donec tincidunt. Donec vitae erat vel pede blandit congue. In scelerisque scelerisque dui. Suspendisse ac metus vitae velit egestas lacinia. Sed congue, elit sed consequat auctor, nunc nulla vulputate dui, nec tempus mauris erat eget ipsum. Suspendisse sagittis. Nullam vitae', '$2y$10$qUDZM2FzwVXitmvDHPRO0O.D0yYUxL5Xe.FbMrPyP0yLCl311juSu', '2019-08-10 08:17:08', 0, NULL, 1, 24, '2020-05-07 07:14:13'),
	(50, 'hammett89', 'HSR', 'Hammett', 'Slater', '', 'hammett.slater@assoc.ch', '3434012016', 'pellentesque massa lobortis ultrices. Vivamus rhoncus. Donec est. Nunc ullamcorper, velit in aliquet lobortis, nisi nibh lacinia orci, consectetuer euismod est arcu ac orci. Ut semper pretium neque. Morbi quis urna. Nunc quis arcu vel quam dignissim pharetra. Nam ac nulla. In tincidunt congue turpis. In condimentum. Donec at arcu. Vestibulum ante ipsum', '$2y$10$ORVZsubDAxHr31v3/R0HbuaoIqaaf1fy3JU7UXT6QOU0AR7Vav4BC', '2020-04-20 08:16:09', 0, NULL, 1, 41, '2020-09-28 20:32:44'),
	(51, 'shelby38', 'SFS', 'Shelby', 'Franks', '', 'shelby.franks@assoc.ch', '5673675349', 'lobortis tellus justo sit amet nulla. Donec non justo. Proin non massa non ante bibendum ullamcorper. Duis cursus, diam at pretium aliquet, metus urna convallis erat, eget tincidunt dui augue eu tellus. Phasellus elit pede, malesuada vel, venenatis vel, faucibus id, libero. Donec consectetuer mauris id sapien. Cras dolor dolor, tempus non, lacinia', '$2y$10$WsyMi/BEJ5IKzAlhcR/HfO4E37rsiuYjDlD1d75uQjRSK//vWxm46', '2019-10-25 17:44:12', 0, NULL, 1, 1, '2020-06-24 23:07:47'),
	(52, 'aphrodite37', 'AMO', 'Aphrodite', 'Moreno', 'chat.link/user?t=5n5kp147p6', NULL, '5581304750', 'pellentesque eget, dictum placerat, augue. Sed molestie. Sed id risus quis diam luctus lobortis. Class aptent taciti sociosqu ad litora torquent per conubia nostra, per inceptos hymenaeos. Mauris ut quam vel sapien imperdiet ornare. In faucibus. Morbi vehicula. Pellentesque tincidunt tempus risus. Donec egestas. Duis ac arcu. Nunc mauris. Morbi non sapien molestie', '$2y$10$rjkshLR.84uAjMu/IhF/1eXhVzEeVcPf7CJ.GakOk3EBDYXnHfGX2', '2020-03-28 01:27:31', 0, NULL, 1, 19, '2020-04-21 11:02:33'),
	(53, 'halee42', 'HGY', 'Halee', 'Gregory', '', NULL, '5738889912', 'Aliquam ultrices iaculis odio. Nam interdum enim non nisi. Aenean eget metus. In nec orci. Donec nibh. Quisque nonummy ipsum non arcu. Vivamus sit amet risus. Donec egestas. Aliquam nec enim. Nunc ut erat. Sed nunc est, mollis non, cursus non, egestas a, dui. Cras pellentesque. Sed dictum. Proin eget odio. Aliquam vulputate', '$2y$10$MsLsq4b6DY79iiugnqHdVeCqIvE3b1BnTYhs4JQO96QtO7RqyFIHu', '2020-10-01 19:45:17', 0, NULL, 1, 48, '2020-10-03 01:07:34'),
	(54, 'camille97', 'CHE', 'Camille', 'Hyde', 'chat.link/user?t=xmddi2daso11', 'camille.hyde@assoc.ch', '8515185374', 'iaculis odio. Nam interdum enim non nisi. Aenean eget metus. In nec orci. Donec nibh. Quisque nonummy ipsum non arcu. Vivamus sit amet risus. Donec egestas. Aliquam nec enim. Nunc ut erat. Sed nunc est, mollis non, cursus non, egestas a, dui. Cras pellentesque. Sed dictum. Proin eget odio. Aliquam vulputate ullamcorper magna.', '$2y$10$RZuqlTxv6higR9H5gjJ1h.057eWPpkpLHMN3MEAGXl5KCOYGMwymy', '2020-03-18 07:06:30', 0, NULL, 0, 1, NULL),
	(55, 'gareth62', 'GHN', 'Gareth', 'Holman', '', NULL, '9858717519', 'dictum ultricies ligula. Nullam enim. Sed nulla ante, iaculis nec, eleifend non, dapibus rutrum, justo. Praesent luctus. Curabitur egestas nunc sed libero. Proin sed turpis nec mauris blandit mattis. Cras eget nisi dictum augue malesuada malesuada. Integer id magna et ipsum cursus vestibulum. Mauris magna. Duis dignissim tempor arcu. Vestibulum ut eros non', '$2y$10$vXVCUw4xbsx40vmb2/iIEezYl6F8iAs43eOqYkeW4xw9BMqe9NHyO', '2019-09-16 00:23:34', 1, NULL, 1, 27, '2020-03-02 18:50:02'),
	(56, 'orli59', 'OSR', 'Orli', 'Skinner', 'chat.link/user?t=2gi253l1s68dk', NULL, '6615614387', 'eleifend egestas. Sed pharetra, felis eget varius ultrices, mauris ipsum porta elit, a feugiat tellus lorem eu metus. In lorem. Donec elementum, lorem ut aliquam iaculis, lacus pede sagittis augue, eu tempor erat neque non quam. Pellentesque habitant morbi tristique senectus et netus et malesuada fames ac turpis egestas. Aliquam fringilla cursus purus.', '$2y$10$LxvQHIqWpfQVZKolCZzvUedM36we9615VQpTzPba8h0Zpg/veyDBy', '2019-04-11 06:45:17', 0, NULL, 1, 24, '2019-11-09 23:45:58'),
	(57, 'quamar40', 'QDN', 'Quamar', 'Dean', 'chat.link/user?t=gz9yue29uey', NULL, '7167469391', 'Sed eget lacus. Mauris non dui nec urna suscipit nonummy. Fusce fermentum fermentum arcu. Vestibulum ante ipsum primis in faucibus orci luctus et ultrices posuere cubilia Curae; Phasellus ornare. Fusce mollis. Duis sit amet diam eu dolor egestas rhoncus. Proin nisl sem, consequat nec, mollis vitae, posuere at, velit. Cras lorem lorem, luctus', '$2y$10$2bEHwDPcomSJOwiATM2L8urkscICo4ZEHiXViGNT9pUJdF3781kNS', '2019-01-02 05:19:04', 0, NULL, 1, 20, '2019-11-14 21:35:06'),
	(58, 'pascale66', 'PVE', 'Pascale', 'Vance', 'chat.link/user?t=hlqfnae24u', 'pascale.vance@assoc.ch', '3979683486', 'pharetra sed, hendrerit a, arcu. Sed et libero. Proin mi. Aliquam gravida mauris ut mi. Duis risus odio, auctor vitae, aliquet nec, imperdiet nec, leo. Morbi neque tellus, imperdiet non, vestibulum nec, euismod in, dolor. Fusce feugiat. Lorem ipsum dolor sit amet, consectetuer adipiscing elit. Aliquam auctor, velit eget laoreet posuere, enim nisl', '$2y$10$RNwdqcPAdM3Xsm87AE.1kO//8BayT0.Ju7tCNHSBl1Ng7L0nDqPSa', '2020-04-04 08:58:49', 1, NULL, 1, 19, '2020-07-02 17:47:55'),
	(59, 'clark54', 'CJN', 'Clark', 'Jefferson', 'chat.link/user?t=c4sb8a12pil8bt', NULL, '5021474726', 'eu enim. Etiam imperdiet dictum magna. Ut tincidunt orci quis lectus. Nullam suscipit, est ac facilisis facilisis, magna tellus faucibus leo, in lobortis tellus justo sit amet nulla. Donec non justo. Proin non massa non ante bibendum ullamcorper. Duis cursus, diam at pretium aliquet, metus urna convallis erat, eget tincidunt dui augue eu', '$2y$10$bRDRQ3UtiUxtrd9w9ixLgu9Q.5pWM1Df7OiV6qYuFBpluUTFRzSVC', '2020-06-15 22:03:31', 0, NULL, 1, 20, '2020-08-07 18:21:24'),
	(60, 'vernon77', 'VRE', 'Vernon', 'Rose', '', NULL, '2303259527', 'magna. Phasellus dolor elit, pellentesque a, facilisis non, bibendum sed, est. Nunc laoreet lectus quis massa. Mauris vestibulum, neque sed dictum eleifend, nunc risus varius orci, in consequat enim diam vel arcu. Curabitur ut odio vel est tempor bibendum. Donec felis orci, adipiscing non, luctus sit amet, faucibus ut, nulla. Cras eu tellus', '$2y$10$.Laj7B9IsD/F30cS42zYN.E95wnudpgjDUTJDWn0S1xPU0mFzX.Q6', '2020-06-30 12:35:13', 0, NULL, 1, 27, '2020-07-17 09:02:01'),
	(61, 'tasha18', 'TFS', 'Tasha', 'Flowers', '', 'tasha.flowers@assoc.ch', '3072044857', 'nec mauris blandit mattis. Cras eget nisi dictum augue malesuada malesuada. Integer id magna et ipsum cursus vestibulum. Mauris magna. Duis dignissim tempor arcu. Vestibulum ut eros non enim commodo hendrerit. Donec porttitor tellus non magna. Nam ligula elit, pretium et, rutrum non, hendrerit id, ante. Nunc mauris sapien, cursus in, hendrerit consectetuer,', '$2y$10$rLU9WLKyyizjLY3sn8UbLuUesZrRYRl0p7Wbcc49o2LraNGi2.NX2', '2019-04-08 14:29:35', 0, NULL, 1, 19, '2020-04-06 16:10:08'),
	(62, 'veda77', 'VRH', 'Veda', 'Roth', 'chat.link/user?t=9u8bzcyr6jhio', NULL, '2187122370', 'Etiam vestibulum massa rutrum magna. Cras convallis convallis dolor. Quisque tincidunt pede ac urna. Ut tincidunt vehicula risus. Nulla eget metus eu erat semper rutrum. Fusce dolor quam, elementum at, egestas a, scelerisque sed, sapien. Nunc pulvinar arcu et pede. Nunc sed orci lobortis augue scelerisque mollis. Phasellus libero mauris, aliquam eu, accumsan', '$2y$10$5YFOUUERuoDRWPaqBkBZC.Dsc2QPGznqH4APHHX/UvOX6TIDSiyge', '2020-05-18 16:18:42', 0, NULL, 1, 1, '2020-07-15 03:13:07'),
	(63, 'leah94', 'LTD', 'Leah', 'Townsend', 'chat.link/user?t=u2qrott75n68y', NULL, '6885429613', 'Duis volutpat nunc sit amet metus. Aliquam erat volutpat. Nulla facilisis. Suspendisse commodo tincidunt nibh. Phasellus nulla. Integer vulputate, risus a ultricies adipiscing, enim mi tempor lorem, eget mollis lectus pede et risus. Quisque libero lacus, varius et, euismod et, commodo at, libero. Morbi accumsan laoreet ipsum. Curabitur consequat, lectus sit amet luctus', '$2y$10$r/rgdplvbn/VSxyY2TppV.9MkEqz1oEVPwGKgeY3nqyIzBzQS1yv.', '2020-06-25 12:06:31', 0, NULL, 0, 20, NULL),
	(64, 'porter49', 'PBD', 'Porter', 'Beard', '', 'porter.beard@assoc.ch', '5088715270', 'auctor, nunc nulla vulputate dui, nec tempus mauris erat eget ipsum. Suspendisse sagittis. Nullam vitae diam. Proin dolor. Nulla semper tellus id nunc interdum feugiat. Sed nec metus facilisis lorem tristique aliquet. Phasellus fermentum convallis ligula. Donec luctus aliquet odio. Etiam ligula tortor, dictum eu, placerat eget, venenatis a, magna. Lorem ipsum dolor', '$2y$10$z75lzA7a8z4nu6.Qk3JxR.nZomUcccHeLEH8WymZOvG2TAby0P2de', '2020-09-18 09:48:05', 0, NULL, 1, 19, '2020-09-20 09:52:29'),
	(65, 'jasper67', 'JLG', 'Jasper', 'Long', 'chat.link/user?t=oiat518ma0d', 'jasper.long@assoc.ch', '8431595149', 'amet ante. Vivamus non lorem vitae odio sagittis semper. Nam tempor diam dictum sapien. Aenean massa. Integer vitae nibh. Donec est mauris, rhoncus id, mollis nec, cursus a, enim. Suspendisse aliquet, sem ut cursus luctus, ipsum leo elementum sem, vitae aliquam eros turpis non enim. Mauris quis turpis vitae purus gravida sagittis. Duis', '$2y$10$sD23TkMsbQw7O7U2.3ooMuPwt9hq6qBy3JvT9lOlhECnTK3.rD/yG', '2019-10-25 01:53:39', 0, NULL, 1, 48, '2019-11-02 23:28:32'),
	(66, 'vincent19', 'VMN', 'Vincent', 'Morin', 'chat.link/user?t=do5n3owgb9s', NULL, '9998431380', 'enim non nisi. Aenean eget metus. In nec orci. Donec nibh. Quisque nonummy ipsum non arcu. Vivamus sit amet risus. Donec egestas. Aliquam nec enim. Nunc ut erat. Sed nunc est, mollis non, cursus non, egestas a, dui. Cras pellentesque. Sed dictum. Proin eget odio. Aliquam vulputate ullamcorper magna. Sed eu eros. Nam', '$2y$10$G45oZwNxd8ENt23j059tp.P0.1nhcINAIkDTINNuFU/KklmG9/Fnu', '2019-10-12 11:23:00', 0, NULL, 1, 41, '2020-02-02 15:42:37'),
	(67, 'aaron36', 'ASN', 'Aaron', 'Sherman', '', NULL, '2992367118', 'amet, risus. Donec nibh enim, gravida sit amet, dapibus id, blandit at, nisi. Cum sociis natoque penatibus et magnis dis parturient montes, nascetur ridiculus mus. Proin vel nisl. Quisque fringilla euismod enim. Etiam gravida molestie arcu. Sed eu nibh vulputate mauris sagittis placerat. Cras dictum ultricies ligula. Nullam enim. Sed nulla ante, iaculis', '$2y$10$HCfOl7uVGtcTbLwcPIzf6uB2trA2IhntSV8XfsgIC2o5.z/o.cWIC', '2019-10-30 11:35:07', 0, NULL, 1, 20, '2020-08-06 18:48:02'),
	(68, 'vaughan77', 'VCE', 'Vaughan', 'Cole', '', NULL, '1275377591', 'Suspendisse ac metus vitae velit egestas lacinia. Sed congue, elit sed consequat auctor, nunc nulla vulputate dui, nec tempus mauris erat eget ipsum. Suspendisse sagittis. Nullam vitae diam. Proin dolor. Nulla semper tellus id nunc interdum feugiat. Sed nec metus facilisis lorem tristique aliquet. Phasellus fermentum convallis ligula. Donec luctus aliquet odio. Etiam', '$2y$10$GK6pMLkDvG9mL3DpJaw8ROTUb557mgDmxQWKpAtguV0hPDn8adVjK', '2019-12-26 21:01:07', 0, NULL, 4, 41, '2020-03-21 10:10:08'),
	(69, 'mason90', 'MME', 'Mason', 'Monroe', 'chat.link/user?t=x9kwym2wo1ozzq1', 'mason.monroe@assoc.ch', '8171049926', 'mus. Proin vel nisl. Quisque fringilla euismod enim. Etiam gravida molestie arcu. Sed eu nibh vulputate mauris sagittis placerat. Cras dictum ultricies ligula. Nullam enim. Sed nulla ante, iaculis nec, eleifend non, dapibus rutrum, justo. Praesent luctus. Curabitur egestas nunc sed libero. Proin sed turpis nec mauris blandit mattis. Cras eget nisi dictum', '$2y$10$ByBwPC0PVqzh75jyg50MpeEfGAmrly8KfFu24a.rmBvfnS4NuMnvy', '2019-11-08 15:23:05', 0, NULL, 0, 27, NULL),
	(70, 'trevor74', 'TJZ', 'Trevor', 'Jimenez', '', 'trevor.jimenez@assoc.ch', '7347252142', 'vel nisl. Quisque fringilla euismod enim. Etiam gravida molestie arcu. Sed eu nibh vulputate mauris sagittis placerat. Cras dictum ultricies ligula. Nullam enim. Sed nulla ante, iaculis nec, eleifend non, dapibus rutrum, justo. Praesent luctus. Curabitur egestas nunc sed libero. Proin sed turpis nec mauris blandit mattis. Cras eget nisi dictum augue malesuada', '$2y$10$CR1Kt/mlVy7hfK2R9k1v0OY2RbdRCVjW1e2UxAW13EfBWBu6/WByG', '2020-01-05 19:32:53', 0, NULL, 1, 1, '2020-10-03 06:48:32'),
	(71, 'patrick49', 'PTR', 'Patrick', 'Tucker', '', 'patrick.tucker@assoc.ch', '4027572052', 'Praesent eu dui. Cum sociis natoque penatibus et magnis dis parturient montes, nascetur ridiculus mus. Aenean eget magna. Suspendisse tristique neque venenatis lacus. Etiam bibendum fermentum metus. Aenean sed pede nec ante blandit viverra. Donec tempus, lorem fringilla ornare placerat, orci lacus vestibulum lorem, sit amet ultricies sem magna nec quam. Curabitur vel', '$2y$10$w1OnTRHogZhFDN3f6UFM3.CHxDp5MfWggKQyoXUzipMCEohddr2TS', '2019-07-30 18:53:00', 0, NULL, 1, 1, '2020-09-03 07:37:40'),
	(72, 'james63', 'JCN', 'James', 'Cotton', 'chat.link/user?t=77c9gr027nw', 'james.cotton@assoc.ch', '4797884197', 'commodo at, libero. Morbi accumsan laoreet ipsum. Curabitur consequat, lectus sit amet luctus vulputate, nisi sem semper erat, in consectetuer ipsum nunc id enim. Curabitur massa. Vestibulum accumsan neque et nunc. Quisque ornare tortor at risus. Nunc ac sem ut dolor dapibus gravida. Aliquam tincidunt, nunc ac mattis ornare, lectus ante dictum mi,', '$2y$10$LvAHFGQjlU0FW3N.VVpZq.QdaxVboxvGYAs0El15XEobt5VXhkQ1a', '2019-01-25 07:38:51', 0, NULL, 0, 20, NULL),
	(73, 'alea71', 'AGH', 'Alea', 'Griffith', 'chat.link/user?t=1xpgyso8pjjgy92', NULL, '5295774626', 'nunc sit amet metus. Aliquam erat volutpat. Nulla facilisis. Suspendisse commodo tincidunt nibh. Phasellus nulla. Integer vulputate, risus a ultricies adipiscing, enim mi tempor lorem, eget mollis lectus pede et risus. Quisque libero lacus, varius et, euismod et, commodo at, libero. Morbi accumsan laoreet ipsum. Curabitur consequat, lectus sit amet luctus vulputate, nisi', '$2y$10$Ae9BySnMTmUqcfdkaM9Lf.4nys63j5XNRtkb.lQsdXXqtbLqn9DhG', '2019-01-03 10:23:13', 0, NULL, 0, 41, NULL),
	(74, 'emerald45', 'EGS', 'Emerald', 'Gaines', '', NULL, '6417105675', 'viverra. Maecenas iaculis aliquet diam. Sed diam lorem, auctor quis, tristique ac, eleifend vitae, erat. Vivamus nisi. Mauris nulla. Integer urna. Vivamus molestie dapibus ligula. Aliquam erat volutpat. Nulla dignissim. Maecenas ornare egestas ligula. Nullam feugiat placerat velit. Quisque varius. Nam porttitor scelerisque neque. Nullam nisl. Maecenas malesuada fringilla est. Mauris eu turpis.', '$2y$10$j.xCz1OGnw01dEG.TpFWau5hCShJcmkrm5tDOXCiLI7T0TYr7uk8u', '2019-10-27 12:42:21', 1, NULL, 1, 20, '2020-01-15 10:14:45'),
	(75, 'justin32', 'JRS', 'Justin', 'Rodgers', 'chat.link/user?t=s3nwd750g9', 'justin.rodgers@assoc.ch', '5852283734', 'odio. Nam interdum enim non nisi. Aenean eget metus. In nec orci. Donec nibh. Quisque nonummy ipsum non arcu. Vivamus sit amet risus. Donec egestas. Aliquam nec enim. Nunc ut erat. Sed nunc est, mollis non, cursus non, egestas a, dui. Cras pellentesque. Sed dictum. Proin eget odio. Aliquam vulputate ullamcorper magna. Sed', '$2y$10$A/4y4u2hJBg4jGRZz.1ibu0OqKt3mvHrSMZnwi2bPuRO7OEGxj7Ku', '2019-04-21 19:20:13', 0, NULL, 4, 24, '2019-10-04 21:07:56'),
	(76, 'felicia18', 'FBD', 'Felicia', 'Boyd', '', NULL, '8327262287', 'eu tellus eu augue porttitor interdum. Sed auctor odio a purus. Duis elementum, dui quis accumsan convallis, ante lectus convallis est, vitae sodales nisi magna sed dui. Fusce aliquam, enim nec tempus scelerisque, lorem ipsum sodales purus, in molestie tortor nibh sit amet orci. Ut sagittis lobortis mauris. Suspendisse aliquet molestie tellus. Aenean', '$2y$10$cUehVy2dRKMP5G.M/D/u1.XJOQVeQ4LnhUEG4IfqJ4P2EM3y0RCCi', '2020-06-09 02:52:14', 0, NULL, 1, 48, '2020-06-09 07:06:59'),
	(77, 'oliver35', 'OCR', 'Oliver', 'Collier', '', 'oliver.collier@assoc.ch', '1486478858', 'lacus vestibulum lorem, sit amet ultricies sem magna nec quam. Curabitur vel lectus. Cum sociis natoque penatibus et magnis dis parturient montes, nascetur ridiculus mus. Donec dignissim magna a tortor. Nunc commodo auctor velit. Aliquam nisl. Nulla eu neque pellentesque massa lobortis ultrices. Vivamus rhoncus. Donec est. Nunc ullamcorper, velit in aliquet lobortis,', '$2y$10$cQXXiLmO4nEbOjIzTI15U.FODUBJlUh17zRp6omDmNFWd9oaqfurG', '2019-01-31 06:31:40', 0, NULL, 4, 1, '2019-09-26 12:04:08'),
	(78, 'jesse83', 'JGY', 'Jesse', 'Gregory', '', 'jesse.gregory@assoc.ch', '4612046735', 'sem. Pellentesque ut ipsum ac mi eleifend egestas. Sed pharetra, felis eget varius ultrices, mauris ipsum porta elit, a feugiat tellus lorem eu metus. In lorem. Donec elementum, lorem ut aliquam iaculis, lacus pede sagittis augue, eu tempor erat neque non quam. Pellentesque habitant morbi tristique senectus et netus et malesuada fames ac', '$2y$10$qK4GKNGSFKCh4Vm1lBh35eE6FSheeUOWJ5XfIMvfWDAMbaJwF1jbK', '2019-01-12 03:02:22', 0, NULL, 1, 24, '2019-07-26 08:02:41'),
	(79, 'isabelle31', 'IST', 'Isabelle', 'Sweet', '', NULL, '8459939069', 'amet orci. Ut sagittis lobortis mauris. Suspendisse aliquet molestie tellus. Aenean egestas hendrerit neque. In ornare sagittis felis. Donec tempor, est ac mattis semper, dui lectus rutrum urna, nec luctus felis purus ac tellus. Suspendisse sed dolor. Fusce mi lorem, vehicula et, rutrum eu, ultrices sit amet, risus. Donec nibh enim, gravida sit', '$2y$10$MGt9VRxqQAbqcsAAR48xROCNCdY0UBjXRRUuQzX776jCIZzC7UFKa', '2019-06-02 19:34:29', 1, NULL, 0, 41, NULL),
	(80, 'barry73', 'BWN', 'Barry', 'Wooten', '', 'barry.wooten@assoc.ch', '4054234899', 'mollis lectus pede et risus. Quisque libero lacus, varius et, euismod et, commodo at, libero. Morbi accumsan laoreet ipsum. Curabitur consequat, lectus sit amet luctus vulputate, nisi sem semper erat, in consectetuer ipsum nunc id enim. Curabitur massa. Vestibulum accumsan neque et nunc. Quisque ornare tortor at risus. Nunc ac sem ut dolor', '$2y$10$SXu2TUGdPd1pCIbvq8jYxudqkBziyUq.9rMt7OO55AvhCXjrbpXCK', '2019-11-18 04:28:55', 0, NULL, 0, 27, NULL),
	(81, 'veda30', 'VPE', 'Veda', 'Payne', 'chat.link/user?t=cc65sowz2iext', NULL, '3299181472', 'in sodales elit erat vitae risus. Duis a mi fringilla mi lacinia mattis. Integer eu lacus. Quisque imperdiet, erat nonummy ultricies ornare, elit elit fermentum risus, at fringilla purus mauris a nunc. In at pede. Cras vulputate velit eu sem. Pellentesque ut ipsum ac mi eleifend egestas. Sed pharetra, felis eget varius ultrices,', '$2y$10$3PNX3PrULq55uh1vaPqwTejk3GW/2c4kRtseRXig0iX5VJACPFZwa', '2019-01-02 16:08:54', 0, NULL, 4, 68, '2019-04-28 10:04:33'),
	(82, 'noah76', 'NBN', 'Noah', 'Brown', '', NULL, '9615807030', 'lacinia mattis. Integer eu lacus. Quisque imperdiet, erat nonummy ultricies ornare, elit elit fermentum risus, at fringilla purus mauris a nunc. In at pede. Cras vulputate velit eu sem. Pellentesque ut ipsum ac mi eleifend egestas. Sed pharetra, felis eget varius ultrices, mauris ipsum porta elit, a feugiat tellus lorem eu metus. In', '$2y$10$mVAna3LjZl9mEDVqaF3XOeUOyXQxFRkja7TDpLDV3Gp1s3mD00esK', '2019-05-24 01:41:54', 0, NULL, 1, 20, '2019-06-30 16:39:10'),
	(83, 'jeremy75', 'JBN', 'Jeremy', 'Bryan', 'chat.link/user?t=oy0ekor9bop8ur8', 'jeremy.bryan@assoc.ch', '3953146027', 'aliquam adipiscing lacus. Ut nec urna et arcu imperdiet ullamcorper. Duis at lacus. Quisque purus sapien, gravida non, sollicitudin a, malesuada id, erat. Etiam vestibulum massa rutrum magna. Cras convallis convallis dolor. Quisque tincidunt pede ac urna. Ut tincidunt vehicula risus. Nulla eget metus eu erat semper rutrum. Fusce dolor quam, elementum at,', '$2y$10$qAqTTC0Fhq/C3870YqQIge275i4aCK1Emsmcmmh/La6kThSc2Dwxm', '2019-03-30 05:58:36', 0, NULL, 1, 27, '2019-11-03 04:14:05'),
	(84, 'quincy48', 'QBS', 'Quincy', 'Burris', 'chat.link/user?t=dwceio5anyb71bp', NULL, '3665839937', 'ut odio vel est tempor bibendum. Donec felis orci, adipiscing non, luctus sit amet, faucibus ut, nulla. Cras eu tellus eu augue porttitor interdum. Sed auctor odio a purus. Duis elementum, dui quis accumsan convallis, ante lectus convallis est, vitae sodales nisi magna sed dui. Fusce aliquam, enim nec tempus scelerisque, lorem ipsum', '$2y$10$33JOLiGPWrmqs1iEGcRWYexWe7GTmH0cghkhuoYOqAd6HYD/j3a16', '2020-05-17 06:23:48', 0, NULL, 2, 81, '2020-07-09 13:26:36'),
	(85, 'zia99', 'ZEA', 'Zia', 'Espinoza', 'chat.link/user?t=psdnrg1dzp300m', NULL, '1401463956', 'Proin vel nisl. Quisque fringilla euismod enim. Etiam gravida molestie arcu. Sed eu nibh vulputate mauris sagittis placerat. Cras dictum ultricies ligula. Nullam enim. Sed nulla ante, iaculis nec, eleifend non, dapibus rutrum, justo. Praesent luctus. Curabitur egestas nunc sed libero. Proin sed turpis nec mauris blandit mattis. Cras eget nisi dictum augue', '$2y$10$bqy4tpRyrfEc2RZ.RatqW.CNAShO8pOuQ6a64L07TWzp/Hz4hJmZe', '2020-07-28 22:07:51', 0, NULL, 1, 48, '2020-09-17 15:26:45'),
	(86, 'carson39', 'CBD', 'Carson', 'Byrd', '', 'carson.byrd@assoc.ch', '5586787179', 'pede sagittis augue, eu tempor erat neque non quam. Pellentesque habitant morbi tristique senectus et netus et malesuada fames ac turpis egestas. Aliquam fringilla cursus purus. Nullam scelerisque neque sed sem egestas blandit. Nam nulla magna, malesuada vel, convallis in, cursus et, eros. Proin ultrices. Duis volutpat nunc sit amet metus. Aliquam erat', '$2y$10$bumeQvgyUGJGuaO/bqV5g.4Ji5XLoT3i3HeF7jwlK.P5Sg7kWv/Wi', '2020-01-29 21:06:24', 0, NULL, 1, 19, '2020-04-02 00:59:31'),
	(87, 'haley30', 'HCN', 'Haley', 'Cannon', 'chat.link/user?t=5wxthndu9yg6', NULL, '9525796527', 'Aliquam erat volutpat. Nulla dignissim. Maecenas ornare egestas ligula. Nullam feugiat placerat velit. Quisque varius. Nam porttitor scelerisque neque. Nullam nisl. Maecenas malesuada fringilla est. Mauris eu turpis. Nulla aliquet. Proin velit. Sed malesuada augue ut lacus. Nulla tincidunt, neque vitae semper egestas, urna justo faucibus lectus, a sollicitudin orci sem eget massa.', '$2y$10$U1m3GNrx1xxweoFyic7JoOblYJZaawHdHLltQDLvxHDykm6Whnmb2', '2019-12-03 05:51:10', 0, NULL, 1, 75, '2020-04-14 12:01:34'),
	(88, 'kibo94', 'KSD', 'Kibo', 'Sanford', 'chat.link/user?t=tmy0wa8pqx', NULL, '3169434988', 'sed consequat auctor, nunc nulla vulputate dui, nec tempus mauris erat eget ipsum. Suspendisse sagittis. Nullam vitae diam. Proin dolor. Nulla semper tellus id nunc interdum feugiat. Sed nec metus facilisis lorem tristique aliquet. Phasellus fermentum convallis ligula. Donec luctus aliquet odio. Etiam ligula tortor, dictum eu, placerat eget, venenatis a, magna. Lorem', '$2y$10$9B02vl7ktXzM0HIaCHOv8uigD907LJGWBz61tIHPrgsKpAdS5EImC', '2020-01-05 14:57:33', 0, NULL, 1, 20, '2020-05-19 13:30:18'),
	(89, 'travis70', 'TSR', 'Travis', 'Snyder', '', NULL, '2494916512', 'amet risus. Donec egestas. Aliquam nec enim. Nunc ut erat. Sed nunc est, mollis non, cursus non, egestas a, dui. Cras pellentesque. Sed dictum. Proin eget odio. Aliquam vulputate ullamcorper magna. Sed eu eros. Nam consequat dolor vitae dolor. Donec fringilla. Donec feugiat metus sit amet ante. Vivamus non lorem vitae odio sagittis', '$2y$10$O/VxDzG3j6KHbjSlLFrLGuHBYgs5fH.PbknPT.xFF8u63D8uym/4q', '2020-06-13 05:13:02', 0, NULL, 1, 20, '2020-07-28 20:47:47'),
	(90, 'nola39', 'NMD', 'Nola', 'Mcleod', '', NULL, '5398246847', 'mi felis, adipiscing fringilla, porttitor vulputate, posuere vulputate, lacus. Cras interdum. Nunc sollicitudin commodo ipsum. Suspendisse non leo. Vivamus nibh dolor, nonummy ac, feugiat non, lobortis quis, pede. Suspendisse dui. Fusce diam nunc, ullamcorper eu, euismod ac, fermentum vel, mauris. Integer sem elit, pharetra ut, pharetra sed, hendrerit a, arcu. Sed et libero.', '$2y$10$FULSaZ340DHDd982fj60aeB1J/9X.XFnBakihVELCilhqvj9aQP.u', '2020-03-24 22:58:44', 0, NULL, 1, 27, '2020-04-19 08:45:17'),
	(91, 'bert38', 'BLN', 'Bert', 'Lawson', '', 'bert.lawson@assoc.ch', '5148675362', 'sed libero. Proin sed turpis nec mauris blandit mattis. Cras eget nisi dictum augue malesuada malesuada. Integer id magna et ipsum cursus vestibulum. Mauris magna. Duis dignissim tempor arcu. Vestibulum ut eros non enim commodo hendrerit. Donec porttitor tellus non magna. Nam ligula elit, pretium et, rutrum non, hendrerit id, ante. Nunc mauris', '$2y$10$ceAUF4cPnmebGwbEEpkdyeXHKsqaaaDtPyEScHsYq1SF2XPiM5elG', '2019-12-10 15:32:45', 0, NULL, 1, 75, '2020-02-16 14:17:19'),
	(92, 'holmes92', 'HMA', 'Holmes', 'Mendoza', '', 'holmes.mendoza@assoc.ch', '5356649349', 'Praesent luctus. Curabitur egestas nunc sed libero. Proin sed turpis nec mauris blandit mattis. Cras eget nisi dictum augue malesuada malesuada. Integer id magna et ipsum cursus vestibulum. Mauris magna. Duis dignissim tempor arcu. Vestibulum ut eros non enim commodo hendrerit. Donec porttitor tellus non magna. Nam ligula elit, pretium et, rutrum non,', '$2y$10$yiypXqU3mpr8upMnhGLXSOT0tYh8T5McJvwQqWjTfPXblEqE9IKrW', '2020-04-01 19:29:31', 0, NULL, 1, 68, '2020-05-24 17:38:02'),
	(93, 'cailin53', 'CFY', 'Cailin', 'Farley', 'chat.link/user?t=etwyel8uzwe', 'cailin.farley@assoc.ch', '9124593441', 'sed tortor. Integer aliquam adipiscing lacus. Ut nec urna et arcu imperdiet ullamcorper. Duis at lacus. Quisque purus sapien, gravida non, sollicitudin a, malesuada id, erat. Etiam vestibulum massa rutrum magna. Cras convallis convallis dolor. Quisque tincidunt pede ac urna. Ut tincidunt vehicula risus. Nulla eget metus eu erat semper rutrum. Fusce dolor', '$2y$10$2z5ZAODHjXYan0aTuvjv1eDPe9f77rN4tcWD5gz7n5K5RpH2zFgfq', '2019-11-28 08:48:47', 0, NULL, 1, 48, '2020-07-27 15:10:29'),
	(94, 'gannon69', 'GMR', 'Gannon', 'Mueller', 'chat.link/user?t=wyhp0a1jyg', NULL, '1293816118', 'a felis ullamcorper viverra. Maecenas iaculis aliquet diam. Sed diam lorem, auctor quis, tristique ac, eleifend vitae, erat. Vivamus nisi. Mauris nulla. Integer urna. Vivamus molestie dapibus ligula. Aliquam erat volutpat. Nulla dignissim. Maecenas ornare egestas ligula. Nullam feugiat placerat velit. Quisque varius. Nam porttitor scelerisque neque. Nullam nisl. Maecenas malesuada fringilla est.', '$2y$10$MkfLv.bKcKDBCVWqDMT8DeFdS5MXB1UZNaeGCTYohxBG.xGabWkF.', '2020-09-28 15:49:40', 0, NULL, 1, 68, '2020-09-29 14:06:42'),
	(95, 'bruno54', 'BKY', 'Bruno', 'Key', '', NULL, '3944831426', 'convallis dolor. Quisque tincidunt pede ac urna. Ut tincidunt vehicula risus. Nulla eget metus eu erat semper rutrum. Fusce dolor quam, elementum at, egestas a, scelerisque sed, sapien. Nunc pulvinar arcu et pede. Nunc sed orci lobortis augue scelerisque mollis. Phasellus libero mauris, aliquam eu, accumsan sed, facilisis vitae, orci. Phasellus dapibus quam', '$2y$10$UD81ORb0/ZAbO5jegSzjGOUkG6sR6E2UI6k7UMZUHYlNhFYbKxqJq', '2020-06-22 13:09:46', 0, NULL, 1, 1, '2020-07-15 07:31:20'),
	(96, 'kadeem22', 'KOS', 'Kadeem', 'Owens', 'chat.link/user?t=k2b46utsbwxygd', 'kadeem.owens@assoc.ch', '8191806462', 'Proin eget odio. Aliquam vulputate ullamcorper magna. Sed eu eros. Nam consequat dolor vitae dolor. Donec fringilla. Donec feugiat metus sit amet ante. Vivamus non lorem vitae odio sagittis semper. Nam tempor diam dictum sapien. Aenean massa. Integer vitae nibh. Donec est mauris, rhoncus id, mollis nec, cursus a, enim. Suspendisse aliquet, sem', '$2y$10$LMsZOgmx6fhqkRq3kU1gTuNWb.iNQB.DW26etEeCeQqFc0Ul/xCz6', '2020-01-19 03:05:54', 0, NULL, 1, 75, '2020-01-21 22:16:16'),
	(97, 'jacob69', 'JBR', 'Jacob', 'Baker', '', NULL, '8673225393', 'cursus. Integer mollis. Integer tincidunt aliquam arcu. Aliquam ultrices iaculis odio. Nam interdum enim non nisi. Aenean eget metus. In nec orci. Donec nibh. Quisque nonummy ipsum non arcu. Vivamus sit amet risus. Donec egestas. Aliquam nec enim. Nunc ut erat. Sed nunc est, mollis non, cursus non, egestas a, dui. Cras pellentesque.', '$2y$10$fIk01rk9a.soo.8hzCPShe3Jh.HyBJUwzJSmBvGYutkvbbMnRUZ7i', '2020-09-03 09:46:29', 0, NULL, 1, 1, '2020-09-03 14:43:33'),
	(98, 'cairo56', 'CRS', 'Cairo', 'Ross', 'chat.link/user?t=zzcjyn34cw', 'cairo.ross@assoc.ch', '7886047586', 'consequat, lectus sit amet luctus vulputate, nisi sem semper erat, in consectetuer ipsum nunc id enim. Curabitur massa. Vestibulum accumsan neque et nunc. Quisque ornare tortor at risus. Nunc ac sem ut dolor dapibus gravida. Aliquam tincidunt, nunc ac mattis ornare, lectus ante dictum mi, ac mattis velit justo nec ante. Maecenas mi', '$2y$10$s33u6.GRXZhha6e45frZ/uk3rdoZXsj4v8hGXmhnZlg3Kih77aR4K', '2020-03-17 03:10:13', 0, NULL, 0, 68, NULL),
	(99, 'ina51', 'ISS', 'Ina', 'Sanders', 'chat.link/user?t=xbeztuak2noku0k', NULL, '8036279499', 'metus. In nec orci. Donec nibh. Quisque nonummy ipsum non arcu. Vivamus sit amet risus. Donec egestas. Aliquam nec enim. Nunc ut erat. Sed nunc est, mollis non, cursus non, egestas a, dui. Cras pellentesque. Sed dictum. Proin eget odio. Aliquam vulputate ullamcorper magna. Sed eu eros. Nam consequat dolor vitae dolor. Donec', '$2y$10$BiuafTEcWOjG076EC/RKG.mMXeKIQJfwzCp9qyLTBL120vS95EqjG', '2019-10-11 00:15:12', 0, NULL, 1, 75, '2019-12-12 18:51:09'),
	(100, 'cameron80', 'CCN', 'Cameron', 'Cannon', 'chat.link/user?t=l7n02glteb7z3s', 'cameron.cannon@assoc.ch', '4929657576', 'Nulla tincidunt, neque vitae semper egestas, urna justo faucibus lectus, a sollicitudin orci sem eget massa. Suspendisse eleifend. Cras sed leo. Cras vehicula aliquet libero. Integer in magna. Phasellus dolor elit, pellentesque a, facilisis non, bibendum sed, est. Nunc laoreet lectus quis massa. Mauris vestibulum, neque sed dictum eleifend, nunc risus varius orci,', '$2y$10$.hZjdKfFkW6n2ENQwmx9I.mJy9C2rW20YlS4ZyoOu.eFRaTSgdtmW', '2019-01-13 02:02:18', 0, NULL, 0, 48, NULL);
/*!40000 ALTER TABLE `users` ENABLE KEYS */;

-- Listage des données de la table kanff.works : ~0 rows (environ)
DELETE FROM `works`;
/*!40000 ALTER TABLE `works` DISABLE KEYS */;
INSERT INTO `works` (`id`, `name`, `description`, `start`, `end`, `state`, `value`, `effort`, `visible`, `open`, `inbox`, `repetitive`, `need_help`, `creation_date`, `project_id`, `creator_id`, `responsible_id`) VALUES
	(1, 'Création sur crof.com', 'Création du compte sur la plafeforme de crowdfunding permettant de récolter les financements et d\'expliquer le but de ce financement participatif.', '2020-06-10 00:00:00', '2020-06-21 00:00:00', 2, 6, 8, 1, 0, 0, 0, 0, '2018-08-08 12:52:47', 2, 35, 100),
	(2, 'Texte présentation', 'Ecrire le texte qui présente le projet et le collectif. Il faut donner un aperçu de ce qui s\'est déjà fait les années précédentes et ce qui est prévu pour cette année de spécial qui fait que le collectif lance ce crowdfunding.', '2020-06-11 00:00:00', '2020-06-21 00:00:00', 2, 8, 9, 1, 0, 0, 0, 1, '2018-08-03 02:19:01', 2, 16, 92),
	(3, 'Vidéo présentation', 'Réaliser une vidéo pour présenter le festival. La vidéo sera affichée directement sur la première page sur crof.com quand les personnes intéressées cliqueront sur le lien.', '2020-06-15 00:00:00', '2020-06-30 00:00:00', 2, 6, 8, 0, 0, 0, 0, 0, '2018-08-02 15:47:14', 2, 62, 43),
	(4, 'Brainstorming de la faisabilité du projet', 'La gestion d\'une campagne crowdfunding demandant des compétences particulières et une énergie importante, le GT Festival doit discuter de son déroulement et des moyens à dispositions (notamment la collaboration avec d\'autres GTs).', '2020-06-02 00:00:00', '2020-06-08 00:00:00', 4, 8, 3, 1, 0, 0, 0, 0, '2018-07-28 04:45:29', 2, 20, 33),
	(5, 'Coordination + partage du travail entre les 4 GTs', '4 GTs qui travaillent en parallèle sur le même projet, on a vraiment besoin d\'une bonne coordination et un partage du travail clairement défini.', '2020-06-08 00:00:00', '2020-06-13 00:00:00', 4, 9, 3, 1, 0, 0, 0, 0, '2018-07-31 07:38:12', 2, 44, NULL),
	(6, 'Comptabilité finale', 'Décompte et validations des dons', '2020-07-15 00:00:00', '2020-07-25 00:00:00', 1, 9, 6, 1, 0, 0, 0, 0, '2018-08-07 12:53:48', 2, 97, NULL),
	(7, 'Gestion des demandes par email', 'Gestion des demandes et questions par email à propos du crowdfunding. Actuellement en pause parce que pas le temps avec les autres travaux.', '2020-06-10 00:00:00', '2020-07-30 00:00:00', 3, 5, 5, 1, 0, 0, 0, 0, '2018-07-23 23:08:51', 2, 70, NULL),
	(8, 'Résoudre les questions juridiques', 'Les questions juridiques quand au possible remboursement après dons doivent être résolues afin de limiter les problèmes par la suite.', '2020-06-08 00:00:00', '2020-06-10 00:00:00', 4, 3, 4, 1, 0, 0, 0, 0, '2018-07-28 07:59:42', 2, 51, NULL),
	(9, 'Communication sur la campagne', 'Envoi à travers la newsletter, les réseaux sociaux et autres canaux de communications externes, un message pour appeler les personnes qui nous suivent à participer au crowdfunding, en joignant à ce message un lien vers crof.com', '2020-07-01 00:00:00', '2020-07-03 00:00:00', 1, 10, 5, 1, 0, 0, 0, 0, '2018-08-05 10:18:11', 2, 83, NULL),
	(10, 'Boîte de réception', '(Créé automatiquement à la création du projet). Ce travail fait office de boîte de réception pour les tâches envoyés n\'ayant pas de travail lié. Plus d\'infos dans le mode d\'emploi.', '2020-10-03 16:40:36', '2020-10-03 16:50:06', 2, 5, 5, 1, 1, 1, 0, 0, '2020-10-03 16:40:36', 1, 99, 26),
	(11, 'Boîte de réception', '(Créé automatiquement à la création du projet). Ce travail fait office de boîte de réception pour les tâches envoyés n\'ayant pas de travail lié. Plus d\'infos dans le mode d\'emploi.', '2018-08-01 11:07:23', '2019-11-27 03:02:11', 2, 5, 5, 1, 1, 1, 0, 0, '2018-08-01 11:07:23', 2, 15, NULL),
	(12, 'Boîte de réception', '(Créé automatiquement à la création du projet). Ce travail fait office de boîte de réception pour les tâches envoyés n\'ayant pas de travail lié. Plus d\'infos dans le mode d\'emploi.', '2020-06-05 14:21:22', '2020-06-10 02:12:31', 2, 5, 5, 1, 1, 1, 0, 0, '2020-06-05 14:21:22', 3, 41, 57),
	(13, 'Boîte de réception', '(Créé automatiquement à la création du projet). Ce travail fait office de boîte de réception pour les tâches envoyés n\'ayant pas de travail lié. Plus d\'infos dans le mode d\'emploi.', '2020-05-13 13:52:46', '2020-06-24 22:48:03', 2, 5, 5, 1, 1, 1, 0, 0, '2020-05-13 13:52:46', 4, 60, NULL),
	(14, 'Boîte de réception', '(Créé automatiquement à la création du projet). Ce travail fait office de boîte de réception pour les tâches envoyés n\'ayant pas de travail lié. Plus d\'infos dans le mode d\'emploi.', '2019-10-30 18:36:36', '2020-03-05 17:58:19', 2, 5, 5, 1, 1, 1, 0, 0, '2019-10-30 18:36:36', 5, 63, NULL),
	(15, 'Boîte de réception', '(Créé automatiquement à la création du projet). Ce travail fait office de boîte de réception pour les tâches envoyés n\'ayant pas de travail lié. Plus d\'infos dans le mode d\'emploi.', '2018-09-25 10:19:30', '2019-03-01 10:02:12', 2, 5, 5, 1, 1, 1, 0, 0, '2018-09-25 10:19:30', 6, 47, NULL),
	(16, 'Boîte de réception', '(Créé automatiquement à la création du projet). Ce travail fait office de boîte de réception pour les tâches envoyés n\'ayant pas de travail lié. Plus d\'infos dans le mode d\'emploi.', '2018-11-19 15:52:47', '2020-04-05 15:53:07', 2, 5, 5, 1, 1, 1, 0, 0, '2018-11-19 15:52:47', 7, 4, 1),
	(17, 'Boîte de réception', '(Créé automatiquement à la création du projet). Ce travail fait office de boîte de réception pour les tâches envoyés n\'ayant pas de travail lié. Plus d\'infos dans le mode d\'emploi.', '2019-09-25 01:17:22', '2020-05-05 00:21:06', 2, 5, 5, 1, 1, 1, 0, 0, '2019-09-25 01:17:22', 8, 33, 38),
	(18, 'Boîte de réception', '(Créé automatiquement à la création du projet). Ce travail fait office de boîte de réception pour les tâches envoyés n\'ayant pas de travail lié. Plus d\'infos dans le mode d\'emploi.', '2020-04-27 18:20:18', '2020-08-06 13:21:43', 2, 5, 5, 1, 1, 1, 0, 0, '2020-04-27 18:20:18', 9, 47, NULL),
	(19, 'Boîte de réception', '(Créé automatiquement à la création du projet). Ce travail fait office de boîte de réception pour les tâches envoyés n\'ayant pas de travail lié. Plus d\'infos dans le mode d\'emploi.', '2019-12-10 03:13:53', '2020-05-21 21:43:07', 2, 5, 5, 1, 1, 1, 0, 0, '2019-12-10 03:13:53', 10, 90, NULL),
	(20, 'Boîte de réception', '(Créé automatiquement à la création du projet). Ce travail fait office de boîte de réception pour les tâches envoyés n\'ayant pas de travail lié. Plus d\'infos dans le mode d\'emploi.', '2019-01-16 13:32:55', '2019-07-28 11:03:36', 2, 5, 5, 1, 1, 1, 0, 0, '2019-01-16 13:32:55', 11, 14, 66),
	(21, 'Boîte de réception', '(Créé automatiquement à la création du projet). Ce travail fait office de boîte de réception pour les tâches envoyés n\'ayant pas de travail lié. Plus d\'infos dans le mode d\'emploi.', '2019-08-28 14:54:49', '2020-06-02 07:34:12', 2, 5, 5, 1, 1, 1, 0, 0, '2019-08-28 14:54:49', 12, 20, NULL),
	(22, 'Boîte de réception', '(Créé automatiquement à la création du projet). Ce travail fait office de boîte de réception pour les tâches envoyés n\'ayant pas de travail lié. Plus d\'infos dans le mode d\'emploi.', '2019-11-17 10:52:05', '2020-01-23 18:42:20', 2, 5, 5, 1, 1, 1, 0, 0, '2019-11-17 10:52:05', 13, 54, 69),
	(23, 'Boîte de réception', '(Créé automatiquement à la création du projet). Ce travail fait office de boîte de réception pour les tâches envoyés n\'ayant pas de travail lié. Plus d\'infos dans le mode d\'emploi.', '2020-08-03 00:29:58', '2020-08-16 03:23:11', 2, 5, 5, 1, 1, 1, 0, 0, '2020-08-03 00:29:58', 14, 89, NULL),
	(24, 'Boîte de réception', '(Créé automatiquement à la création du projet). Ce travail fait office de boîte de réception pour les tâches envoyés n\'ayant pas de travail lié. Plus d\'infos dans le mode d\'emploi.', '2018-08-31 13:27:23', '2019-07-24 09:30:25', 2, 5, 5, 1, 1, 1, 0, 0, '2018-08-31 13:27:23', 15, 32, 5),
	(25, 'Boîte de réception', '(Créé automatiquement à la création du projet). Ce travail fait office de boîte de réception pour les tâches envoyés n\'ayant pas de travail lié. Plus d\'infos dans le mode d\'emploi.', '2020-06-20 09:33:50', '2020-07-04 05:32:06', 2, 5, 5, 1, 1, 1, 0, 0, '2020-06-20 09:33:50', 16, 88, NULL);
/*!40000 ALTER TABLE `works` ENABLE KEYS */;

/*!40101 SET SQL_MODE=IFNULL(@OLD_SQL_MODE, '') */;
/*!40014 SET FOREIGN_KEY_CHECKS=IF(@OLD_FOREIGN_KEY_CHECKS IS NULL, 1, @OLD_FOREIGN_KEY_CHECKS) */;
/*!40101 SET CHARACTER_SET_CLIENT=@OLD_CHARACTER_SET_CLIENT */;
