-- --------------------------------------------------------
-- Hôte :                        127.0.0.1
-- Version du serveur:           8.0.20 - MySQL Community Server - GPL
-- SE du serveur:                Win64
-- HeidiSQL Version:             11.0.0.5978
-- --------------------------------------------------------

-- TEMP VERSION !!!
USE `kanff`;

/*!40101 SET @OLD_CHARACTER_SET_CLIENT=@@CHARACTER_SET_CLIENT */;
/*!40101 SET NAMES utf8 */;
/*!50503 SET NAMES utf8mb4 */;
/*!40014 SET @OLD_FOREIGN_KEY_CHECKS=@@FOREIGN_KEY_CHECKS, FOREIGN_KEY_CHECKS=0 */;
/*!40101 SET @OLD_SQL_MODE=@@SQL_MODE, SQL_MODE='NO_AUTO_VALUE_ON_ZERO' */;

-- Listage des données de la table kanff.competences : ~0 rows (environ)
DELETE FROM `competences`;
/*!40000 ALTER TABLE `competences` DISABLE KEYS */;
/*!40000 ALTER TABLE `competences` ENABLE KEYS */;

-- Listage des données de la table kanff.concern : ~0 rows (environ)
DELETE FROM `concern`;
/*!40000 ALTER TABLE `concern` DISABLE KEYS */;
/*!40000 ALTER TABLE `concern` ENABLE KEYS */;

-- Listage des données de la table kanff.events : ~0 rows (environ)
DELETE FROM `events`;
/*!40000 ALTER TABLE `events` DISABLE KEYS */;
/*!40000 ALTER TABLE `events` ENABLE KEYS */;

-- Listage des données de la table kanff.get : ~0 rows (environ)
DELETE FROM `get`;
/*!40000 ALTER TABLE `get` DISABLE KEYS */;
/*!40000 ALTER TABLE `get` ENABLE KEYS */;

-- Listage des données de la table kanff.groups : ~7 rows (environ)
DELETE FROM `groups`;
/*!40000 ALTER TABLE `groups` DISABLE KEYS */;
INSERT INTO `groups` (`id`, `name`, `description`, `context`, `prerequisite`, `email`, `image`, `restrict_access`, `chat_link`, `drive_link`, `status`, `state`, `visibility`, `creator_id`, `creation_date`) VALUES
	(1, 'GT Finances', 'Ce groupe s\'occupe de gérer les finances de l\'association. Il gère les dons, les dépenses, les demandes d\'argent, et gère le compte bancaire.', 'Ce groupe a été créé après un problème avec les finances. Le problème était que trop peu de personnes s\'en occupaient.', 'Connaissances minimales en comptabilité requises. Le reste peu être appris sur le tas si vous voulez vous intégrer dans ce groupe. De la rigueur administrative est aussi de mise.', NULL, 'group_5ecjoxx4zzza8cni2zv4t523buef6n.jpg', 0, 'chat.link/join?v=8yyxop3hbs0', 'drive.link/open?f=s47gf0dcf27dzkrxs8cgcev03v7xyt160qyfknn37meco4bjwsks6ola', 'Travail une fois par mois pour les tâches répétitives', 3, 3, 45, '2019-10-13 02:22:11'),
	(2, 'GT Réflexion interne', 'Groupe pour réfléchir au fonctionnement interne.', 'Différentes tensions entre certains membres.', 'A partir du moment que vous avez constaté ou pu expérimenter des problèmes internes dans l\'organisation et la structure, vous êtes aptes à travailler dans ce groupe.', 'interne@assoc.ch', 'group_oivabk34kanwygt3vywoeplzf0lqox.jpg', 0, 'chat.link/join?v=glxiqb54xokdpv', 'drive.link/open?f=tkvb778l7wq950zzcflxveqh6db4trc7zojhq2fffrd1m7flo2jf1aphh9q985gz', '', 1, 3, 35, '2019-05-10 20:09:15'),
	(3, 'Coordination', 'Coordination générale. Fait des AG toutes les 2 semaines.', 'Besoin d\'un groupe contenant tout les membres.', 'Lorem ipsum dolor sit amet, consectetur adipiscing elit. Quis enim confidit semper sibi illud stabile et firmum permansurum, quod fragile et caducum sit? -, sed ut hoc iudicaremus, non esse in iis partem maximam positam beate aut secus vivendi. Duo Reges: constructio interrete. Quod autem meum munus dicis non equidem recuso, sed te adiungo socium. Et si turpitudinem fugimus in statu et motu corporis, quid est cur pulchritudinem non sequamur? An me, inquis, tam amentem putas, ut apud imperitos ', 'coordination@assoc.ch', 'group_ufgdaawfard697vev4q7biit5onz1v.jpg', 1, 'chat.link/join?v=tvqakkjzw8e', 'drive.link/open?f=3682xyrz7dlxg0kfgv3ngwnk31qtlzmidhp0ou5p2psdzshcetg6zr8bs2f9yam9', '', 2, 3, 68, '2020-02-27 22:25:01'),
	(4, 'GT Journal', 'Collaboration avec un journal régional mensuel pour un prochain numéro consacré à l\'association. Le journal sera publié fin mai.', 'Envie de prendre place dans l\'espace médiatique et de se faire connaître...', 'Aimer écrire ou dessiner. Les textes sont travaillés très longtemps avant d\'arriver dans leur phase finale.', NULL, NULL, 0, 'chat.link/join?v=1rhoy8csk3s3d3', 'drive.link/open?f=2y8ntysa0icyjajpkid6nu5rdu5huovdaimx9trcilgj6yejlhmy1', 'En pause pour cause du covid et reporté en septembre.', 1, 3, 100, '2019-06-20 17:47:29'),
	(5, 'GT Festival', 'Organise les "festivals" annuels de l\'association.', '', 'Lorem ipsum dolor sit amet, consectetur adipiscing elit. Idem etiam dolorem saepe perpetiuntur, ne, si id non faciant, incidant in maiorem. Quibus natura iure responderit non esse verum aliunde finem beate vivendi, a se principia rei gerendae peti; Vides igitur te aut ea sumere, quae non concedantur, aut ea, quae etiam concessa te nihil iuvent. At cum de plurimis eadem dicit, tum certe de maximis. Qui enim existimabit posse se miserum esse beatus non erit. Apparet statim, quae sint officia, qu', 'festival@assoc.ch', 'group_2mzics1tk66xw6d3q6hsqmplj4pqud.jpg', 0, 'chat.link/join?v=szury9b5qd9y4', 'drive.link/open?f=ksq5hwp8o93y5dcs6yoi2xy1rzqnxjv7zqnx99r4tcj7z6ae7vm4oh3amcihz2x', '', 1, 4, 45, '2020-09-06 17:41:18'),
	(6, 'GT Multimédia', 'Crée tous les design et médias dont l\'association a besoin. Affiches, vidéos, photos, montages, ...', 'Rassemblement des personnes créatives de l\'association.', 'Lorem ipsum dolor sit amet, consectetur adipiscing elit. Polemoni et iam ante Aristoteli ea prima visa sunt, quae paulo ante dixi. Sit, inquam, tam facilis, quam vultis, comparatio voluptatis, quid de dolore dicemus? Sin est etiam corpus, ista explanatio naturae nempe hoc effecerit, ut ea, quae ante explanationem tenebamus, relinquamus. Non quam nostram quidem, inquit Pomponius iocans; Idne consensisse de Calatino plurimas gentis arbitramur, primarium populi fuisse, quod praestantissimus fuiss', NULL, 'group_2fg2k8ip25uujr77t4tfyegn4puusp.jpg', 0, 'chat.link/join?v=sbzdtvu8eysvc', 'drive.link/open?f=t2vahuxtkbr09thbd5w7zxpgpi4b8q2jmdqjpvap2ewluw7inrmcpztc28tgnco541u', 'Peu actif...', 1, 3, 71, '2020-05-12 14:28:19'),
	(7, 'GT Sites web', 'Ce GT s\'occupe des sites web et de leur maintenance.', 'Besoin de connaissances un peu technique et des personnes qui se portent responsables.', 'Lorem ipsum dolor sit amet, consectetur adipiscing elit. Fortasse id optimum, sed ubi illud: Plus semper voluptatis? Duo Reges: constructio interrete. Hoc est non modo cor non habere, sed ne palatum quidem. \n\n', 'web@assoc.ch', NULL, 1, 'chat.link/join?v=rs6bqmmsvwkxcvq', 'drive.link/open?f=pdz5s3x5eix3iydfdk2s88faoy60enq6f1qw0p92vmi55pqnoftm95d', 'Travail actif sur le site cantonal...', 2, 3, 58, '2020-03-08 04:03:02'),
	(8, 'GT Communication', 'Gére toute la communication interne et externe de l\'association. Gère les différents réseaux sociaux.', '', NULL, NULL, NULL, 0, 'chat.link/join?v=vhefcsr0r6arh', 'drive.link/open?f=iipf9033dd0ifk8pd2gaf9xytxo2lmminwsznqaglhw0fxhexjf', 'Textes et messages envoyés tous les jours. Très actif pour la réfléxion.', 2, 3, 79, '2020-03-10 07:22:47'),
	(9, 'GT Education', 'Fait des formations en ligne pour des membres internes et externes.', 'Volonté de se former au thèmes de l\'association.', 'Lorem ipsum dolor sit amet, consectetur adipiscing elit. Quaeque de virtutibus dicta sunt, quem ad modum eae semper voluptatibus inhaererent, eadem de amicitia dicenda sunt. Item de contrariis, a quibus ad genera formasque generum venerunt. \n\n', NULL, NULL, 0, 'chat.link/join?v=6u9qjj1d5s7a1ia', 'drive.link/open?f=6rq4hrtfjr7rzsj8cny5634g3lhtkw94dfvbg9iuhvgpp0ctf6lcwkmjlxqq0ji72uexzj', 'Formations intenses entre le 15 et le 23. Ensuite pause.', 3, 3, 63, '2019-03-20 01:57:29'),
	(10, '"GT" relations externes', 'Permet de gérer les relations externes, que ce soit les médias, la presse, les demandes d\'interview, ...', 'Beaucoup de demandes d\'interview après le festival 2019.', 'Lorem ipsum dolor sit amet, consectetur adipiscing elit. Tum Triarius: Posthac quidem, inquit, audacius. Ego vero volo in virtute vim esse quam maximam; Nam si beatus umquam fuisset, beatam vitam usque ad illum a Cyro extructum rogum pertulisset. Duo Reges: constructio interrete. Nunc omni virtuti vitium contrario nomine opponitur. Ab his oratores, ab his imperatores ac rerum publicarum principes extiterunt. Quae rursus dum sibi evelli ex ordine nolunt, horridiores evadunt, asperiores, duriore', 'externes@assoc.ch', NULL, 1, 'chat.link/join?v=nf4i91pr6ij', 'drive.link/open?f=ebxuk5edliogvioohvzgca78tyfogtmhs17vn662a0ox5pv9lcpwi5cjjv', '', 1, 3, 74, '2019-09-23 02:34:12'),
	(11, 'GT boîte mail', 'Gestion de la boite mail et réponses aux messages.', '', 'Lorem ipsum dolor sit amet, consectetur adipiscing elit. Sit ista in Graecorum levitate perversitas, qui maledictis insectantur eos, a quibus de veritate dissentiunt. Ne in odium veniam, si amicum destitero tueri. Duo Reges: constructio interrete. Quid, quod homines infima fortuna, nulla spe rerum gerendarum, opifices denique delectantur historia? Quid enim me prohiberet Epicureum esse, si probarem, quae ille diceret? Ita ne hoc quidem modo paria peccata sunt. Tertium autem omnibus aut maximis', NULL, 'group_blwt3uw94psz9n8xtmy1fym3exo8b2.jpg', 0, 'chat.link/join?v=9pm86ipyuq', 'drive.link/open?f=n7o0ssacr9j9e4f18u8y700vpkcv9wzrg167dy1iu1se7uzhjjhfdnpwlwnoliyd7', 'Une personne gère la boite mail par jour et ce tous les jours.', 3, 3, 34, '2019-10-14 01:56:29'),
	(12, 'GT Anniversaire', 'Organisation de la fête annuel de l\'anniversaire du collectif, qui consiste simplement en un apéro sur une soirée.', 'Moment de plaisir et de détente pour changer des périodes de l\'année intense en travail.', 'Lorem ipsum dolor sit amet, consectetur adipiscing elit. Quid, si reviviscant Platonis illi et deinceps qui eorum auditores fuerunt, et tecum ita loquantur? Dicuntur ista, Cato, magnifice, inquam, sed videsne verborum gloriam tibi cum Pyrrhone et cum Aristone, qui omnia exaequant, esse communem? Ita fit ut, quanta differentia est in principiis naturalibus, tanta sit in finibus bonorum malorumque dissimilitudo. \n\n', NULL, NULL, 1, 'chat.link/join?v=4927tiovpmpl7xa', 'drive.link/open?f=0xgpviht38vajy69lvh9dyv3ouxczo48gr4bdu2guu7p4e9ajxdqr', 'Nouveau projet pour les 20 ans démarré.', 1, 1, 8, '2019-08-09 04:44:04'),
	(13, 'GT Bien-être', 'S\'occupe de gérer les conflits à l\'interne et de veiller au bien-être de chaque membre, via la boîte aux lettres.', '', 'Lorem ipsum dolor sit amet, consectetur adipiscing elit. Non enim iam stirpis bonum quaeret, sed animalis. Sed et illum, quem nominavi, et ceteros sophistas, ut e Platone intellegi potest, lusos videmus a Socrate. De ingenio eius in his disputationibus, non de moribus quaeritur. Facile pateremur, qui etiam nunc agendi aliquid discendique causa prope contra naturam vígillas suscipere soleamus. Tu enim ista lenius, hic Stoicorum more nos vexat. Duo Reges: constructio interrete. Ne seges quidem ', NULL, NULL, 1, 'chat.link/join?v=8t0dnrza91', 'drive.link/open?f=65d866jblzkdczefu0j0hyi5ijdb0dqnlij62khpfzc0fs0596zxh', 'Diverses conflits sont en cours d\'être géré mais cela prend du temps...', 2, 2, 6, '2020-08-22 08:02:30');
/*!40000 ALTER TABLE `groups` ENABLE KEYS */;

-- Listage des données de la table kanff.join : ~554 rows (environ)
DELETE FROM `join`;
/*!40000 ALTER TABLE `join` DISABLE KEYS */;
INSERT INTO `join` (`id`, `user_id`, `group_id`, `start`, `end`, `state`, `admin`) VALUES
	(1, 1, 2, '2020-01-14 09:22:11', NULL, 8, 0),
	(2, 1, 12, '2019-07-21 18:01:19', NULL, 8, 0),
	(3, 1, 3, '2019-06-10 13:01:08', NULL, 7, 0),
	(4, 1, 13, '2020-07-23 10:06:11', '2020-08-24 03:58:47', 1, 0),
	(5, 1, 5, '2019-07-09 06:23:49', '2020-04-09 06:40:38', 4, 0),
	(6, 1, 7, '2019-07-10 05:59:08', '2019-11-26 10:39:23', 3, 0),
	(7, 1, 6, '2020-04-17 05:13:24', NULL, 8, 0),
	(8, 1, 11, '2020-04-08 12:40:03', NULL, 8, 0),
	(9, 1, 8, '2020-01-30 06:20:27', NULL, 8, 0),
	(10, 1, 4, '2019-02-14 08:37:09', NULL, 8, 0),
	(11, 2, 12, '2020-09-06 00:34:19', '2020-09-27 16:20:12', 1, 0),
	(12, 2, 10, '2019-05-24 07:05:56', NULL, 8, 0),
	(13, 2, 11, '2020-03-27 01:57:10', NULL, 7, 0),
	(14, 2, 4, '2019-10-26 15:43:02', NULL, 8, 0),
	(15, 2, 9, '2020-06-14 13:46:27', NULL, 7, 0),
	(16, 2, 6, '2019-04-23 03:57:08', NULL, 8, 0),
	(17, 2, 12, '2020-10-07 15:34:09', NULL, 8, 0),
	(18, 3, 11, '2019-04-27 08:12:13', NULL, 8, 0),
	(19, 3, 6, '2019-05-19 00:09:37', NULL, 8, 0),
	(20, 4, 10, '2020-03-01 01:43:43', NULL, 8, 0),
	(21, 4, 6, '2020-09-15 01:11:26', NULL, 8, 0),
	(22, 4, 13, '2020-09-13 10:10:29', NULL, 8, 0),
	(23, 4, 1, '2020-10-05 19:39:46', NULL, 8, 0),
	(24, 5, 9, '2019-01-14 00:54:37', NULL, 8, 0),
	(25, 5, 12, '2019-11-17 01:42:47', NULL, 8, 0),
	(26, 5, 10, '2019-11-01 07:01:07', NULL, 8, 0),
	(27, 5, 4, '2019-07-10 10:26:51', '2020-09-09 12:40:53', 4, 0),
	(28, 5, 6, '2020-10-07 07:03:03', NULL, 8, 0),
	(29, 5, 3, '2020-02-08 15:53:17', '2020-08-17 17:47:08', 2, 0),
	(30, 5, 11, '2019-05-10 04:23:24', NULL, 8, 0),
	(31, 5, 3, '2020-08-26 01:06:52', '2020-09-23 06:20:01', 6, 0),
	(32, 5, 7, '2019-02-18 13:12:20', '2019-11-05 01:22:08', 1, 0),
	(33, 5, 5, '2019-12-25 19:52:40', NULL, 8, 0),
	(34, 6, 11, '2019-10-08 00:33:59', NULL, 8, 0),
	(35, 6, 6, '2020-05-10 04:00:34', '2020-05-19 23:42:59', 5, 0),
	(36, 6, 13, '2020-06-20 18:35:01', '2020-09-19 20:11:51', 5, 1),
	(37, 6, 5, '2020-06-08 09:23:47', '2020-07-20 20:07:01', 5, 0),
	(38, 6, 8, '2020-06-23 01:54:12', NULL, 8, 0),
	(39, 6, 12, '2020-08-25 02:37:06', '2020-08-28 19:10:13', 3, 0),
	(40, 7, 2, '2020-01-12 15:43:36', NULL, 8, 0),
	(41, 7, 13, '2020-07-18 22:06:05', NULL, 8, 0),
	(42, 8, 12, '2019-06-18 20:37:30', '2019-12-24 20:32:22', 4, 1),
	(43, 8, 10, '2019-05-05 03:09:40', '2020-09-24 23:51:54', 1, 0),
	(44, 8, 4, '2019-11-13 08:24:22', '2020-03-24 20:42:33', 5, 0),
	(45, 9, 9, '2020-08-18 03:35:01', '2020-10-02 00:46:40', 3, 0),
	(46, 9, 5, '2019-10-17 00:48:04', NULL, 8, 1),
	(47, 10, 7, '2019-04-17 05:17:09', '2020-01-01 14:50:47', 4, 0),
	(48, 10, 2, '2019-04-30 13:06:55', '2020-04-13 06:43:51', 3, 0),
	(49, 11, 3, '2019-05-17 13:08:48', '2020-08-21 13:30:51', 4, 0),
	(50, 11, 3, '2020-09-14 12:25:16', NULL, 8, 0),
	(51, 11, 11, '2019-11-27 21:39:22', '2020-05-03 22:27:35', 4, 0),
	(52, 12, 4, '2020-03-31 14:20:36', NULL, 8, 0),
	(53, 12, 7, '2020-04-12 11:41:57', '2020-05-17 02:14:21', 1, 0),
	(54, 12, 5, '2020-09-21 16:05:03', NULL, 7, 0),
	(55, 12, 10, '2020-02-14 03:09:19', NULL, 8, 0),
	(56, 12, 6, '2020-03-31 00:37:01', NULL, 8, 0),
	(57, 13, 9, '2019-02-26 02:39:35', NULL, 8, 0),
	(58, 13, 2, '2020-06-20 06:56:53', '2020-07-24 22:34:04', 3, 0),
	(59, 13, 12, '2020-04-01 10:12:51', NULL, 8, 0),
	(60, 13, 4, '2020-08-29 02:07:02', NULL, 8, 0),
	(61, 13, 1, '2019-05-31 08:05:41', NULL, 8, 0),
	(62, 13, 13, '2020-05-26 19:27:27', NULL, 8, 0),
	(63, 13, 10, '2019-07-13 13:16:15', '2019-07-14 22:31:45', 1, 0),
	(64, 14, 11, '2020-08-03 04:07:43', NULL, 8, 0),
	(65, 14, 7, '2019-05-07 16:18:09', NULL, 8, 0),
	(66, 14, 10, '2020-02-01 18:00:54', NULL, 8, 0),
	(67, 14, 8, '2019-07-09 06:26:52', NULL, 8, 0),
	(68, 14, 12, '2019-02-23 01:36:39', NULL, 8, 0),
	(69, 14, 6, '2020-06-20 00:08:07', NULL, 8, 0),
	(70, 14, 1, '2020-04-12 16:04:40', NULL, 8, 0),
	(71, 14, 13, '2020-07-09 20:49:02', NULL, 8, 0),
	(72, 16, 8, '2020-04-26 21:03:54', NULL, 8, 0),
	(73, 16, 11, '2020-05-24 11:47:25', NULL, 8, 0),
	(74, 16, 1, '2019-02-25 18:42:04', NULL, 8, 0),
	(75, 16, 6, '2019-05-16 16:04:39', NULL, 8, 0),
	(76, 16, 12, '2019-10-03 02:01:01', NULL, 8, 0),
	(77, 17, 5, '2019-01-05 21:29:44', NULL, 8, 0),
	(78, 17, 11, '2020-02-09 22:18:15', NULL, 8, 0),
	(79, 17, 8, '2019-03-01 17:13:23', NULL, 8, 0),
	(80, 17, 1, '2019-04-02 16:37:25', '2020-04-11 00:44:09', 4, 0),
	(81, 17, 7, '2019-03-17 03:46:18', NULL, 8, 0),
	(82, 17, 2, '2019-06-24 09:08:00', NULL, 8, 0),
	(83, 17, 3, '2019-06-23 04:26:19', NULL, 8, 0),
	(84, 17, 9, '2019-12-18 15:45:36', NULL, 8, 0),
	(85, 17, 12, '2020-06-27 04:19:22', NULL, 8, 0),
	(86, 18, 10, '2020-08-05 00:03:00', NULL, 8, 0),
	(87, 18, 6, '2019-06-11 22:03:23', NULL, 8, 0),
	(88, 18, 1, '2020-08-07 09:07:17', NULL, 8, 0),
	(89, 18, 7, '2019-02-04 01:38:03', NULL, 8, 0),
	(90, 18, 5, '2020-02-04 16:21:42', NULL, 8, 0),
	(91, 18, 11, '2020-09-01 11:10:45', NULL, 8, 0),
	(92, 18, 2, '2020-09-08 23:34:57', NULL, 8, 0),
	(93, 18, 12, '2020-05-13 06:44:39', NULL, 8, 0),
	(94, 18, 4, '2019-11-13 11:12:01', NULL, 8, 0),
	(95, 19, 5, '2020-08-04 08:13:09', NULL, 8, 0),
	(96, 19, 9, '2020-07-06 18:18:01', NULL, 7, 0),
	(97, 19, 6, '2019-05-13 14:15:19', NULL, 7, 0),
	(98, 19, 2, '2019-11-29 04:02:32', NULL, 8, 0),
	(99, 19, 11, '2020-02-13 23:14:30', '2020-06-15 15:31:40', 5, 0),
	(100, 19, 12, '2019-11-28 10:05:58', NULL, 8, 0),
	(101, 20, 7, '2019-02-17 00:11:33', '2019-07-09 21:33:58', 2, 0),
	(102, 20, 12, '2020-03-31 23:22:56', NULL, 8, 0),
	(103, 20, 3, '2020-07-17 00:43:12', NULL, 8, 0),
	(104, 20, 11, '2020-08-05 11:48:47', '2020-09-20 07:15:27', 6, 0),
	(105, 20, 4, '2020-06-09 04:58:49', NULL, 8, 0),
	(106, 20, 10, '2019-06-17 16:11:48', NULL, 8, 0),
	(107, 21, 4, '2019-03-03 07:01:00', NULL, 8, 0),
	(108, 21, 9, '2020-01-29 04:30:29', NULL, 8, 0),
	(109, 21, 1, '2020-03-14 18:50:04', NULL, 8, 0),
	(110, 21, 7, '2019-11-17 20:49:32', '2020-01-15 08:57:06', 5, 0),
	(111, 21, 5, '2020-08-18 18:23:07', NULL, 7, 0),
	(112, 22, 7, '2020-07-20 23:48:08', NULL, 8, 0),
	(113, 22, 3, '2019-10-31 11:28:54', '2020-05-25 08:18:16', 2, 0),
	(114, 22, 8, '2019-06-20 14:11:09', '2020-08-01 19:59:53', 3, 0),
	(115, 22, 12, '2019-09-03 10:01:37', NULL, 8, 0),
	(116, 22, 4, '2019-08-12 07:33:39', NULL, 8, 0),
	(117, 22, 6, '2019-09-06 19:21:44', NULL, 8, 0),
	(118, 22, 10, '2020-06-21 11:02:29', NULL, 8, 0),
	(119, 23, 13, '2020-09-01 20:22:37', NULL, 8, 0),
	(120, 23, 4, '2019-04-26 20:58:39', NULL, 8, 0),
	(121, 23, 1, '2019-04-04 09:29:04', NULL, 8, 0),
	(122, 23, 2, '2020-07-06 09:15:45', NULL, 8, 0),
	(123, 23, 5, '2020-02-08 20:35:43', NULL, 8, 0),
	(124, 24, 3, '2019-05-08 22:16:49', NULL, 8, 0),
	(125, 24, 12, '2020-04-29 22:46:46', NULL, 8, 0),
	(126, 24, 6, '2020-02-10 12:18:19', '2020-08-26 12:25:04', 3, 0),
	(127, 24, 2, '2019-01-21 23:45:07', NULL, 7, 0),
	(128, 24, 9, '2020-03-09 13:20:19', '2020-07-29 01:30:46', 6, 0),
	(129, 24, 5, '2020-04-02 12:16:34', NULL, 8, 0),
	(130, 24, 1, '2019-02-06 20:45:50', NULL, 8, 0),
	(131, 24, 13, '2020-05-19 12:01:14', NULL, 8, 0),
	(132, 24, 8, '2020-09-30 19:30:09', NULL, 8, 0),
	(133, 24, 11, '2020-03-04 21:45:34', NULL, 8, 0),
	(134, 25, 7, '2019-11-11 11:04:35', NULL, 8, 0),
	(135, 25, 3, '2020-03-28 12:02:26', '2020-05-15 07:23:01', 1, 0),
	(136, 25, 10, '2020-05-03 17:44:06', NULL, 8, 0),
	(137, 25, 11, '2020-09-05 22:08:15', NULL, 8, 0),
	(138, 26, 12, '2020-02-12 01:49:27', NULL, 8, 0),
	(139, 26, 10, '2019-07-22 07:55:03', '2020-09-07 07:57:50', 6, 0),
	(140, 26, 9, '2020-06-01 06:07:12', NULL, 8, 0),
	(141, 26, 2, '2019-06-29 05:03:28', NULL, 8, 0),
	(142, 26, 13, '2019-01-29 05:19:25', NULL, 8, 0),
	(143, 26, 10, '2020-09-09 02:04:54', NULL, 8, 0),
	(144, 26, 7, '2019-05-28 17:52:06', NULL, 8, 0),
	(145, 26, 6, '2019-11-01 09:09:22', NULL, 7, 0),
	(146, 26, 3, '2019-07-19 00:27:47', NULL, 8, 0),
	(147, 26, 4, '2020-09-24 06:07:05', NULL, 8, 0),
	(148, 27, 13, '2019-04-02 03:41:45', NULL, 8, 0),
	(149, 27, 11, '2019-10-17 09:09:24', NULL, 8, 0),
	(150, 27, 4, '2020-08-28 02:57:35', '2020-08-30 21:40:22', 3, 0),
	(151, 27, 12, '2019-02-01 05:35:28', '2019-04-20 16:27:14', 2, 0),
	(152, 27, 2, '2019-05-18 06:55:40', NULL, 8, 0),
	(153, 28, 6, '2019-03-16 18:44:31', NULL, 8, 0),
	(154, 28, 10, '2020-05-17 15:46:22', NULL, 8, 0),
	(155, 28, 12, '2020-03-07 21:27:31', '2020-07-09 19:27:06', 4, 0),
	(156, 28, 3, '2019-10-15 18:24:34', NULL, 7, 0),
	(157, 29, 4, '2019-07-01 06:36:01', '2019-08-18 23:18:50', 6, 1),
	(158, 29, 11, '2019-03-10 12:19:41', NULL, 7, 0),
	(159, 29, 2, '2019-07-05 20:43:23', NULL, 8, 0),
	(160, 29, 9, '2019-04-29 07:54:06', NULL, 8, 0),
	(161, 30, 9, '2019-02-21 10:34:10', NULL, 8, 0),
	(162, 30, 12, '2020-09-02 01:41:31', NULL, 8, 0),
	(163, 30, 7, '2020-04-15 07:06:58', NULL, 8, 0),
	(164, 30, 11, '2019-01-31 05:52:18', NULL, 8, 0),
	(165, 30, 2, '2020-07-09 10:45:39', NULL, 8, 0),
	(166, 31, 2, '2019-06-12 12:32:32', NULL, 8, 0),
	(167, 31, 12, '2020-05-29 19:20:15', '2020-09-29 12:33:16', 1, 0),
	(168, 32, 7, '2019-08-25 22:25:50', NULL, 8, 1),
	(169, 32, 12, '2020-07-24 06:40:00', NULL, 8, 0),
	(170, 32, 9, '2020-03-05 08:18:34', NULL, 8, 0),
	(171, 32, 8, '2019-04-29 07:19:27', '2020-09-21 08:18:44', 5, 0),
	(172, 32, 10, '2020-02-18 09:05:47', NULL, 8, 0),
	(173, 33, 13, '2020-04-12 15:32:21', '2020-05-04 08:33:31', 1, 0),
	(174, 33, 6, '2020-05-06 13:27:20', NULL, 8, 0),
	(175, 33, 9, '2019-01-22 20:46:16', NULL, 8, 0),
	(176, 33, 7, '2020-08-23 23:12:21', NULL, 8, 0),
	(177, 33, 1, '2019-07-30 06:30:15', NULL, 8, 0),
	(178, 33, 12, '2019-09-19 20:22:14', NULL, 8, 0),
	(179, 33, 3, '2020-05-12 01:32:25', '2020-09-17 18:28:31', 3, 0),
	(180, 33, 4, '2019-05-17 20:01:39', NULL, 8, 0),
	(181, 33, 10, '2020-05-18 06:16:47', NULL, 8, 0),
	(182, 33, 13, '2020-08-04 21:32:07', NULL, 8, 0),
	(183, 34, 11, '2019-06-07 00:25:57', NULL, 8, 1),
	(184, 34, 9, '2019-02-23 14:55:58', NULL, 8, 0),
	(185, 34, 8, '2019-02-11 10:00:42', NULL, 8, 0),
	(186, 34, 12, '2020-09-17 15:48:31', NULL, 8, 0),
	(187, 34, 7, '2020-02-05 10:13:34', '2020-08-06 21:02:28', 4, 0),
	(188, 34, 1, '2020-04-26 21:17:30', NULL, 8, 0),
	(189, 34, 13, '2019-09-16 11:10:38', NULL, 8, 0),
	(190, 34, 6, '2019-07-17 12:51:00', NULL, 8, 0),
	(191, 35, 12, '2019-07-06 13:45:34', NULL, 8, 0),
	(192, 35, 7, '2019-06-23 02:53:17', '2020-02-21 20:07:15', 2, 0),
	(193, 35, 13, '2019-01-17 19:04:36', NULL, 8, 0),
	(194, 35, 2, '2020-07-14 03:42:47', NULL, 8, 1),
	(195, 35, 1, '2020-01-22 22:04:22', NULL, 8, 0),
	(196, 36, 2, '2020-04-19 21:18:24', NULL, 8, 0),
	(197, 36, 1, '2019-01-24 11:27:00', NULL, 8, 0),
	(198, 37, 2, '2019-03-23 15:48:57', NULL, 8, 0),
	(199, 37, 11, '2019-03-11 21:24:00', NULL, 8, 0),
	(200, 37, 8, '2020-02-07 16:02:30', NULL, 8, 0),
	(201, 37, 1, '2019-10-29 23:37:22', '2020-05-12 00:26:18', 3, 0),
	(202, 37, 13, '2020-05-29 23:02:28', NULL, 8, 0),
	(203, 37, 1, '2020-09-04 07:36:10', NULL, 7, 0),
	(204, 38, 12, '2019-01-06 04:26:10', '2019-09-24 06:26:34', 1, 0),
	(205, 38, 1, '2019-03-05 02:15:30', NULL, 8, 0),
	(206, 38, 8, '2019-02-26 21:09:29', NULL, 8, 0),
	(207, 38, 2, '2020-09-12 09:11:15', '2020-09-23 00:30:07', 4, 0),
	(208, 39, 10, '2019-04-03 21:25:54', NULL, 8, 0),
	(209, 39, 2, '2020-06-25 06:59:41', NULL, 8, 0),
	(210, 39, 12, '2020-07-14 21:08:27', NULL, 8, 0),
	(211, 39, 5, '2020-07-18 06:53:01', NULL, 8, 1),
	(212, 39, 8, '2020-06-24 17:11:48', NULL, 8, 0),
	(213, 39, 3, '2020-04-30 02:16:11', NULL, 8, 0),
	(214, 40, 11, '2020-09-03 16:21:47', NULL, 8, 0),
	(215, 40, 8, '2019-07-02 11:31:01', NULL, 8, 0),
	(216, 40, 13, '2019-05-24 14:41:37', NULL, 8, 0),
	(217, 40, 1, '2020-06-04 09:28:00', '2020-07-05 06:02:45', 6, 0),
	(218, 41, 7, '2019-05-13 14:01:01', '2020-03-21 12:39:56', 1, 0),
	(219, 41, 4, '2019-06-21 05:55:29', NULL, 8, 1),
	(220, 41, 5, '2019-01-29 08:55:22', NULL, 8, 0),
	(221, 41, 2, '2020-09-11 06:03:36', NULL, 8, 0),
	(222, 41, 10, '2019-10-30 08:37:11', '2020-06-16 22:23:15', 6, 0),
	(223, 41, 3, '2020-09-20 20:38:47', NULL, 7, 0),
	(224, 41, 7, '2020-03-30 17:06:47', NULL, 8, 0),
	(225, 41, 9, '2020-05-06 13:46:46', NULL, 8, 0),
	(226, 41, 12, '2020-04-28 17:07:09', NULL, 8, 0),
	(227, 41, 11, '2020-04-17 00:29:29', NULL, 8, 0),
	(228, 42, 3, '2019-03-17 17:03:26', NULL, 8, 0),
	(229, 42, 12, '2019-12-20 16:08:08', NULL, 8, 0),
	(230, 42, 6, '2020-06-29 09:58:46', NULL, 8, 0),
	(231, 43, 12, '2019-01-10 04:34:50', NULL, 8, 0),
	(232, 43, 4, '2020-04-07 18:42:43', NULL, 8, 0),
	(233, 43, 9, '2020-02-21 04:25:27', NULL, 8, 0),
	(234, 43, 7, '2019-12-19 17:40:34', NULL, 7, 0),
	(235, 43, 6, '2020-06-21 10:18:54', NULL, 8, 0),
	(236, 43, 8, '2019-03-10 01:54:01', NULL, 8, 0),
	(237, 43, 11, '2020-05-09 05:24:13', NULL, 8, 0),
	(238, 43, 5, '2019-03-30 11:21:06', '2020-07-01 22:25:03', 4, 0),
	(239, 43, 1, '2019-10-30 21:09:43', NULL, 8, 0),
	(240, 43, 10, '2020-01-04 04:59:36', NULL, 7, 0),
	(241, 44, 1, '2019-11-10 07:38:18', NULL, 8, 0),
	(242, 44, 4, '2020-05-18 20:34:37', NULL, 8, 1),
	(243, 44, 8, '2019-03-11 09:39:02', NULL, 8, 0),
	(244, 45, 1, '2019-02-09 04:10:07', NULL, 8, 1),
	(245, 45, 5, '2020-01-15 08:51:49', NULL, 8, 1),
	(246, 45, 4, '2019-07-13 01:13:57', NULL, 7, 0),
	(247, 46, 3, '2020-06-13 09:20:51', '2020-06-20 15:37:28', 2, 0),
	(248, 46, 3, '2020-06-29 22:45:52', NULL, 8, 0),
	(249, 46, 10, '2019-02-19 12:08:01', NULL, 8, 0),
	(250, 46, 6, '2020-04-27 09:57:08', NULL, 7, 0),
	(251, 46, 8, '2020-06-23 09:31:34', NULL, 8, 0),
	(252, 47, 7, '2019-02-07 20:57:38', NULL, 8, 0),
	(253, 47, 11, '2020-01-30 07:59:16', NULL, 8, 0),
	(254, 47, 3, '2019-04-22 18:03:01', NULL, 8, 1),
	(255, 47, 6, '2019-02-11 16:09:01', NULL, 8, 0),
	(256, 47, 9, '2019-07-01 23:40:20', NULL, 8, 0),
	(257, 48, 13, '2019-09-01 11:14:39', NULL, 8, 0),
	(258, 48, 1, '2020-03-06 02:05:37', NULL, 7, 0),
	(259, 48, 6, '2019-08-26 17:58:09', NULL, 8, 0),
	(260, 49, 3, '2019-04-28 19:50:02', NULL, 8, 0),
	(261, 49, 9, '2020-08-25 03:03:17', NULL, 8, 0),
	(262, 49, 11, '2019-08-25 06:35:07', NULL, 8, 0),
	(263, 51, 6, '2020-08-18 07:59:54', NULL, 8, 0),
	(264, 51, 3, '2019-11-06 18:36:23', '2020-05-05 22:01:42', 1, 0),
	(265, 51, 4, '2019-01-04 00:27:27', '2019-04-08 19:31:11', 5, 1),
	(266, 51, 11, '2020-09-01 11:39:08', NULL, 8, 0),
	(267, 51, 12, '2020-04-18 08:38:50', '2020-06-07 20:36:57', 3, 0),
	(268, 51, 8, '2019-09-05 14:15:41', NULL, 8, 0),
	(269, 51, 7, '2019-02-05 18:25:25', '2019-03-17 02:24:09', 2, 0),
	(270, 52, 10, '2020-02-24 18:47:10', NULL, 8, 0),
	(271, 52, 12, '2020-01-07 20:54:29', NULL, 8, 0),
	(272, 52, 6, '2019-02-06 01:33:28', NULL, 7, 0),
	(273, 52, 8, '2020-03-05 10:20:02', NULL, 8, 0),
	(274, 52, 3, '2020-06-29 10:36:48', '2020-07-02 08:25:17', 2, 0),
	(275, 53, 11, '2019-06-23 01:49:28', NULL, 7, 0),
	(276, 53, 13, '2020-01-28 16:28:52', NULL, 8, 0),
	(277, 53, 9, '2020-08-01 06:58:26', NULL, 8, 0),
	(278, 53, 8, '2020-07-27 15:13:35', NULL, 8, 0),
	(279, 53, 3, '2020-01-07 16:26:15', '2020-09-27 05:00:16', 1, 0),
	(280, 53, 5, '2019-09-25 00:12:23', NULL, 8, 0),
	(281, 53, 4, '2020-07-10 10:20:20', NULL, 8, 0),
	(282, 54, 10, '2020-01-12 12:03:31', '2020-04-26 11:21:06', 6, 0),
	(283, 54, 7, '2019-03-09 13:33:03', NULL, 8, 0),
	(284, 54, 12, '2020-08-24 20:35:12', NULL, 8, 0),
	(285, 54, 2, '2020-05-10 00:23:45', NULL, 8, 0),
	(286, 54, 5, '2020-09-26 07:00:33', '2020-10-03 18:42:17', 4, 0),
	(287, 54, 8, '2020-08-12 15:55:27', NULL, 8, 0),
	(288, 55, 1, '2019-01-29 06:59:24', NULL, 8, 0),
	(289, 55, 9, '2019-10-29 01:39:29', NULL, 8, 0),
	(290, 55, 8, '2020-02-17 07:26:50', NULL, 7, 0),
	(291, 55, 7, '2019-09-01 00:31:25', NULL, 8, 0),
	(292, 56, 5, '2019-03-17 04:03:30', NULL, 8, 0),
	(293, 56, 3, '2020-02-21 08:31:01', '2020-05-24 04:37:42', 2, 0),
	(294, 56, 3, '2020-05-26 13:08:07', '2020-07-07 13:03:13', 1, 0),
	(295, 57, 2, '2019-10-22 01:17:53', NULL, 8, 0),
	(296, 57, 11, '2020-01-29 05:21:27', NULL, 8, 0),
	(297, 57, 12, '2019-06-18 11:28:48', '2020-08-02 02:45:13', 2, 0),
	(298, 57, 1, '2019-10-04 02:12:03', NULL, 7, 0),
	(299, 57, 10, '2019-12-14 12:10:58', NULL, 7, 0),
	(300, 57, 5, '2019-04-23 03:20:46', '2019-08-31 08:25:20', 6, 0),
	(301, 58, 5, '2019-12-22 03:31:06', NULL, 8, 0),
	(302, 58, 8, '2019-03-25 06:18:59', NULL, 8, 0),
	(303, 59, 10, '2019-08-29 16:32:49', NULL, 8, 0),
	(304, 59, 2, '2019-09-27 05:21:34', NULL, 8, 0),
	(305, 59, 12, '2019-01-09 18:57:01', '2019-03-12 08:23:44', 6, 0),
	(306, 59, 3, '2020-07-09 23:49:50', NULL, 8, 1),
	(307, 59, 7, '2019-04-26 14:06:20', NULL, 7, 0),
	(308, 59, 1, '2019-11-01 01:56:06', '2020-03-16 19:25:07', 4, 0),
	(309, 59, 11, '2019-01-11 03:19:07', NULL, 8, 0),
	(310, 59, 13, '2019-03-25 09:38:12', '2020-04-23 08:03:39', 6, 0),
	(311, 60, 7, '2019-03-24 03:56:26', NULL, 8, 0),
	(312, 60, 9, '2019-04-18 21:23:42', NULL, 8, 0),
	(313, 60, 4, '2019-08-19 17:50:05', NULL, 8, 0),
	(314, 60, 5, '2020-03-28 19:19:38', NULL, 7, 0),
	(315, 60, 3, '2019-08-03 19:42:48', '2019-08-25 13:11:39', 6, 0),
	(316, 61, 12, '2020-02-01 10:33:01', '2020-02-07 08:51:48', 1, 0),
	(317, 61, 9, '2019-01-31 21:58:31', '2020-05-20 12:40:03', 4, 0),
	(318, 61, 8, '2019-03-13 20:10:11', NULL, 8, 0),
	(319, 61, 9, '2020-07-25 12:39:31', NULL, 8, 0),
	(320, 62, 5, '2020-02-07 17:51:25', NULL, 8, 0),
	(321, 62, 4, '2019-02-24 04:53:16', NULL, 8, 0),
	(322, 62, 10, '2020-09-16 06:41:40', NULL, 8, 0),
	(323, 62, 1, '2019-04-08 14:56:05', NULL, 8, 0),
	(324, 63, 1, '2020-07-11 18:45:31', NULL, 8, 0),
	(325, 63, 8, '2019-04-11 23:40:31', '2019-08-18 13:55:38', 4, 0),
	(326, 64, 7, '2020-08-31 16:45:02', NULL, 8, 0),
	(327, 64, 10, '2020-08-08 23:56:47', NULL, 8, 0),
	(328, 64, 2, '2019-02-28 04:09:05', NULL, 8, 0),
	(329, 65, 2, '2019-08-16 07:28:13', NULL, 8, 0),
	(330, 65, 5, '2019-06-03 17:08:28', NULL, 7, 0),
	(331, 65, 1, '2020-09-14 17:33:02', NULL, 8, 0),
	(332, 65, 9, '2020-03-30 22:41:28', NULL, 8, 0),
	(333, 65, 8, '2019-05-19 04:26:50', NULL, 8, 1),
	(334, 65, 7, '2020-03-12 06:03:59', NULL, 8, 0),
	(335, 65, 3, '2019-01-21 20:08:46', NULL, 8, 0),
	(336, 65, 12, '2020-09-02 22:41:47', '2020-09-23 01:55:03', 2, 0),
	(337, 66, 3, '2020-07-18 00:48:14', NULL, 8, 0),
	(338, 66, 12, '2019-11-02 09:19:04', NULL, 8, 0),
	(339, 66, 4, '2019-04-09 05:12:34', NULL, 8, 0),
	(340, 66, 7, '2019-01-19 03:21:34', NULL, 8, 0),
	(341, 66, 2, '2019-11-11 13:37:39', NULL, 8, 0),
	(342, 66, 6, '2019-12-31 08:03:32', NULL, 8, 0),
	(343, 66, 5, '2019-02-08 21:29:20', '2020-04-05 09:40:44', 4, 0),
	(344, 66, 13, '2020-05-16 16:36:28', NULL, 8, 0),
	(345, 67, 11, '2020-05-20 10:15:58', NULL, 8, 0),
	(346, 67, 13, '2019-03-03 14:39:36', NULL, 8, 0),
	(347, 67, 3, '2020-02-26 17:59:51', '2020-10-01 01:11:19', 2, 0),
	(348, 68, 3, '2019-07-11 19:10:36', '2020-09-04 11:33:42', 3, 1),
	(349, 68, 7, '2020-09-17 05:00:48', NULL, 8, 0),
	(350, 68, 11, '2020-06-22 18:46:52', NULL, 8, 0),
	(351, 68, 13, '2019-01-11 15:16:44', NULL, 8, 0),
	(352, 68, 2, '2020-07-26 19:08:38', NULL, 8, 0),
	(353, 68, 4, '2019-06-15 13:57:35', NULL, 7, 0),
	(354, 68, 12, '2020-02-16 12:58:19', NULL, 8, 0),
	(355, 69, 3, '2019-01-09 00:14:05', '2020-01-12 17:11:09', 1, 0),
	(356, 69, 13, '2020-06-28 02:18:49', '2020-10-02 02:45:34', 1, 0),
	(357, 69, 4, '2019-03-09 14:55:16', NULL, 8, 0),
	(358, 69, 12, '2020-04-12 18:09:18', '2020-06-21 04:28:49', 1, 0),
	(359, 69, 7, '2020-07-07 16:56:23', NULL, 8, 0),
	(360, 69, 11, '2019-09-09 02:23:39', NULL, 8, 0),
	(361, 69, 13, '2020-10-04 22:18:43', '2020-10-05 19:31:18', 1, 0),
	(362, 69, 1, '2019-09-17 07:07:14', NULL, 8, 0),
	(363, 69, 3, '2020-02-23 11:34:51', '2020-08-15 23:39:46', 4, 0),
	(364, 70, 6, '2020-08-07 08:53:54', '2020-08-28 17:47:22', 4, 1),
	(365, 70, 3, '2020-02-09 08:37:13', '2020-09-26 13:31:32', 4, 1),
	(366, 70, 13, '2019-01-02 19:25:22', NULL, 8, 0),
	(367, 70, 2, '2019-06-22 17:51:24', NULL, 8, 0),
	(368, 70, 12, '2019-08-27 06:19:11', NULL, 8, 0),
	(369, 70, 7, '2020-02-23 16:44:30', NULL, 8, 0),
	(370, 70, 4, '2019-08-28 10:43:05', NULL, 8, 0),
	(371, 70, 8, '2020-09-20 18:48:22', NULL, 8, 0),
	(372, 71, 6, '2020-01-15 19:16:05', NULL, 8, 1),
	(373, 71, 1, '2019-03-01 16:40:28', NULL, 8, 0),
	(374, 71, 8, '2019-04-25 14:28:21', NULL, 8, 0),
	(375, 71, 12, '2020-08-20 21:22:28', '2020-09-01 03:09:04', 3, 0),
	(376, 71, 7, '2020-07-09 13:14:37', NULL, 8, 0),
	(377, 71, 9, '2019-10-02 12:32:05', NULL, 8, 0),
	(378, 71, 4, '2020-06-22 06:42:05', '2020-07-18 08:39:31', 4, 0),
	(379, 72, 10, '2020-03-16 15:12:20', NULL, 8, 0),
	(380, 72, 7, '2020-09-04 16:25:51', NULL, 8, 0),
	(381, 72, 11, '2020-07-27 11:42:46', NULL, 8, 0),
	(382, 72, 4, '2019-08-21 10:34:13', NULL, 7, 0),
	(383, 72, 12, '2019-02-10 17:05:44', NULL, 8, 0),
	(384, 72, 6, '2019-02-23 00:43:26', NULL, 8, 0),
	(385, 72, 8, '2019-05-04 22:29:42', NULL, 8, 0),
	(386, 72, 2, '2020-03-18 22:17:43', '2020-05-03 01:39:35', 3, 0),
	(387, 72, 2, '2020-09-06 04:51:37', NULL, 8, 0),
	(388, 73, 13, '2019-12-26 16:04:21', NULL, 8, 0),
	(389, 73, 10, '2020-01-03 17:10:22', NULL, 8, 0),
	(390, 73, 9, '2020-10-05 08:58:38', NULL, 8, 0),
	(391, 74, 11, '2020-05-06 16:16:18', NULL, 8, 0),
	(392, 74, 9, '2019-10-24 18:42:34', NULL, 8, 0),
	(393, 74, 2, '2020-08-22 07:37:31', NULL, 8, 0),
	(394, 74, 10, '2020-10-04 09:52:30', '2020-10-05 12:00:29', 3, 1),
	(395, 74, 7, '2020-02-19 19:12:07', NULL, 8, 0),
	(396, 74, 5, '2020-05-06 18:21:39', NULL, 7, 0),
	(397, 74, 4, '2020-02-07 15:09:18', NULL, 8, 0),
	(398, 75, 6, '2020-08-31 13:08:16', NULL, 7, 0),
	(399, 75, 4, '2019-07-09 18:12:33', NULL, 8, 0),
	(400, 75, 11, '2020-06-04 00:40:18', NULL, 8, 0),
	(401, 75, 3, '2019-05-20 12:47:35', NULL, 8, 0),
	(402, 75, 5, '2020-05-24 17:38:55', NULL, 8, 0),
	(403, 76, 2, '2019-01-30 05:05:07', NULL, 7, 0),
	(404, 76, 12, '2019-05-05 18:43:22', NULL, 8, 0),
	(405, 76, 9, '2019-10-15 12:38:46', '2019-12-11 14:25:50', 3, 0),
	(406, 77, 8, '2020-01-16 22:24:49', NULL, 8, 0),
	(407, 77, 10, '2019-05-24 18:15:50', '2020-05-28 11:27:18', 2, 0),
	(408, 77, 1, '2019-09-18 23:50:45', NULL, 8, 0),
	(409, 77, 13, '2020-09-07 01:13:26', '2020-10-02 08:11:10', 5, 0),
	(410, 77, 11, '2019-03-15 11:22:06', NULL, 8, 0),
	(411, 78, 2, '2020-05-24 23:26:57', NULL, 8, 0),
	(412, 78, 5, '2020-09-17 16:23:39', '2020-10-02 12:08:14', 4, 0),
	(413, 78, 12, '2019-10-06 00:09:50', NULL, 8, 0),
	(414, 78, 1, '2019-09-19 10:36:36', NULL, 8, 0),
	(415, 78, 7, '2020-07-16 19:00:28', NULL, 8, 0),
	(416, 78, 11, '2019-05-23 07:43:48', NULL, 8, 0),
	(417, 78, 8, '2019-01-29 04:40:35', '2019-08-14 02:24:25', 3, 0),
	(418, 78, 3, '2019-12-18 20:46:53', NULL, 8, 0),
	(419, 78, 10, '2020-04-24 23:45:16', NULL, 8, 0),
	(420, 78, 9, '2020-05-09 01:19:04', NULL, 8, 0),
	(421, 79, 1, '2019-09-17 02:53:02', NULL, 8, 0),
	(422, 79, 3, '2019-01-16 00:26:52', NULL, 8, 0),
	(423, 79, 12, '2019-12-29 10:26:44', NULL, 7, 0),
	(424, 79, 11, '2019-07-12 23:59:07', NULL, 7, 0),
	(425, 79, 10, '2019-12-13 11:20:35', NULL, 8, 0),
	(426, 79, 8, '2020-04-24 01:45:03', NULL, 8, 1),
	(427, 79, 9, '2019-11-24 00:41:04', '2020-04-09 02:42:40', 3, 0),
	(428, 80, 7, '2019-05-23 08:59:53', NULL, 8, 0),
	(429, 80, 3, '2020-08-25 13:05:00', NULL, 8, 0),
	(430, 81, 3, '2019-11-03 19:43:53', NULL, 8, 0),
	(431, 81, 10, '2020-06-10 12:47:26', NULL, 8, 0),
	(432, 81, 6, '2019-07-14 06:34:50', NULL, 8, 0),
	(433, 81, 4, '2020-04-05 13:08:55', NULL, 8, 0),
	(434, 81, 8, '2019-06-21 17:14:52', NULL, 8, 0),
	(435, 81, 13, '2020-06-11 17:40:41', NULL, 8, 0),
	(436, 81, 2, '2019-11-02 04:13:40', NULL, 7, 0),
	(437, 82, 9, '2020-10-05 22:50:25', NULL, 7, 0),
	(438, 82, 11, '2019-12-20 05:03:31', NULL, 8, 0),
	(439, 82, 5, '2019-01-16 17:51:27', NULL, 8, 0),
	(440, 82, 3, '2019-08-03 13:03:33', NULL, 8, 0),
	(441, 82, 12, '2019-09-26 17:52:06', NULL, 8, 1),
	(442, 82, 1, '2019-04-29 02:11:56', NULL, 8, 0),
	(443, 82, 7, '2020-07-31 04:25:49', NULL, 8, 0),
	(444, 82, 2, '2020-10-03 18:24:02', NULL, 8, 0),
	(445, 82, 13, '2020-01-25 15:47:10', NULL, 8, 0),
	(446, 83, 3, '2019-10-20 04:19:02', '2020-07-10 13:41:05', 1, 0),
	(447, 83, 7, '2020-07-29 10:59:16', NULL, 8, 0),
	(448, 83, 12, '2020-08-14 11:13:52', NULL, 8, 0),
	(449, 84, 1, '2019-07-13 00:25:49', NULL, 8, 0),
	(450, 84, 3, '2019-05-01 04:05:55', NULL, 8, 0),
	(451, 84, 6, '2019-04-06 06:05:17', '2019-06-16 10:45:15', 4, 0),
	(452, 84, 2, '2019-09-08 17:52:03', NULL, 8, 0),
	(453, 84, 8, '2019-07-21 18:47:54', NULL, 8, 1),
	(454, 84, 4, '2019-05-14 12:44:51', '2020-01-05 16:54:32', 3, 0),
	(455, 84, 4, '2020-01-27 03:12:59', NULL, 8, 0),
	(456, 84, 11, '2019-12-16 09:32:26', NULL, 8, 0),
	(457, 84, 7, '2019-10-02 23:12:40', NULL, 8, 0),
	(458, 84, 5, '2020-04-12 00:07:37', '2020-06-07 21:45:44', 6, 0),
	(459, 85, 2, '2019-07-29 08:18:05', NULL, 8, 0),
	(460, 85, 4, '2020-06-17 01:30:48', NULL, 8, 0),
	(461, 85, 5, '2019-07-04 00:41:33', NULL, 8, 0),
	(462, 85, 12, '2019-12-24 11:58:33', NULL, 8, 0),
	(463, 85, 8, '2020-06-09 23:58:50', NULL, 8, 0),
	(464, 85, 13, '2020-03-20 17:47:07', NULL, 8, 0),
	(465, 85, 11, '2019-10-25 07:56:27', NULL, 8, 0),
	(466, 85, 6, '2020-06-03 08:42:35', NULL, 8, 0),
	(467, 85, 7, '2019-06-27 20:50:52', NULL, 8, 0),
	(468, 85, 9, '2019-08-25 01:19:17', '2020-02-12 18:05:32', 6, 0),
	(469, 86, 5, '2019-03-12 09:17:57', NULL, 8, 0),
	(470, 86, 3, '2020-04-13 17:46:31', '2020-08-07 21:50:21', 4, 0),
	(471, 86, 12, '2019-10-14 16:45:46', '2020-01-26 02:38:13', 3, 0),
	(472, 86, 2, '2020-07-18 03:20:28', NULL, 8, 0),
	(473, 86, 10, '2020-05-25 05:20:03', NULL, 8, 0),
	(474, 86, 6, '2020-10-04 00:04:32', NULL, 7, 0),
	(475, 86, 13, '2020-09-01 01:44:33', '2020-09-20 18:22:43', 2, 0),
	(476, 86, 4, '2020-01-01 06:51:28', NULL, 8, 0),
	(477, 86, 11, '2020-10-03 12:49:11', NULL, 8, 0),
	(478, 86, 8, '2019-06-12 11:01:34', NULL, 8, 0),
	(479, 87, 7, '2020-07-18 22:02:29', NULL, 8, 0),
	(480, 87, 5, '2019-03-14 19:40:43', NULL, 8, 0),
	(481, 88, 11, '2019-02-10 07:32:18', NULL, 7, 0),
	(482, 88, 9, '2019-10-27 05:39:35', NULL, 7, 0),
	(483, 88, 4, '2019-06-02 10:34:41', '2020-05-27 08:15:05', 4, 0),
	(484, 88, 8, '2019-06-25 17:24:13', NULL, 8, 0),
	(485, 88, 1, '2019-02-18 12:50:23', '2019-03-24 21:10:07', 4, 0),
	(486, 89, 11, '2020-04-03 07:36:50', NULL, 8, 0),
	(487, 89, 3, '2020-01-15 18:41:41', NULL, 8, 1),
	(488, 89, 5, '2019-01-04 04:07:54', NULL, 8, 0),
	(489, 89, 9, '2019-07-02 10:42:07', NULL, 8, 0),
	(490, 89, 12, '2019-11-01 19:00:45', '2020-04-29 05:37:18', 2, 0),
	(491, 89, 8, '2019-05-08 14:17:24', '2019-11-08 06:57:10', 4, 0),
	(492, 89, 10, '2019-11-11 02:40:25', NULL, 8, 0),
	(493, 89, 7, '2020-06-08 01:33:22', NULL, 8, 0),
	(494, 89, 4, '2019-05-21 09:13:16', NULL, 8, 0),
	(495, 89, 13, '2019-09-03 23:57:20', '2019-12-29 02:39:30', 1, 0),
	(496, 90, 5, '2020-03-23 01:13:36', '2020-07-25 10:07:50', 6, 0),
	(497, 90, 5, '2020-09-11 14:11:49', NULL, 8, 1),
	(498, 90, 4, '2020-09-02 23:01:35', NULL, 8, 0),
	(499, 90, 12, '2019-05-09 10:28:22', NULL, 8, 0),
	(500, 90, 3, '2020-07-26 12:38:16', NULL, 8, 0),
	(501, 91, 2, '2020-06-14 05:22:16', NULL, 8, 0),
	(502, 91, 9, '2020-02-21 10:05:31', '2020-07-04 02:04:05', 4, 0),
	(503, 91, 3, '2019-07-12 00:47:26', NULL, 8, 0),
	(504, 92, 8, '2020-02-04 22:48:09', NULL, 8, 0),
	(505, 92, 6, '2019-10-11 15:46:06', '2020-09-08 07:53:24', 3, 0),
	(506, 92, 2, '2020-09-18 09:34:14', NULL, 8, 0),
	(507, 92, 12, '2020-04-01 04:04:32', NULL, 8, 0),
	(508, 92, 9, '2020-04-24 15:00:42', NULL, 8, 0),
	(509, 92, 4, '2019-02-21 04:34:18', NULL, 8, 0),
	(510, 92, 13, '2020-01-27 05:38:11', '2020-03-27 21:29:03', 1, 0),
	(511, 92, 10, '2020-07-01 22:37:34', '2020-08-17 07:01:10', 1, 0),
	(512, 93, 12, '2019-02-15 16:17:48', '2019-03-30 03:28:34', 4, 0),
	(513, 93, 5, '2019-11-16 19:27:40', NULL, 8, 0),
	(514, 93, 2, '2020-05-15 08:54:38', NULL, 8, 0),
	(515, 93, 11, '2020-07-07 18:55:51', NULL, 8, 0),
	(516, 93, 1, '2020-08-09 19:19:36', NULL, 8, 0),
	(517, 93, 4, '2020-02-24 08:38:27', NULL, 8, 0),
	(518, 93, 13, '2020-09-29 05:07:57', NULL, 8, 0),
	(519, 93, 9, '2019-10-30 21:29:36', NULL, 8, 0),
	(520, 93, 12, '2019-09-02 16:55:03', NULL, 8, 0),
	(521, 94, 12, '2019-05-20 13:10:51', NULL, 8, 0),
	(522, 94, 6, '2020-08-25 00:38:58', NULL, 8, 0),
	(523, 95, 4, '2019-10-20 11:41:13', NULL, 7, 0),
	(524, 95, 11, '2020-07-14 09:39:12', NULL, 8, 0),
	(525, 95, 3, '2020-06-21 11:13:21', NULL, 8, 0),
	(526, 96, 1, '2020-09-25 11:12:21', '2020-10-03 23:29:44', 4, 0),
	(527, 96, 5, '2019-10-14 04:26:49', NULL, 8, 0),
	(528, 96, 2, '2020-09-19 01:46:57', '2020-09-26 17:40:47', 6, 0),
	(529, 96, 10, '2019-01-04 05:36:30', NULL, 8, 0),
	(530, 96, 11, '2020-03-11 08:34:16', NULL, 8, 0),
	(531, 96, 4, '2020-08-06 22:22:56', NULL, 8, 0),
	(532, 96, 9, '2020-01-19 19:27:13', NULL, 8, 0),
	(533, 96, 12, '2019-03-31 14:18:26', '2020-05-26 04:44:22', 4, 0),
	(534, 96, 3, '2019-01-13 02:46:51', NULL, 7, 0),
	(535, 97, 3, '2019-06-14 03:15:29', NULL, 7, 0),
	(536, 97, 1, '2019-09-03 06:03:32', NULL, 8, 1),
	(537, 97, 13, '2019-05-03 05:18:17', NULL, 8, 0),
	(538, 97, 12, '2020-08-14 18:07:45', NULL, 8, 0),
	(539, 97, 5, '2019-03-27 22:41:45', NULL, 8, 0),
	(540, 97, 8, '2019-07-22 09:08:22', '2020-03-14 23:33:28', 5, 0),
	(541, 97, 8, '2020-07-18 18:23:50', '2020-07-18 22:13:05', 3, 0),
	(542, 98, 4, '2020-09-03 02:03:52', NULL, 8, 0),
	(543, 98, 2, '2019-09-26 15:03:27', NULL, 8, 0),
	(544, 98, 3, '2019-08-08 09:32:21', '2020-09-30 01:36:11', 6, 0),
	(545, 98, 12, '2020-01-06 02:26:46', '2020-09-14 14:32:46', 1, 0),
	(546, 98, 13, '2019-01-30 06:52:06', NULL, 8, 0),
	(547, 98, 9, '2019-10-13 00:35:56', NULL, 8, 0),
	(548, 98, 3, '2020-10-04 01:57:57', NULL, 8, 0),
	(549, 98, 7, '2020-09-25 00:10:19', NULL, 8, 0),
	(550, 99, 12, '2019-09-15 13:19:11', NULL, 8, 0),
	(551, 99, 10, '2019-06-10 04:56:57', NULL, 8, 0),
	(552, 99, 2, '2020-09-05 11:05:52', NULL, 8, 0),
	(553, 100, 11, '2019-04-25 17:17:36', NULL, 8, 0),
	(554, 100, 8, '2020-01-02 03:22:21', NULL, 8, 0);
/*!40000 ALTER TABLE `join` ENABLE KEYS */;

-- Listage des données de la table kanff.log : ~12 rows (environ)
DELETE FROM `log`;
/*!40000 ALTER TABLE `log` DISABLE KEYS */;
INSERT INTO `log` (`id`, `title`, `description`, `date`, `creation_date`, `modification_date`, `visible`, `user_id`, `project_id`) VALUES
	(1, 'Démarrage du projet', 'Première réunion du GT Festival pour s\'organiser et planifier le travail pour cette édition 2020. Un brainstorm des idées pour le programme a été fait et noté. L\'entier du GT Festival sera actif. Beaucoup d\'idées et de motivations qui font plaisir à tout le monde. A partir de la fin du Festival 2019, le GT était en pause jusque là, en attente du festival de l\'année suivante... Le travail peut maintenant recommencer intensément.', '2020-05-15 00:00:00', '2020-05-16 09:45:32', NULL, 1, 56, 9),
	(2, 'Choix du thème du projet', 'Après de multiples discussions et votes, le thème du festival a été choisi: "Couleurs et diversité". Un logo en lien avec le thème sera créé.', '2020-05-18 00:00:00', '2020-05-18 10:20:59', NULL, 0, 86, 9),
	(3, 'Tri éléments programme', 'Toutes les idées notées lors du premier brainstorm ont été passé en revue. Josette s\'est beaucoup renseigné auprès des artistes et potentielles intervenant.e.s. Un premier tri a été fait et validé en réunion du GT Festival (1h).', '2020-05-25 00:00:00', '2020-05-26 22:21:35', '2020-05-30 17:18:00', 1, 81, 9),
	(4, 'Démarrage crowdfunding', 'Rapidement le besoin en budget est devenu gros. Contrairement à l\'année passée ou le GT avait fait une demande à la commune, cette année est venu l\'idée de lancer un crowdfunding avec l\'aide du GT Finances, du GT Communication et du GT Multimédia, puisque cela demande énormément de travail et les délais sont court. Un projet incluant ces 4 groupes a donc été créé. Après le tri des éléments du programme, le montant estimé pour payer les artistes et les intervenant.e.s est de 18\'000 CHF.', '2020-05-27 00:00:00', '2020-05-29 13:52:30', NULL, 0, 38, 9),
	(5, 'Répartition du travail', 'La réunion du 05.06.2020 afin de préparer l\'organisation de ce gros projet, a donné lieu a un simple découpage du projet: \n- Le GT Communication et Multimédia s\'occuperont de communiquer sur le festival et de demander au public de soutenir le festival via le crowdfunding. Pour cela une vidéo est prévue avec des images de l\'année passée, un bout du programme, une interview d\'une artiste de l\'année passée. Le GT Multimédia créera le logo "Couleurs et diversité" et créera également des visuels pour les réseaux sociaux. Le GT Communication se chargera de créer une stratégie de communication et s\'occupera de répondre aux demandes des médias.\n- Le GT Finances s\'occupera des comptes et de la mise en place technique du crowdfunding via une plateforme spécialisée. Il tiendra régulièrement au courant sur le montant reçu. \n- Quant au GT Festival, il sera là pour donner les ressources nécessaires aux 2 autres GT, étant déjà très occupé à organiser le festival lui-même.\n\nLes compétences de chaque groupe ont été favorisées, afin de ne pas perdre du temps à se former. Le GT Finances a déjà eu une expérience de crowdfunding.', '2020-06-05 00:00:00', '2020-06-06 22:23:28', '2020-06-10 03:12:34', 1, 51, 2),
	(6, 'Lancement du crowdfunding prévu', 'Le crowdfunding est bientôt prêt à être lancé. Le lancement est prévu pour le 15.06.2020. Le GT Finances est entièrement prêt pour le lancement, tandis que le GT Multimédia finalise la vidéo et commence les visuels. Les visuels devraient être rapidement créé (plus rapidement que la vidéo). Le GT Communication a déjà préparé des messages pour le lancement.', '2020-06-10 00:00:00', '2020-06-11 17:29:31', '2020-06-11 23:57:58', 1, 72, 2),
	(7, 'Logo "Couleurs et diversité" validé', 'Durant la réunion du 08.06.2020 (30min) le logo créé par le GT Multimédia a été validé. Le logo représente le thème du festival et sera intégré aux visuels, à la vidéo et au programme.', '2020-06-08 00:00:00', '2020-06-09 04:19:32', NULL, 1, 64, 2),
	(8, 'Taille du groupe d\'organisation', 'Après un premier rassemblement de 3 personnes pour organiser cette anniversaire et une première réunion, il a été décidé que 3 personnes suffisaient pour toute l\'organisation.', '2020-10-16 00:00:00', '2020-10-16 00:16:10', '2020-10-17 04:12:55', 1, 16, 16),
	(9, 'Publication Programme v1', 'Le programme v1 a été publié et est consultable dans le dossier du drive "programme/exports". Il n\'est pas encore en version définitive, mais sera finalisé dans les prochains jours.', '2020-11-25 00:00:00', '2020-11-25 04:33:41', '2020-11-28 08:02:07', 1, 36, 16),
	(10, 'Choix du lieu et réservation', 'Après de nombreux débats et recherches du lieu, un lieu a été décidé: Salle du Chateau, Rue du Châle 12 à Chamblasonoi. La salle est réservée pour le 15 et 16 décembre 2020.', '2020-10-30 00:00:00', '2020-11-01 01:59:04', '2020-11-01 07:19:54', 1, 23, 16),
	(11, 'Choix du moment de l\'annonce', 'L\'annonce de la fête à tout le collectif sera faite 3 jours avant, c\'est à dire le 12 décembre 2020. Le collectif a été cependant averti qu\'il se passerait quelque chose de spécial ce jour là et que la date doit être réservée dans la mesure du possible.', '2020-11-03 00:00:00', '2020-11-04 11:14:13', '2020-11-08 03:05:11', 1, 94, 16),
	(12, 'Création du projet', 'Le GT Festival a besoin de 18\'000 CHF afin d\'organiser son festival. 3 groupes vont donc travailler ensemble pour organiser un crowdfunding.', '2020-05-27 00:00:00', '2020-05-29 15:00:02', NULL, 1, 75, 2);
/*!40000 ALTER TABLE `log` ENABLE KEYS */;

-- Listage des données de la table kanff.notifications : ~0 rows (environ)
DELETE FROM `notifications`;
/*!40000 ALTER TABLE `notifications` DISABLE KEYS */;
/*!40000 ALTER TABLE `notifications` ENABLE KEYS */;

-- Listage des données de la table kanff.own : ~0 rows (environ)
DELETE FROM `own`;
/*!40000 ALTER TABLE `own` DISABLE KEYS */;
/*!40000 ALTER TABLE `own` ENABLE KEYS */;

-- Listage des données de la table kanff.participate : ~24 rows (environ)
DELETE FROM `participate`;
/*!40000 ALTER TABLE `participate` DISABLE KEYS */;
INSERT INTO `participate` (`id`, `group_id`, `project_id`, `start`, `end`, `state`) VALUES
	(1, 1, 1, '2020-01-14 13:53:36', NULL, 3),
	(2, 1, 2, '2020-05-25 10:16:46', NULL, 2),
	(3, 5, 2, '2020-02-28 07:31:46', NULL, 3),
	(4, 6, 2, '2020-07-16 18:17:34', '2020-07-23 20:15:25', 1),
	(5, 11, 2, '2020-09-10 21:13:04', '2020-09-24 19:14:55', 4),
	(6, 4, 2, '2020-05-24 00:23:50', '2020-09-07 23:36:37', 6),
	(7, 7, 2, '2020-07-18 05:31:06', '2020-07-19 07:29:08', 5),
	(8, 8, 2, '2020-10-02 18:55:36', NULL, 2),
	(9, 3, 3, '2019-03-08 12:33:52', NULL, 3),
	(10, 3, 4, '2020-08-09 11:54:54', NULL, 3),
	(11, 2, 5, '2019-03-14 00:43:47', NULL, 3),
	(12, 2, 6, '2019-05-29 08:47:11', NULL, 3),
	(13, 4, 7, '2020-08-06 02:25:43', NULL, 3),
	(14, 4, 8, '2019-02-19 05:44:52', NULL, 3),
	(15, 1, 9, '2020-07-13 02:20:01', NULL, 3),
	(16, 5, 10, '2019-07-30 07:40:56', NULL, 3),
	(17, 6, 11, '2019-05-24 11:32:45', NULL, 2),
	(18, 5, 11, '2019-01-30 09:26:00', NULL, 3),
	(19, 6, 12, '2019-10-23 18:20:37', NULL, 2),
	(20, 8, 12, '2018-08-03 13:55:25', NULL, 3),
	(21, 6, 13, '2019-09-25 08:09:46', NULL, 3),
	(22, 7, 14, '2020-05-18 22:39:28', NULL, 3),
	(23, 9, 15, '2018-12-01 01:05:42', NULL, 3),
	(24, 12, 16, '2018-10-25 16:02:33', NULL, 3);
/*!40000 ALTER TABLE `participate` ENABLE KEYS */;

-- Listage des données de la table kanff.projects : ~0 rows (environ)
DELETE FROM `projects`;
/*!40000 ALTER TABLE `projects` DISABLE KEYS */;
INSERT INTO `projects` (`id`, `name`, `description`, `goal`, `start`, `end`, `state`, `archived`, `importance`, `urgency`, `visible`, `logbook_visible`, `logbook_content`, `responsible_id`, `manager_id`) VALUES
	(1, 'Gestion des finances', 'Travaux à faire pour gérer les dons importants, traiter les demandes de prêt, gérer les dettes, faire des rapports financiers mensuels.', 'Maintenir les rapports à jour tous les mois, améliorer la transparence interne et externe, améliorer le système de dons actuel.', '2020-01-14 13:53:36', '2020-09-27 02:36:43', 5, 0, 3, 2, 1, 1, NULL, NULL, 1),
	(2, 'Crowfunding Festival 2020', 'Campagne de financement participatif pour pouvoir organiser le festival du 14 octobre.', 'Communiquer autour du festival, expliquer les enjeux et les impacts, et inciter les gens à participer au financement participatif. L\'objectif chiffré est de récolter 20\'000 CHF d\'ici au 10 septembre.', '2020-02-28 07:31:46', '2020-05-08 15:41:50', 7, 1, 5, 4, 1, 1, 'Lorem ipsum dolor sit amet, consectetur adipiscing elit. Est enim mihi magnae curae-quamquam hoc quidem proprium tuum munus est-, ut ita erudiatur, ut et patri et Caepioni nostro et tibi tam propinquo respondeat. Certe nihil nisi quod possit ipsum propter se iure laudari. Quid affers, cur Thorius, cur Caius Postumius, cur omnium horum magister, Orata, non iucundissime vixerit? Duo Reges: constructio interrete. Quarum ambarum rerum cum medicinam pollicetur, luxuriae licentiam pollicetur. Quid e', NULL, 5),
	(3, 'Gestion des communiqués de presse', 'C\'est ici que tous les communiqués de presse qui doivent être validés en coordination seront traités, afin que tout le monde soit au courant et puisse aider si besoin.', 'Assurer la communication à la presse de manière stratégique et réfléchie.', '2019-03-08 12:33:52', '2020-01-25 14:44:30', 0, 0, 3, 2, 1, 0, 'Lorem ipsum dolor sit amet, consectetur adipiscing elit. At ille non pertimuit saneque fidenter: Istis quidem ipsis verbis, inquit; Quodsi vultum tibi, si incessum fingeres, quo gravior viderere, non esses tui similis; Duo Reges: constructio interrete. Cum id quoque, ut cupiebat, audivisset, evelli iussit eam, qua erat transfixus, hastam. Atque hoc dabitis, ut opinor, si modo sit aliquid esse beatum, id oportere totum poni in potestate sapientis. Ergo et avarus erit, sed finite, et adulter, ve', NULL, 3),
	(4, 'Collaboration nationale', 'La collaboration nationale de l\'association n\'est pas aisée (étant dans différentes langues) et demande du temps et de l\'énergie', 'Maintenir le lien au national et se coordonner pour les grandes actions.', '2020-08-09 11:54:54', '2020-08-28 01:56:18', 2, 0, 4, 1, 1, 1, NULL, NULL, 3),
	(5, 'Evolution de la structure et du fonctionnement', 'Réfléxion sur comment faire évoluer la structure et le fonctionnement interne de l\'association. Suite à de nombreuses discussions et débats sur diverses questions structurelles et également sur le fonctionnement du travail, des responsabilités et des outils utilisés, ce projet est important doit être considéré avec sérieux afin de pouvoir s\'attaquer à des problèmes complexes et chronophages.', 'Produire un document approfondi sur tous les problèmes et points relevés à l\'interne, afin de les expliquer et de proposer des solutions. Ce document doit être rendu le 12 juillet au soir, nécessitant donc une importante charge de travail durant ces prochaines semaines.', '2019-03-14 00:43:47', '2019-04-24 05:58:01', 1, 0, 5, 4, 1, 1, NULL, NULL, 2),
	(6, 'Réfléxion hiérarchie + égalité des genres', 'Réfléchir en groupe aux différentes hiérarchie dans l\'association ainsi qu\'aux problèmes d\'inégalités des genres et de leur representativité, et également comment résoudre partiellement ou totalement ces problèmes afin d\'arriver à plus d\'égalité et de démocratie.', 'Produire un document qui rassemble toutes les réfléxions et solutions, afin d\'en informer les membres, récolter des retours, améliorer le document, puis en discuter en Coordination lors d\'une AG, finalement de faire des propositions concrètes parmi les différentes solutions. La durée du projet ne devrait pas dépasser 1 mois, c\'est à dire fin septembre.', '2019-05-29 08:47:11', '2020-09-29 09:24:09', 8, 1, 3, 4, 1, 1, 'Contient les décisions importantes, rencontres formelles, changements importants et publications de nouvelles version de document.\r\nImportant, signifie que ce qui est décrit dans l\'enregistrement, a un impact sur le travail de plusieurs personnes du projet.', NULL, 2),
	(7, 'Numéro de août', 'Chaque 5 mois, l\'association collabore avec le journal régional afin de produire un numéro spécial. Ce projet concerne le numéro de août. L\'association s\'occupe des contenus du journal et les journalistes de la partie impression, administrative, financière, crédits et organisation de la distribution.', 'Produire une édition de 32 pages qui sera publiée le 25 aoùt, avec des articles, dessins, illustrations et images noir et blanc. Le projet a pour objectif d\'augmenter la visibilité médiatique des sujets traités par l\'association, et de mobiliser pour les actions organisées ces prochains mois.', '2020-08-06 02:25:43', '2020-09-23 14:03:22', 2, 0, 5, 3, 1, 1, NULL, NULL, 4),
	(8, 'Numéro de janvier', 'Chaque 5 mois, l\'association collabore avec le journal régional afin de produire un numéro spécial. Ce projet concerne le numéro de janvier 2021. \n L\'association s\'occupe de pratiquement tous les contenus du journal et les journalistes de l\'édito, de la partie impression, administrative, financière, crédits et organisation de la distribution.\n\n Ce projet est planifié très à l\'avance afin de pas l\'oublier et de commencer à y réfléchir personnellement sur les sujets à aborder et la forme souhaitée. Le travail commencera en septembre. L\'édition étant plus courte, le travail devrait être allégé par rapport à l\'édition de août.', 'Produire une édition de 20 pages qui sera publiée le 30 janvier, avec des articles, dessins, illustrations et images en couleur. Le projet a pour objectif d\'augmenter la visibilité médiatique des sujets traités par l\'association, et de mobiliser pour les actions organisées ces prochains mois.', '2019-02-19 05:44:52', '2019-11-26 09:17:30', 8, 1, 4, 1, 1, 1, NULL, NULL, 4),
	(9, 'Festival 2020', 'Edition 2020 du festival annuel de l\'association qui aura lieu le 14 octobre 2020. Un gros projet comme tous les ans, un programme ambitieux et chargé, des intervenant externes, des films, des conférences, des débats public et entre intervenants, des ateliers, ... \nLe thème de 2020 est la mobilisation, sous toutes les formes, à travers les siècles, en ligne et dans la rue, avec la repression, sous la forme de la désobéissance civile, les réussites et les echecs, ce qu\'il est possible d\'atteindre avec, ...', 'Proposer un maximum de diversités dans la programmation, les événements, tout en se concentrons sur le thème de la mobilisation. Le but est aussi de toucher un maximum de gens de la région sur les problèmatiques qui concerne l\'association.', '2020-07-13 02:20:01', '2020-09-12 23:28:01', 5, 0, 5, 3, 1, 1, 'Contient les décisions importantes, rencontres formelles, changements importants et publications de nouvelles version de document.\r\nImportant, signifie que ce qui est décrit dans l\'enregistrement, a un impact sur le travail de plusieurs personnes du projet.', NULL, 1),
	(10, 'Festival 2019', 'Edition 2019 du festival annuel de l\'association qui a eu lieu le 25 octobre 2019. Un premier festival qui sera renouvellera on espère, avec des films et des conférences, mais aussi de la musique, de la restauration et des chaises longues. \nLe thème de 2020 est la grève, sous toutes les formes, à travers les siècles, l\'évolution des risques légaux depuis 1900, ses réussites, le côté émotionnel, ...', 'Organiser un premier festival. Le but est aussi de toucher un maximum de gens de la région sur les problèmatiques qui concerne l\'association. L\'experience aquise servira au festival de l\'année 2020 qui promet d\'être ambitieux.', '2019-07-30 07:40:56', '2019-12-29 00:30:28', 2, 0, 5, 5, 1, 0, NULL, NULL, 5),
	(11, 'Affiche festival 2020', 'L\'affiche étant médiocre l\'année passée sur le festival 2019, le GT multimédia s\'associe au GT Festival afin de faire un belle affiche pour cette année.', 'Réaliser de A à Z une affiche de bonne qualité pour le 23 septembre 2020 (3 semaines plus tôt). La réalisation comprend: les réfléxions sur le contenu, le design et la création de l\'affiche, la demande de retours à mi parcours, la publication sur les réseaux sociaux et l\'impression papier et la distribution/affichage.', '2019-01-30 09:26:00', '2019-10-28 14:05:12', 3, 0, 3, 1, 1, 1, 'Lorem ipsum dolor sit amet, consectetur adipiscing elit. Expressa vero in iis aetatibus, quae iam confirmatae sunt. Et ego: Piso, inquam, si est quisquam, qui acute in causis videre soleat quae res agatur. Quid, cum fictas fabulas, e quibus utilitas nulla elici potest, cum voluptate legimus? Ita, quem ad modum in senatu semper est aliquis, qui interpretem postulet, sic, isti nobis cum interprete audiendi sunt. Idque testamento cavebit is, qui nobis quasi oraculum ediderit nihil post mortem ad ', NULL, 5),
	(12, 'Vidéo 1er mai', 'Le 1er mai 2021 c\'est la fête des travailleur.euses. Différentes manifestations seront organisées dans plusieurs villes dans tous le pays. Le projet consiste à filmer les manifestations dans plusieurs villes et d\'en faire une compilation sous la forme d\'un reportage tout en expliquant le contexte historique de cette fête et de ce qu\'elle symbolise aujourd\'hui.', 'Réaliser une vidéo de 5-10 minutes avec les meilleurs images des manifestations et tenter de répondre aux questions suivantes: quelle rôle a cette fête ? Comment est-elle apparue (contexte historique) ? Quelle est sa place et son impact aujourd\'hui ?\n\n La vidéo devrait être publiée sur les réseaux sociaux, maximum 3 jour après le 1er mai, c\'est à dire jusqu\'au 4 mai 2020.', '2018-08-03 13:55:25', '2020-10-03 07:39:10', 6, 1, 3, 4, 0, 1, 'Lorem ipsum dolor sit amet, consectetur adipiscing elit. Si verbum sequimur, primum longius verbum praepositum quam bonum. Primum non saepe, deinde quae est ista relaxatio, cum et praeteriti doloris memoria recens est et futuri atque inpendentis torquet timor? Ut necesse sit omnium rerum, quae natura vigeant, similem esse finem, non eundem. Similiter sensus, cum accessit ad naturam, tuetur illam quidem, sed etiam se tuetur; Duo Reges: constructio interrete. Nec lapathi suavitatem acupenseri Ga', NULL, 8),
	(13, 'Podcast convergence des luttes', 'Ce podcast engagé va parler de la convergence des luttes écologiques, féministes, sociales, anti-racistes et autres luttes. Il est prévu que ce podcast contienne entre 4 et 6 épisodes avec différentes thématiques. Les épisodes contiendront des interviews, des explications historiques, un peu de musique, des mises en scène, ... \n\nChaque épisode durera en moyenne 20 minutes et seront publiés à des intervalles régulières d\'environ 1 semaine. Une partie des épisodes seront réalisés avant la publication du premier épisode, une autre partie se fera en parallèle.', 'Parler de l\'importance de la convergence des luttes, parler des liens entre les différentes luttes et mouvements, donner des exemples concrets de mobilisation et de succès suite à des convergences.', '2019-09-25 08:09:46', '2020-08-15 10:48:40', 2, 0, 5, 3, 1, 1, 'Contient les décisions importantes, rencontres formelles, changements importants et publications de nouvelles version de document.\r\nImportant, signifie que ce qui est décrit dans l\'enregistrement, a un impact sur le travail de plusieurs personnes du projet.', NULL, 6),
	(14, 'Gestion Site Assoc Vaud', 'Gestion du site web: page à créer à chaque événement organisé, communiqués de presse à publier, et informations générales à tenir à jour.', 'Permettre aux personnes intéressées par le collectif de trouver les informations qu\'elles recherchent sur le collectif et qu\'elles aient un moyen de rejoindre.', '2020-05-18 22:39:28', '2020-10-04 12:26:33', 4, 0, 2, 2, 1, 1, 'Contient les décisions importantes, rencontres formelles, changements importants et publications de nouvelles version de document.\r\nImportant, signifie que ce qui est décrit dans l\'enregistrement, a un impact sur le travail de plusieurs personnes du projet.', 99, 7),
	(15, 'Conférence "Changement de système ?"', 'Conférence en ligne de 1h30 environ sur la nécessité de changer de système. Avec divers intervenant.e.s.', 'Organiser cette conférence pour la fin mars 2021 afin de montrer ce que signifie un changement de système et à quoi cela peut ressembler.', '2018-12-01 01:05:42', '2019-02-08 10:02:43', 6, 1, 5, 3, 1, 1, NULL, 56, 9),
	(16, '20ème anniversaire', 'Pour bien fêter les 20 ans de Assoc, il faut organiser autre chose que l\'habituel apéro annuel avec discours. Ce projet reste secret pour les membres (sauf pour les personnes du GT Anniversaire du collectifs afin de faire une surprise à la fin. Cette fête ferait office de remerciement aux membres du collectif pour leur engagement et leur temps.', 'Organiser une grande fête dans la salle du Château le 15.12.2020 qui durerait toute la nuit. Inclut dans le programme: musique, présentations des projets de l\'année, anecdotes, sketchs, ...', '2018-10-25 16:02:33', '2019-04-29 23:52:56', 8, 1, 4, 4, 0, 1, 'Contient les décisions importantes, rencontres formelles, changements importants et publications de nouvelles version de document.\r\nImportant, signifie que ce qui est décrit dans l\'enregistrement, a un impact sur le travail de plusieurs personnes du projet.', 82, 12);
/*!40000 ALTER TABLE `projects` ENABLE KEYS */;

-- Listage des données de la table kanff.suscribe : ~0 rows (environ)
DELETE FROM `suscribe`;
/*!40000 ALTER TABLE `suscribe` DISABLE KEYS */;
/*!40000 ALTER TABLE `suscribe` ENABLE KEYS */;

-- Listage des données de la table kanff.tasks : ~0 rows (environ)
DELETE FROM `tasks`;
/*!40000 ALTER TABLE `tasks` DISABLE KEYS */;
/*!40000 ALTER TABLE `tasks` ENABLE KEYS */;

-- Listage des données de la table kanff.users : ~0 rows (environ)
DELETE FROM `users`;
/*!40000 ALTER TABLE `users` DISABLE KEYS */;
INSERT INTO `users` (`id`, `username`, `initials`, `firstname`, `lastname`, `chat_link`, `email`, `phonenumber`, `biography`, `password`, `inscription`, `on_break`, `status`, `state`, `state_modifier_id`, `state_modification_date`) VALUES
	(1, 'josette27', 'JRD', 'Josette', 'Richard', '', 'josette.richard@assoc.ch', '6298482937', 'Dans le milieu associatif, depuis 10 ans déjà, je suis à dans assoc depuis 2015 et j\'aide plusieurs heures par semaines. La partie contact médias m\'intéresse beaucoup. Je suis photorgaphe de métier, mais aussi céramiste et je cultive un petit potager...', '$2y$10$c08bRDtj7XLvRWO91XJdr./it2kdRIoLW3VbzcgRMAG79sWykhTK.', '2019-09-15 12:27:10', 0, 'Actuellement en vacances, je reviendrai le 15. En cas d\'urgence laissez moi un SMS et je vous rappelerai en soirée.', 4, 1, '2019-09-27 09:11:33'),
	(2, 'vincent95', 'VRT', 'Vincent', 'Rigot', '', 'vincent.rigot@assoc.ch', '4093324554', 'Je suis passionné de litérrature, et la presse me questionne beaucoup aujourd\'hui. Les sujets polémiques ne sont pas les plus intéressants, mais ceux dont on ne parle jamais regorgent d\'informations passionnantes et de récits fabuleux.', '$2y$10$9J4CEA9XJfoSlCyi94gYEesPdl2e1Hb6RefGQXCNPOtig/qBKkq7O', '2019-03-25 21:34:10', 0, 'Actuellement en travail intense sur la rédaction d\'un document contenant des réflexions autour du militantisme à l\'époque des Romains!', 3, 1, '2019-09-07 15:24:12'),
	(3, 'megane85', 'MBN', 'Mégane', 'Blan', 'chat.link/user?t=wyvdae79b7mdr3', 'megane.blan@assoc.ch', '7554132058', 'Je suis une passionée de festival. J\'en vais 4 fois par mois. Je trouvais le festival de Assoc vraiment génial alors j\'ai voulu venir ajouter mon grain de sel et aider pour la communication. Je suis fan de musique et je joue du violon. Je consacre 5h par semaine à Assoc la plupart de l\'année, et tout mon temps quand il y a le festival...', '$2y$10$ujnWInwGD5iLQmmDFAxgWuDiu4N5IU0b5waOXhzeCoOfzoWRhJv5q', '2020-10-04 16:22:17', 0, 'Encore quelques jours de repos avant de commencer à travailler à fond pour le festival. J\'aimerai que cette édition soit exceptionnelle!', 1, 1, '2020-10-05 16:47:33'),
	(4, 'michel63', 'MCE', 'Michel', 'Charrière', '', 'michel.charriere@assoc.ch', '8264911757', 'Je suis nouveau ici et je découvre petit à petit le fonctionnement... Vestibulum ut eros non enim commodo hendrerit. Donec porttitor tellus non magna. Nam ligula elit, pretium et, rutrum non, hendrerit id, ante. Nunc mauris sapien, cursus in, hendrerit consectetuer, cursus et, magna. Praesent interdum ligula eu enim. Etiam imperdiet dictum magna. Ut tincidunt orci quis lectus.', '$2y$10$3LJKyxI2CygD2dTIn8va7OfTtDt5l8cxy5tUAqs3vtkSAMXeYczLm', '2020-09-05 13:37:17', 0, 'Lorem ipsum dolor sit amet, consectetur adipiscing elit. Minime id quidem, inquam, alienum, multumque ad ea, quae quaerimus, explicatio tua ista profecerit. Piso, familiaris noster, et alia multa et', 0, NULL, NULL),
	(5, 'cassandra43', 'CDO', 'Cassandra', 'De Castro Del Amino', '', 'cassandra.decastrodelamino@assoc.ch', '6095158078', 'velit dui, semper et, lacinia vitae, sodales at, velit. Pellentesque ultricies dignissim lacus. Aliquam rutrum lorem ac risus. Morbi metus. Vivamus euismod urna. Nullam lobortis quam a felis ullamcorper viverra. Maecenas iaculis aliquet diam. Sed diam lorem, auctor quis, tristique ac, eleifend vitae, erat. Vivamus nisi. Mauris nulla. Integer urna. Vivamus molestie dapibus', '$2y$10$Ec2STsbG.qQ6pKjlEwMTQeG5nI5Su3JCA4dVAka/cA2RkRUqezsqm', '2019-12-11 08:42:55', 0, 'Arrivé.e le 11.12.2019', 1, 1, '2020-01-20 11:24:10'),
	(6, 'ray95', 'RHS', 'Ray', 'Higgins', 'chat.link/user?t=vfz4fkulncdhr8', 'ray.higgins@assoc.ch', '9646497863', 'odio. Nam interdum enim non nisi. Aenean eget metus. In nec orci. Donec nibh. Quisque nonummy ipsum non arcu. Vivamus sit amet risus. Donec egestas. Aliquam nec enim. Nunc ut erat. Sed nunc est, mollis non, cursus non, egestas a, dui. Cras pellentesque. Sed dictum. Proin eget odio. Aliquam vulputate ullamcorper magna. Sed', '$2y$10$4/SwpTrdxGwI1zfmrGm9Ke6TOR3Nc3ffZLIOiGqa5GdX883xUie5y', '2019-07-20 09:26:06', 0, 'Arrivé.e le 20.07.2019', 1, 1, '2020-01-06 10:50:16'),
	(7, 'hanna98', 'HKR', 'Hanna', 'Kramer', '', NULL, '3412388388', 'hendrerit a, arcu. Sed et libero. Proin mi. Aliquam gravida mauris ut mi. Duis risus odio, auctor vitae, aliquet nec, imperdiet nec, leo. Morbi neque tellus, imperdiet non, vestibulum nec, euismod in, dolor. Fusce feugiat. Lorem ipsum dolor sit amet, consectetuer adipiscing elit. Aliquam auctor, velit eget laoreet posuere, enim nisl elementum purus,', '$2y$10$49mgr36w5EIzYdNPysciR.fCBlqOzcYfx397y44Ir.1.4bjrO6ySK', '2019-06-27 05:01:31', 0, 'Arrivé.e le 27.06.2019', 1, 1, '2020-08-19 19:49:39'),
	(8, 'lenore91', 'LMS', 'Lenore', 'Matthews', 'chat.link/user?t=1cil2sbf7v44cun', NULL, '9139253092', 'accumsan neque et nunc. Quisque ornare tortor at risus. Nunc ac sem ut dolor dapibus gravida. Aliquam tincidunt, nunc ac mattis ornare, lectus ante dictum mi, ac mattis velit justo nec ante. Maecenas mi felis, adipiscing fringilla, porttitor vulputate, posuere vulputate, lacus. Cras interdum. Nunc sollicitudin commodo ipsum. Suspendisse non leo. Vivamus nibh', '$2y$10$WfcPBTXP0g71wkk9z.qGMOqOlZ2rhtxNqU98UGFOFDaip07M5X0aC', '2019-11-18 22:14:27', 0, 'Lorem ipsum dolor sit amet, consectetur adipiscing elit. Etsi qui potest intellegi aut cogitari esse aliquod animal, quod se oderit? Duo Reges: constructio interrete. Illorum vero ista ipsa quam exi', 1, 1, '2019-12-04 20:45:55'),
	(9, 'dante92', 'DBY', 'Dante', 'Bradley', 'chat.link/user?t=m4s20b71sk', 'dante.bradley@assoc.ch', '4485026189', 'parturient montes, nascetur ridiculus mus. Aenean eget magna. Suspendisse tristique neque venenatis lacus. Etiam bibendum fermentum metus. Aenean sed pede nec ante blandit viverra. Donec tempus, lorem fringilla ornare placerat, orci lacus vestibulum lorem, sit amet ultricies sem magna nec quam. Curabitur vel lectus. Cum sociis natoque penatibus et magnis dis parturient montes,', '$2y$10$kbJpJUyHsM6rXE5naAZASOwzNYbEDIO3vy.LlKFSimqp1q1cmfwte', '2019-04-06 01:14:33', 0, 'Arrivé.e le 06.04.2019', 1, 1, '2019-08-05 20:41:56'),
	(10, 'kessie23', 'KGE', 'Kessie', 'Gillespie', '', NULL, '8204925690', 'eu dui. Cum sociis natoque penatibus et magnis dis parturient montes, nascetur ridiculus mus. Aenean eget magna. Suspendisse tristique neque venenatis lacus. Etiam bibendum fermentum metus. Aenean sed pede nec ante blandit viverra. Donec tempus, lorem fringilla ornare placerat, orci lacus vestibulum lorem, sit amet ultricies sem magna nec quam. Curabitur vel lectus.', '$2y$10$9AFdunOVXp6.Z/h6XzaiQu3w9Bu2Csqafj49VRNcVudni6DwgJAjq', '2020-10-04 22:32:37', 0, NULL, 1, 1, '2020-10-06 01:19:34'),
	(11, 'acton74', 'AJZ', 'Acton', 'Juarez', '', NULL, '8608397542', 'lectus quis massa. Mauris vestibulum, neque sed dictum eleifend, nunc risus varius orci, in consequat enim diam vel arcu. Curabitur ut odio vel est tempor bibendum. Donec felis orci, adipiscing non, luctus sit amet, faucibus ut, nulla. Cras eu tellus eu augue porttitor interdum. Sed auctor odio a purus. Duis elementum, dui quis', '$2y$10$XSez5hI/CKTAbgvyaxHFx.xcSm/GSEuOgGXPN6fIS5myflftenJ7q', '2019-09-29 08:37:49', 0, 'Lorem ipsum dolor sit amet, consectetur adipiscing elit. Quod autem satis est, eo quicquid accessit, nimium est; Atque haec ita iustitiae propria sunt, ut sint virtutum reliquarum communia. Bene fac', 1, 1, '2020-04-26 05:41:17'),
	(12, 'jasmine48', 'JSN', 'Jasmine', 'Shelton', 'chat.link/user?t=mnfaagp7jf72', 'jasmine.shelton@assoc.ch', '8542942047', 'nec ante. Maecenas mi felis, adipiscing fringilla, porttitor vulputate, posuere vulputate, lacus. Cras interdum. Nunc sollicitudin commodo ipsum. Suspendisse non leo. Vivamus nibh dolor, nonummy ac, feugiat non, lobortis quis, pede. Suspendisse dui. Fusce diam nunc, ullamcorper eu, euismod ac, fermentum vel, mauris. Integer sem elit, pharetra ut, pharetra sed, hendrerit a, arcu.', '$2y$10$KWNGMZm5ynedy969RWILF.ONELW.qWjjbcfzeK2BHkCdJ/kP3D7ZW', '2019-10-01 05:43:53', 0, 'Arrivé.e le 01.10.2019', 1, 1, '2020-09-13 07:48:30'),
	(13, 'quon99', 'QCS', 'Quon', 'Campos', 'chat.link/user?t=9pccef20ie7ah39', 'quon.campos@assoc.ch', '6276751425', 'non, lacinia at, iaculis quis, pede. Praesent eu dui. Cum sociis natoque penatibus et magnis dis parturient montes, nascetur ridiculus mus. Aenean eget magna. Suspendisse tristique neque venenatis lacus. Etiam bibendum fermentum metus. Aenean sed pede nec ante blandit viverra. Donec tempus, lorem fringilla ornare placerat, orci lacus vestibulum lorem, sit amet ultricies', '$2y$10$q4vzvqytMQtTYRDRIfQ.8uhysM5Cf4eSKviwYiHPz1V1VsrmTWLqy', '2020-01-18 02:02:58', 0, 'Arrivé.e le 18.01.2020', 4, 1, '2020-08-13 10:56:06'),
	(14, 'cain56', 'CDS', 'Cain', 'Dejesus', 'chat.link/user?t=bk84q580sbzz', NULL, '1737266714', 'urna justo faucibus lectus, a sollicitudin orci sem eget massa. Suspendisse eleifend. Cras sed leo. Cras vehicula aliquet libero. Integer in magna. Phasellus dolor elit, pellentesque a, facilisis non, bibendum sed, est. Nunc laoreet lectus quis massa. Mauris vestibulum, neque sed dictum eleifend, nunc risus varius orci, in consequat enim diam vel arcu.', '$2y$10$837qH04y.76rK9QR3/aogOtAAcJwl9Dz0aLm3XVs3VjerHYI.HP9e', '2020-05-15 05:16:16', 1, 'Arrivé.e le 15.05.2020', 1, 13, '2020-09-12 21:17:22'),
	(15, 'paula37', 'PBY', 'Paula', 'Bradley', 'chat.link/user?t=9a04dbgysqz1', NULL, '6406386168', 'erat. Etiam vestibulum massa rutrum magna. Cras convallis convallis dolor. Quisque tincidunt pede ac urna. Ut tincidunt vehicula risus. Nulla eget metus eu erat semper rutrum. Fusce dolor quam, elementum at, egestas a, scelerisque sed, sapien. Nunc pulvinar arcu et pede. Nunc sed orci lobortis augue scelerisque mollis. Phasellus libero mauris, aliquam eu,', '$2y$10$klyzW62AMjGVS7hMaxBQzue9pezebaPKFJqTrwCkIf8/WL6hnNfA.', '2019-11-18 23:21:54', 0, 'Arrivé.e le 18.11.2019', 0, NULL, NULL),
	(16, 'otto27', 'ORZ', 'Otto', 'Rodriguez', '', NULL, '6586301284', 'egestas. Aliquam fringilla cursus purus. Nullam scelerisque neque sed sem egestas blandit. Nam nulla magna, malesuada vel, convallis in, cursus et, eros. Proin ultrices. Duis volutpat nunc sit amet metus. Aliquam erat volutpat. Nulla facilisis. Suspendisse commodo tincidunt nibh. Phasellus nulla. Integer vulputate, risus a ultricies adipiscing, enim mi tempor lorem, eget mollis', '$2y$10$RBvy5kZJa/CxV2F/QMb.0.32Wiq2z2PVRG3AQGgFCsGyLYwxhIWXK', '2019-02-07 08:42:58', 0, 'Arrivé.e le 07.02.2019', 4, 16, '2019-04-21 09:18:44'),
	(17, 'scott57', 'SCO', 'Scott', 'Carrillo', 'chat.link/user?t=ihi8iphbhs1s', 'scott.carrillo@assoc.ch', '5326424812', 'Nullam scelerisque neque sed sem egestas blandit. Nam nulla magna, malesuada vel, convallis in, cursus et, eros. Proin ultrices. Duis volutpat nunc sit amet metus. Aliquam erat volutpat. Nulla facilisis. Suspendisse commodo tincidunt nibh. Phasellus nulla. Integer vulputate, risus a ultricies adipiscing, enim mi tempor lorem, eget mollis lectus pede et risus. Quisque', '$2y$10$6gBNkIr2lwTSZErFy.Bjf.a1CRrWPPglJLePCwwqfQF2W1WO3FVt.', '2019-09-02 03:15:22', 0, 'Lorem ipsum dolor sit amet, consectetur adipiscing elit. Is ita vivebat, ut nulla tam exquisita posset inveniri voluptas, qua non abundaret. Hoc sic expositum dissimile est superiori. Videsne igitur', 1, 16, '2019-10-01 20:41:44'),
	(18, 'reuben86', 'RDD', 'Reuben', 'Dillard', 'chat.link/user?t=xuer5f1ws7vu1', NULL, '7017156647', 'lobortis quis, pede. Suspendisse dui. Fusce diam nunc, ullamcorper eu, euismod ac, fermentum vel, mauris. Integer sem elit, pharetra ut, pharetra sed, hendrerit a, arcu. Sed et libero. Proin mi. Aliquam gravida mauris ut mi. Duis risus odio, auctor vitae, aliquet nec, imperdiet nec, leo. Morbi neque tellus, imperdiet non, vestibulum nec, euismod', '$2y$10$fkm1aFSZUE1di37ivKP4A.h0HaoGHJSvzZUxNho6JoRPRXv9Miwx.', '2019-04-04 08:48:34', 0, 'Lorem ipsum dolor sit amet, consectetur adipiscing elit. Eodem modo is enim tibi nemo dabit, quod, expetendum sit, id esse laudabile. An dolor longissimus quisque miserrimus, voluptatem non optabili', 1, 1, '2019-04-25 16:53:09'),
	(19, 'pascale28', 'PEN', 'Pascale', 'Emerson', 'chat.link/user?t=zeapx4dm4l', 'pascale.emerson@assoc.ch', '6527304969', 'Vestibulum ante ipsum primis in faucibus orci luctus et ultrices posuere cubilia Curae; Phasellus ornare. Fusce mollis. Duis sit amet diam eu dolor egestas rhoncus. Proin nisl sem, consequat nec, mollis vitae, posuere at, velit. Cras lorem lorem, luctus ut, pellentesque eget, dictum placerat, augue. Sed molestie. Sed id risus quis diam luctus', '$2y$10$hGeiA.rvqhDag.pDaFOhPeJzZbXtnXF7tB3MJB3LXxPGCVMZ5XKrS', '2019-01-05 11:13:18', 1, 'Lorem ipsum dolor sit amet, consectetur adipiscing elit. Quasi vero aut concedatur in omnibus stultis aeque magna esse vitia, et eadem inbecillitate et inconstantia L. Atque ut a corpore ordiar, vid', 1, 1, '2019-10-31 05:31:00'),
	(20, 'jonas51', 'JLN', 'Jonas', 'Leon', 'chat.link/user?t=vhtqrdlkjn73o', 'jonas.leon@assoc.ch', '2826756155', 'Quisque imperdiet, erat nonummy ultricies ornare, elit elit fermentum risus, at fringilla purus mauris a nunc. In at pede. Cras vulputate velit eu sem. Pellentesque ut ipsum ac mi eleifend egestas. Sed pharetra, felis eget varius ultrices, mauris ipsum porta elit, a feugiat tellus lorem eu metus. In lorem. Donec elementum, lorem ut', '$2y$10$UHVXaAl3RaBKj4G7h0hQ9OXYuUmlpbxrPvcQakKAccRyYJFGiSeji', '2019-12-31 08:25:53', 0, 'Arrivé.e le 31.12.2019', 1, 16, '2020-08-09 07:51:49'),
	(21, 'yetta99', 'YHR', 'Yetta', 'Hester', '', 'yetta.hester@assoc.ch', '7033409424', 'Sed nec metus facilisis lorem tristique aliquet. Phasellus fermentum convallis ligula. Donec luctus aliquet odio. Etiam ligula tortor, dictum eu, placerat eget, venenatis a, magna. Lorem ipsum dolor sit amet, consectetuer adipiscing elit. Etiam laoreet, libero et tristique pellentesque, tellus sem mollis dui, in sodales elit erat vitae risus. Duis a mi fringilla', '$2y$10$HvShpvoZuSjA0SHO0lmz7OQYj6tGl5XnaHWOG0IiLm4CvzmWphZe6', '2020-02-25 02:11:41', 0, 'Lorem ipsum dolor sit amet, consectetur adipiscing elit. Quare istam quoque aggredere tractatam praesertim et ab aliis et a te ipso saepe, ut tibi deesse non possit oratio. Nec enim, omnes avaritias', 1, 1, '2020-03-20 02:23:09'),
	(22, 'ria43', 'RGN', 'Ria', 'Griffin', '', 'ria.griffin@assoc.ch', '9331256141', 'Aenean eget magna. Suspendisse tristique neque venenatis lacus. Etiam bibendum fermentum metus. Aenean sed pede nec ante blandit viverra. Donec tempus, lorem fringilla ornare placerat, orci lacus vestibulum lorem, sit amet ultricies sem magna nec quam. Curabitur vel lectus. Cum sociis natoque penatibus et magnis dis parturient montes, nascetur ridiculus mus. Donec dignissim', '$2y$10$H6Ohh6SENIUDcOrfhw.rH.60fbQ0ICtP473o1Un0djF0hVwBOOkGG', '2020-08-14 23:11:11', 1, 'Arrivé.e le 14.08.2020', 1, 13, '2020-08-29 23:37:12'),
	(23, 'candice48', 'CKE', 'Candice', 'Kane', 'chat.link/user?t=hc4vt1mvzindi', NULL, '2507419883', 'risus. Donec nibh enim, gravida sit amet, dapibus id, blandit at, nisi. Cum sociis natoque penatibus et magnis dis parturient montes, nascetur ridiculus mus. Proin vel nisl. Quisque fringilla euismod enim. Etiam gravida molestie arcu. Sed eu nibh vulputate mauris sagittis placerat. Cras dictum ultricies ligula. Nullam enim. Sed nulla ante, iaculis nec,', '$2y$10$n02ViVRMl1qxyN4oCZuuK.CO9Z4gyzlF3OBsMKTJ2Bz4D6A.pt4Xy', '2019-08-21 04:07:57', 1, 'Lorem ipsum dolor sit amet, consectetur adipiscing elit. At ille pellit, qui permulcet sensum voluptate. Quid loquor de nobis, qui ad laudem et ad decus nati, suscepti, instituti sumus? At enim, qua', 1, 16, '2019-10-17 04:21:34'),
	(24, 'shaine65', 'SNS', 'Shaine', 'Nieves', 'chat.link/user?t=m6q2nt7ucba11w0', 'shaine.nieves@assoc.ch', '2277176878', 'mauris, aliquam eu, accumsan sed, facilisis vitae, orci. Phasellus dapibus quam quis diam. Pellentesque habitant morbi tristique senectus et netus et malesuada fames ac turpis egestas. Fusce aliquet magna a neque. Nullam ut nisi a odio semper cursus. Integer mollis. Integer tincidunt aliquam arcu. Aliquam ultrices iaculis odio. Nam interdum enim non nisi.', '$2y$10$IjHInnNN8cuGMcCJ0p5eruPkKwdq6xxXXL2eZnBzIgyi.wBqruARG', '2020-02-24 11:20:42', 0, 'Arrivé.e le 24.02.2020', 1, 13, '2020-03-09 13:47:43'),
	(25, 'sawyer15', 'SHR', 'Sawyer', 'Harper', '', 'sawyer.harper@assoc.ch', '8601442335', 'nulla at sem molestie sodales. Mauris blandit enim consequat purus. Maecenas libero est, congue a, aliquet vel, vulputate eu, odio. Phasellus at augue id ante dictum cursus. Nunc mauris elit, dictum eu, eleifend nec, malesuada ut, sem. Nulla interdum. Curabitur dictum. Phasellus in felis. Nulla tempor augue ac ipsum. Phasellus vitae mauris sit', '$2y$10$T.qKHvCZvuFscTRnaWJlduRoYuESXQBLBQeDoJd900n35sxwhrsZa', '2019-10-01 22:02:01', 0, 'Lorem ipsum dolor sit amet, consectetur adipiscing elit. An obliviscimur, quantopere in audiendo in legendoque moveamur, cum pie, cum amice, cum magno animo aliquid factum cognoscimus? Nondum autem ', 1, 13, '2020-06-15 13:53:36'),
	(26, 'madaline38', 'MRS', 'Madaline', 'Rojas', '', 'madaline.rojas@assoc.ch', '5811443162', 'interdum ligula eu enim. Etiam imperdiet dictum magna. Ut tincidunt orci quis lectus. Nullam suscipit, est ac facilisis facilisis, magna tellus faucibus leo, in lobortis tellus justo sit amet nulla. Donec non justo. Proin non massa non ante bibendum ullamcorper. Duis cursus, diam at pretium aliquet, metus urna convallis erat, eget tincidunt dui', '$2y$10$EWDCUFA.USeihp6/UaZRYOU1.NrUxyHHUDAVCNcVxcmgu663QKoZ.', '2020-09-04 18:02:36', 0, 'Arrivé.e le 04.09.2020', 1, 16, '2020-09-13 10:53:00'),
	(27, 'giacomo63', 'GRE', 'Giacomo', 'Reese', 'chat.link/user?t=6cj5z99y2a8qt', NULL, '3504514293', 'felis. Donec tempor, est ac mattis semper, dui lectus rutrum urna, nec luctus felis purus ac tellus. Suspendisse sed dolor. Fusce mi lorem, vehicula et, rutrum eu, ultrices sit amet, risus. Donec nibh enim, gravida sit amet, dapibus id, blandit at, nisi. Cum sociis natoque penatibus et magnis dis parturient montes, nascetur ridiculus', '$2y$10$AsOgmnMn5p7aJXajIlWgluWqJuA.IAco7VeYY0Qw3mQvBwDQeaJI.', '2019-09-26 04:50:27', 0, 'Arrivé.e le 26.09.2019', 4, 16, '2020-07-13 19:57:29'),
	(28, 'diana15', 'DJS', 'Diana', 'Jacobs', '', NULL, '7694713899', 'magna. Nam ligula elit, pretium et, rutrum non, hendrerit id, ante. Nunc mauris sapien, cursus in, hendrerit consectetuer, cursus et, magna. Praesent interdum ligula eu enim. Etiam imperdiet dictum magna. Ut tincidunt orci quis lectus. Nullam suscipit, est ac facilisis facilisis, magna tellus faucibus leo, in lobortis tellus justo sit amet nulla. Donec', '$2y$10$AIGcaSBSfCsuZbG0tt3Sd.6iWu1dBKaZgSx6VJj25dQOQFJTnugie', '2020-07-24 04:55:18', 0, 'Lorem ipsum dolor sit amet, consectetur adipiscing elit. Scripsit enim et multis saepe verbis et breviter arteque in eo libro, quem modo nominavi, mortem nihil ad nos pertinere. Gloriosa ostentatio ', 1, 13, '2020-08-27 04:13:59'),
	(29, 'minerva41', 'MFR', 'Minerva', 'Farmer', '', 'minerva.farmer@assoc.ch', '9483027646', 'venenatis a, magna. Lorem ipsum dolor sit amet, consectetuer adipiscing elit. Etiam laoreet, libero et tristique pellentesque, tellus sem mollis dui, in sodales elit erat vitae risus. Duis a mi fringilla mi lacinia mattis. Integer eu lacus. Quisque imperdiet, erat nonummy ultricies ornare, elit elit fermentum risus, at fringilla purus mauris a nunc.', '$2y$10$q7OHXcppLJyYrG.91Ffj7uClOl31dzzWqYpoOF6cXgLRza8jNdIYa', '2019-03-27 03:04:07', 0, 'Arrivé.e le 27.03.2019', 1, 27, '2019-12-29 20:40:21'),
	(30, 'melyssa59', 'MSS', 'Melyssa', 'Sparks', 'chat.link/user?t=4bubf63lwh7zrgy', 'melyssa.sparks@assoc.ch', '9394875817', 'dolor sit amet, consectetuer adipiscing elit. Curabitur sed tortor. Integer aliquam adipiscing lacus. Ut nec urna et arcu imperdiet ullamcorper. Duis at lacus. Quisque purus sapien, gravida non, sollicitudin a, malesuada id, erat. Etiam vestibulum massa rutrum magna. Cras convallis convallis dolor. Quisque tincidunt pede ac urna. Ut tincidunt vehicula risus. Nulla eget', '$2y$10$K6vhwIrRwClPzHWN5m81AOso66kL7AKG5KK6YNSJYFaQpTdu4QB0C', '2020-05-21 20:32:05', 0, 'Arrivé.e le 21.05.2020', 0, NULL, NULL),
	(31, 'anthony63', 'ACS', 'Anthony', 'Cervantes', 'chat.link/user?t=8chrw76rh82clmk', 'anthony.cervantes@assoc.ch', '5406652643', 'imperdiet dictum magna. Ut tincidunt orci quis lectus. Nullam suscipit, est ac facilisis facilisis, magna tellus faucibus leo, in lobortis tellus justo sit amet nulla. Donec non justo. Proin non massa non ante bibendum ullamcorper. Duis cursus, diam at pretium aliquet, metus urna convallis erat, eget tincidunt dui augue eu tellus. Phasellus elit', '$2y$10$xwLCndYZS9pIIZ4oA/Zeyu2bptgl/ejeuVKm7yV5O2VU7uEJ81RnK', '2020-05-22 09:05:57', 0, 'Arrivé.e le 22.05.2020', 1, 16, '2020-09-12 12:20:27'),
	(32, 'josiah25', 'JBS', 'Josiah', 'Burks', '', 'josiah.burks@assoc.ch', '8591967410', 'facilisis lorem tristique aliquet. Phasellus fermentum convallis ligula. Donec luctus aliquet odio. Etiam ligula tortor, dictum eu, placerat eget, venenatis a, magna. Lorem ipsum dolor sit amet, consectetuer adipiscing elit. Etiam laoreet, libero et tristique pellentesque, tellus sem mollis dui, in sodales elit erat vitae risus. Duis a mi fringilla mi lacinia mattis.', '$2y$10$YLP5gQlQkxiCEEbXsxjnVujAQVJhbA43d0zLeqZRlrblBAME/L0ua', '2020-04-17 16:06:49', 0, 'Arrivé.e le 17.04.2020', 4, 1, '2020-06-28 12:02:14'),
	(33, 'gil65', 'GBT', 'Gil', 'Bartlett', 'chat.link/user?t=c0eetlxd1sxv', NULL, '4047948479', 'libero lacus, varius et, euismod et, commodo at, libero. Morbi accumsan laoreet ipsum. Curabitur consequat, lectus sit amet luctus vulputate, nisi sem semper erat, in consectetuer ipsum nunc id enim. Curabitur massa. Vestibulum accumsan neque et nunc. Quisque ornare tortor at risus. Nunc ac sem ut dolor dapibus gravida. Aliquam tincidunt, nunc ac', '$2y$10$x8WHi4gsBDpNbYs0VBnLX.8aaW7TvAiQ.dJ58Cgmm7X3b4fabTQ0m', '2020-01-13 12:11:05', 0, 'Arrivé.e le 13.01.2020', 0, NULL, NULL),
	(34, 'aileen14', 'AMN', 'Aileen', 'Moran', '', NULL, '3416419099', 'et, eros. Proin ultrices. Duis volutpat nunc sit amet metus. Aliquam erat volutpat. Nulla facilisis. Suspendisse commodo tincidunt nibh. Phasellus nulla. Integer vulputate, risus a ultricies adipiscing, enim mi tempor lorem, eget mollis lectus pede et risus. Quisque libero lacus, varius et, euismod et, commodo at, libero. Morbi accumsan laoreet ipsum. Curabitur consequat,', '$2y$10$QaMgQ7j9KhGIMCfO/aEa4entFsSUOH/6jXCmm5mhor6F4Ky4zybXS', '2020-08-31 00:02:36', 0, 'Lorem ipsum dolor sit amet, consectetur adipiscing elit. Cum autem venissemus in Academiae non sine causa nobilitata spatia, solitudo erat ea, quam volueramus. In motu et in statu corporis nihil ine', 4, 1, '2020-09-02 19:09:54'),
	(35, 'morgan77', 'MMN', 'Morgan', 'Morgan', '', NULL, '4329575220', 'porttitor scelerisque neque. Nullam nisl. Maecenas malesuada fringilla est. Mauris eu turpis. Nulla aliquet. Proin velit. Sed malesuada augue ut lacus. Nulla tincidunt, neque vitae semper egestas, urna justo faucibus lectus, a sollicitudin orci sem eget massa. Suspendisse eleifend. Cras sed leo. Cras vehicula aliquet libero. Integer in magna. Phasellus dolor elit, pellentesque', '$2y$10$0RmFlINHvplipI4sJXYv1urOnG7XMWSLv/./P/Ozf9Uz2m7GCpG.e', '2019-03-25 00:49:22', 0, 'Arrivé.e le 25.03.2019', 4, 34, '2020-08-22 23:06:20'),
	(36, 'dara41', 'DTN', 'Dara', 'Thompson', '', NULL, '3238668929', 'in magna. Phasellus dolor elit, pellentesque a, facilisis non, bibendum sed, est. Nunc laoreet lectus quis massa. Mauris vestibulum, neque sed dictum eleifend, nunc risus varius orci, in consequat enim diam vel arcu. Curabitur ut odio vel est tempor bibendum. Donec felis orci, adipiscing non, luctus sit amet, faucibus ut, nulla. Cras eu', '$2y$10$OfDmB6lWcXAWDXDImcsz1Ogqi9wvl03wSet6OmS4LzGk19UqCA1va', '2019-07-13 01:18:35', 0, 'Arrivé.e le 13.07.2019', 1, 13, '2020-05-21 03:39:01'),
	(37, 'eugenia46', 'EHX', 'Eugenia', 'Hendrix', 'chat.link/user?t=2an6s6lctq98f7w', 'eugenia.hendrix@assoc.ch', '7327148157', 'bibendum ullamcorper. Duis cursus, diam at pretium aliquet, metus urna convallis erat, eget tincidunt dui augue eu tellus. Phasellus elit pede, malesuada vel, venenatis vel, faucibus id, libero. Donec consectetuer mauris id sapien. Cras dolor dolor, tempus non, lacinia at, iaculis quis, pede. Praesent eu dui. Cum sociis natoque penatibus et magnis dis', '$2y$10$OUyGv88sXnKRWq09CvKTSu4Rrpge5svM8KaHAXnlO6qH0FeR.mh9K', '2019-03-12 23:23:58', 0, 'Arrivé.e le 12.03.2019', 1, 32, '2019-08-01 12:09:54'),
	(38, 'sebastian74', 'SKY', 'Sebastian', 'Kelly', 'chat.link/user?t=unqqz0tzcqxdts', 'sebastian.kelly@assoc.ch', '6432944626', 'Aenean sed pede nec ante blandit viverra. Donec tempus, lorem fringilla ornare placerat, orci lacus vestibulum lorem, sit amet ultricies sem magna nec quam. Curabitur vel lectus. Cum sociis natoque penatibus et magnis dis parturient montes, nascetur ridiculus mus. Donec dignissim magna a tortor. Nunc commodo auctor velit. Aliquam nisl. Nulla eu neque', '$2y$10$/1sCl5mOtFg3atUZ4UV62uylthoUK59szHS6gg9LjyMu9QeRKadnq', '2020-06-02 15:33:36', 0, NULL, 0, NULL, NULL),
	(39, 'rigel82', 'RLT', 'Rigel', 'Lambert', 'chat.link/user?t=6yht2ge3lal3t', NULL, '6457858196', 'nisi nibh lacinia orci, consectetuer euismod est arcu ac orci. Ut semper pretium neque. Morbi quis urna. Nunc quis arcu vel quam dignissim pharetra. Nam ac nulla. In tincidunt congue turpis. In condimentum. Donec at arcu. Vestibulum ante ipsum primis in faucibus orci luctus et ultrices posuere cubilia Curae; Donec tincidunt. Donec vitae', '$2y$10$2bMZkiKdZvWi.7MA4waJqu4zdJF37H70eS.hWF/5sSd41sAdnldna', '2019-09-07 22:47:45', 0, 'Lorem ipsum dolor sit amet, consectetur adipiscing elit. Quorum sine causa fieri nihil putandum est. Et quidem iure fortasse, sed tamen non gravissimum est testimonium multitudinis. Iam vero animus ', 1, 35, '2020-03-03 12:37:37'),
	(40, 'desiree18', 'DAN', 'Desiree', 'Allison', 'chat.link/user?t=0pl3so6dnbczwo', NULL, '9145379994', 'Cras sed leo. Cras vehicula aliquet libero. Integer in magna. Phasellus dolor elit, pellentesque a, facilisis non, bibendum sed, est. Nunc laoreet lectus quis massa. Mauris vestibulum, neque sed dictum eleifend, nunc risus varius orci, in consequat enim diam vel arcu. Curabitur ut odio vel est tempor bibendum. Donec felis orci, adipiscing non,', '$2y$10$PVACPRKzdneFBr2YauhY2OP9rwJHgeYRNNEMutzjmEUbzhTmPhl1O', '2019-12-06 06:44:36', 0, 'Arrivé.e le 06.12.2019', 4, 40, '2020-04-15 11:57:08'),
	(41, 'leroy94', 'LWD', 'Leroy', 'Whitehead', '', NULL, '4033311059', 'felis ullamcorper viverra. Maecenas iaculis aliquet diam. Sed diam lorem, auctor quis, tristique ac, eleifend vitae, erat. Vivamus nisi. Mauris nulla. Integer urna. Vivamus molestie dapibus ligula. Aliquam erat volutpat. Nulla dignissim. Maecenas ornare egestas ligula. Nullam feugiat placerat velit. Quisque varius. Nam porttitor scelerisque neque. Nullam nisl. Maecenas malesuada fringilla est. Mauris', '$2y$10$uGls3CEH3Cn2/tIWlKjdR.QZZGeHU/YIvOxDTtn4YEuf9zUxiVFE2', '2019-08-05 13:13:15', 0, 'Lorem ipsum dolor sit amet, consectetur adipiscing elit. Docent enim nos, ut scis, dialectici, si ea, quae rem aliquam sequantur, falsa sint, falsam illam ipsam esse, quam sequantur. Duo Reges: cons', 1, 16, '2020-06-19 23:11:11'),
	(42, 'katell54', 'KPH', 'Katell', 'Parrish', 'chat.link/user?t=4vc4rdp6g0', NULL, '8548598925', 'Mauris quis turpis vitae purus gravida sagittis. Duis gravida. Praesent eu nulla at sem molestie sodales. Mauris blandit enim consequat purus. Maecenas libero est, congue a, aliquet vel, vulputate eu, odio. Phasellus at augue id ante dictum cursus. Nunc mauris elit, dictum eu, eleifend nec, malesuada ut, sem. Nulla interdum. Curabitur dictum. Phasellus', '$2y$10$RpKxnICtoet6M2Wf2PnACODGptP9nVdE/.j3Is/EyQq6xSyHbu3iO', '2020-06-27 11:33:34', 0, 'Arrivé.e le 27.06.2020', 0, NULL, NULL),
	(43, 'montana96', 'MWT', 'Montana', 'Wyatt', '', NULL, '3219919084', 'dolor sit amet, consectetuer adipiscing elit. Etiam laoreet, libero et tristique pellentesque, tellus sem mollis dui, in sodales elit erat vitae risus. Duis a mi fringilla mi lacinia mattis. Integer eu lacus. Quisque imperdiet, erat nonummy ultricies ornare, elit elit fermentum risus, at fringilla purus mauris a nunc. In at pede. Cras vulputate', '$2y$10$V47o9aTBgdtndFKIug83jeQyc.SUylcuKbv/wmHvby1avzQxyRzze', '2020-01-26 19:14:02', 0, 'Arrivé.e le 26.01.2020', 1, 1, '2020-04-26 12:07:29'),
	(44, 'fletcher91', 'FRO', 'Fletcher', 'Russo', '', NULL, '2115001863', 'Suspendisse aliquet, sem ut cursus luctus, ipsum leo elementum sem, vitae aliquam eros turpis non enim. Mauris quis turpis vitae purus gravida sagittis. Duis gravida. Praesent eu nulla at sem molestie sodales. Mauris blandit enim consequat purus. Maecenas libero est, congue a, aliquet vel, vulputate eu, odio. Phasellus at augue id ante dictum', '$2y$10$VjO15WyFzhLtQWXP4Xc0l..3eoADZJeak7.WfJcuEjZmv/hriZNG6', '2019-05-18 01:48:42', 0, 'Lorem ipsum dolor sit amet, consectetur adipiscing elit. Sed fac ista esse non inportuna; Quid enim me prohiberet Epicureum esse, si probarem, quae ille diceret? Egone non intellego, quid sit don Gr', 2, 1, '2019-12-11 06:38:25'),
	(45, 'macy45', 'MBT', 'Macy', 'Britt', 'chat.link/user?t=3t27e2ibby3f8tx', NULL, '2363925772', 'orci sem eget massa. Suspendisse eleifend. Cras sed leo. Cras vehicula aliquet libero. Integer in magna. Phasellus dolor elit, pellentesque a, facilisis non, bibendum sed, est. Nunc laoreet lectus quis massa. Mauris vestibulum, neque sed dictum eleifend, nunc risus varius orci, in consequat enim diam vel arcu. Curabitur ut odio vel est tempor', '$2y$10$KfJYBER/SdKHDhPzhlKFaeI3KGG/sVuljYXwsfUpTTVhtmT7hCc/O', '2020-10-05 02:38:48', 0, 'Arrivé.e le 05.10.2020', 3, 40, '2020-10-07 02:37:20'),
	(46, 'latifah15', 'LBT', 'Latifah', 'Bennett', '', NULL, '7556133628', 'nec tempus scelerisque, lorem ipsum sodales purus, in molestie tortor nibh sit amet orci. Ut sagittis lobortis mauris. Suspendisse aliquet molestie tellus. Aenean egestas hendrerit neque. In ornare sagittis felis. Donec tempor, est ac mattis semper, dui lectus rutrum urna, nec luctus felis purus ac tellus. Suspendisse sed dolor. Fusce mi lorem, vehicula', '$2y$10$vMV5QQnoPwtXTxITHPlHa.JfzrGw39M7QokrYaZplG4YwDL1oOxme', '2019-08-22 10:11:28', 0, 'Arrivé.e le 22.08.2019', 1, 1, '2020-02-04 02:13:29'),
	(47, 'ezekiel36', 'ENN', 'Ezekiel', 'Nicholson', 'chat.link/user?t=h12vzcd4dvo', 'ezekiel.nicholson@assoc.ch', '3591733750', 'Donec tempus, lorem fringilla ornare placerat, orci lacus vestibulum lorem, sit amet ultricies sem magna nec quam. Curabitur vel lectus. Cum sociis natoque penatibus et magnis dis parturient montes, nascetur ridiculus mus. Donec dignissim magna a tortor. Nunc commodo auctor velit. Aliquam nisl. Nulla eu neque pellentesque massa lobortis ultrices. Vivamus rhoncus. Donec', '$2y$10$3QNIZZX3E9Vuw4aULrddN.rz0VTQEKmZ0YG/tghJGVqSJ5w9cq5bi', '2019-08-02 22:12:43', 0, NULL, 1, 13, '2019-10-04 20:50:04'),
	(48, 'zelenia37', 'ZFK', 'Zelenia', 'Frederick', '', NULL, '9883816920', 'est ac mattis semper, dui lectus rutrum urna, nec luctus felis purus ac tellus. Suspendisse sed dolor. Fusce mi lorem, vehicula et, rutrum eu, ultrices sit amet, risus. Donec nibh enim, gravida sit amet, dapibus id, blandit at, nisi. Cum sociis natoque penatibus et magnis dis parturient montes, nascetur ridiculus mus. Proin vel', '$2y$10$BiUMkLQ/hX9bJDXFVbIP7e43R3iUASu.4f6w7HdnRolVYcv9QNWRO', '2020-01-06 15:21:11', 0, 'Arrivé.e le 06.01.2020', 1, 16, '2020-04-02 13:00:57'),
	(49, 'joan19', 'JSO', 'Joan', 'Serrano', 'chat.link/user?t=ggsjzizo5bi7o', NULL, '7461085372', 'Vestibulum ante ipsum primis in faucibus orci luctus et ultrices posuere cubilia Curae; Donec tincidunt. Donec vitae erat vel pede blandit congue. In scelerisque scelerisque dui. Suspendisse ac metus vitae velit egestas lacinia. Sed congue, elit sed consequat auctor, nunc nulla vulputate dui, nec tempus mauris erat eget ipsum. Suspendisse sagittis. Nullam vitae', '$2y$10$XBP/Ps3xi.dQF0AO9RsIcem4aIn4nH3AKKZ4frafUDYAMczTlEC3u', '2019-12-02 02:01:28', 0, 'Arrivé.e le 02.12.2019', 4, 32, '2020-06-16 06:16:47'),
	(50, 'hammett99', 'HSR', 'Hammett', 'Slater', '', NULL, '8814101390', 'pellentesque massa lobortis ultrices. Vivamus rhoncus. Donec est. Nunc ullamcorper, velit in aliquet lobortis, nisi nibh lacinia orci, consectetuer euismod est arcu ac orci. Ut semper pretium neque. Morbi quis urna. Nunc quis arcu vel quam dignissim pharetra. Nam ac nulla. In tincidunt congue turpis. In condimentum. Donec at arcu. Vestibulum ante ipsum', '$2y$10$T/ugfV4bsZ39M58AGX.NbOPC932hwXONWep7YHbzDbs7IXL6N6vty', '2020-06-09 09:59:35', 0, 'Arrivé.e le 09.06.2020', 1, 40, '2020-09-19 22:40:22'),
	(51, 'shelby38', 'SFS', 'Shelby', 'Franks', '', NULL, '8293014997', 'lobortis tellus justo sit amet nulla. Donec non justo. Proin non massa non ante bibendum ullamcorper. Duis cursus, diam at pretium aliquet, metus urna convallis erat, eget tincidunt dui augue eu tellus. Phasellus elit pede, malesuada vel, venenatis vel, faucibus id, libero. Donec consectetuer mauris id sapien. Cras dolor dolor, tempus non, lacinia', '$2y$10$/SdSBEQKLlNyiC0wzvJfRu9NP/4Q7jM.9DBd8cibrY6KTlTm349su', '2020-10-07 00:59:46', 0, 'Lorem ipsum dolor sit amet, consectetur adipiscing elit. Res tota, Torquate, non doctorum hominum, velle post mortem epulis celebrari memoriam sui nominis. Itaque dicunt nec dubitant: mihi sic usus ', 0, NULL, NULL),
	(52, 'aphrodite16', 'AMO', 'Aphrodite', 'Moreno', 'chat.link/user?t=34acjr0f5a2v4', NULL, '7292497298', 'pellentesque eget, dictum placerat, augue. Sed molestie. Sed id risus quis diam luctus lobortis. Class aptent taciti sociosqu ad litora torquent per conubia nostra, per inceptos hymenaeos. Mauris ut quam vel sapien imperdiet ornare. In faucibus. Morbi vehicula. Pellentesque tincidunt tempus risus. Donec egestas. Duis ac arcu. Nunc mauris. Morbi non sapien molestie', '$2y$10$nZF6qcbDojtCMurPEgjQuOf6vLNU8d/j.5bgVi3IDGsR3pJt5RkkG', '2019-02-19 20:19:14', 0, 'Arrivé.e le 19.02.2019', 1, 13, '2019-05-14 00:53:58'),
	(53, 'halee82', 'HGY', 'Halee', 'Gregory', '', 'halee.gregory@assoc.ch', '8252522488', 'Aliquam ultrices iaculis odio. Nam interdum enim non nisi. Aenean eget metus. In nec orci. Donec nibh. Quisque nonummy ipsum non arcu. Vivamus sit amet risus. Donec egestas. Aliquam nec enim. Nunc ut erat. Sed nunc est, mollis non, cursus non, egestas a, dui. Cras pellentesque. Sed dictum. Proin eget odio. Aliquam vulputate', '$2y$10$nE/0KOKWB7gDMKZQOqtUF.HJRQPWXZ5F6yL/V37YX1odwh2j2s6Y6', '2019-10-27 00:25:03', 0, 'Lorem ipsum dolor sit amet, consectetur adipiscing elit. Duo Reges: constructio interrete. Itaque eo, quale sit, breviter, ut tempus postulat, constituto accedam ad omnia tua, Torquate, nisi memoria', 0, NULL, NULL),
	(54, 'camille46', 'CHE', 'Camille', 'Hyde', 'chat.link/user?t=z4rwknhi3yh', 'camille.hyde@assoc.ch', '8737395545', 'iaculis odio. Nam interdum enim non nisi. Aenean eget metus. In nec orci. Donec nibh. Quisque nonummy ipsum non arcu. Vivamus sit amet risus. Donec egestas. Aliquam nec enim. Nunc ut erat. Sed nunc est, mollis non, cursus non, egestas a, dui. Cras pellentesque. Sed dictum. Proin eget odio. Aliquam vulputate ullamcorper magna.', '$2y$10$mrH3Go9uEznyfG/B3d.YaOYhk4V9BJahky.KifLsivtdjFIdOjSD.', '2020-09-17 21:48:50', 0, 'Lorem ipsum dolor sit amet, consectetur adipiscing elit. Mihi, inquam, qui te id ipsum rogavi? Sapiens autem semper beatus est et est aliquando in dolore; Deinceps videndum est, quoniam satis apertu', 1, 49, '2020-10-07 15:25:09'),
	(55, 'gareth55', 'GHN', 'Gareth', 'Holman', 'chat.link/user?t=of0e7q8whn4n1y', NULL, '7483019386', 'dictum ultricies ligula. Nullam enim. Sed nulla ante, iaculis nec, eleifend non, dapibus rutrum, justo. Praesent luctus. Curabitur egestas nunc sed libero. Proin sed turpis nec mauris blandit mattis. Cras eget nisi dictum augue malesuada malesuada. Integer id magna et ipsum cursus vestibulum. Mauris magna. Duis dignissim tempor arcu. Vestibulum ut eros non', '$2y$10$qmo8qr4d4nV8YUglGwK3ruPvO8qvTy5wb95pGEHHip7iUWmrmSDDa', '2020-07-06 11:37:39', 0, 'Arrivé.e le 06.07.2020', 4, 55, '2020-07-09 01:06:14'),
	(56, 'orli64', 'OSR', 'Orli', 'Skinner', 'chat.link/user?t=ryrs2vmds6', NULL, '1888271213', 'eleifend egestas. Sed pharetra, felis eget varius ultrices, mauris ipsum porta elit, a feugiat tellus lorem eu metus. In lorem. Donec elementum, lorem ut aliquam iaculis, lacus pede sagittis augue, eu tempor erat neque non quam. Pellentesque habitant morbi tristique senectus et netus et malesuada fames ac turpis egestas. Aliquam fringilla cursus purus.', '$2y$10$VZ0.4.cedzs0cHKNUusHGudiYIftbgx2CbBpycEE5XebeKnLHxUYK', '2020-07-19 04:44:12', 0, 'Lorem ipsum dolor sit amet, consectetur adipiscing elit. Quod idem cum vestri faciant, non satis magnam tribuunt inventoribus gratiam. Verum esto: verbum ipsum voluptatis non habet dignitatem, nec n', 1, 35, '2020-10-07 11:05:30'),
	(57, 'quamar16', 'QDN', 'Quamar', 'Dean', '', 'quamar.dean@assoc.ch', '3397606941', 'Sed eget lacus. Mauris non dui nec urna suscipit nonummy. Fusce fermentum fermentum arcu. Vestibulum ante ipsum primis in faucibus orci luctus et ultrices posuere cubilia Curae; Phasellus ornare. Fusce mollis. Duis sit amet diam eu dolor egestas rhoncus. Proin nisl sem, consequat nec, mollis vitae, posuere at, velit. Cras lorem lorem, luctus', '$2y$10$1NqPaZY5zKg3bGLasEQDYuwRo9.Spc3pQvHZeUrOEDo0hCaMu5wbe', '2019-06-25 05:05:35', 0, 'Arrivé.e le 25.06.2019', 1, 55, '2020-04-04 20:56:21'),
	(58, 'pascale32', 'PVE', 'Pascale', 'Vance', '', 'pascale.vance@assoc.ch', '4858327572', 'pharetra sed, hendrerit a, arcu. Sed et libero. Proin mi. Aliquam gravida mauris ut mi. Duis risus odio, auctor vitae, aliquet nec, imperdiet nec, leo. Morbi neque tellus, imperdiet non, vestibulum nec, euismod in, dolor. Fusce feugiat. Lorem ipsum dolor sit amet, consectetuer adipiscing elit. Aliquam auctor, velit eget laoreet posuere, enim nisl', '$2y$10$b7d78A97OB/nEEY.7xfQCu4tjCOxWjcTasxLhlTHpCJlrtPGZ0z76', '2020-05-19 17:15:04', 0, 'Arrivé.e le 19.05.2020', 0, NULL, NULL),
	(59, 'clark12', 'CJN', 'Clark', 'Jefferson', 'chat.link/user?t=zm11uxolgj6s', NULL, '4203163812', 'eu enim. Etiam imperdiet dictum magna. Ut tincidunt orci quis lectus. Nullam suscipit, est ac facilisis facilisis, magna tellus faucibus leo, in lobortis tellus justo sit amet nulla. Donec non justo. Proin non massa non ante bibendum ullamcorper. Duis cursus, diam at pretium aliquet, metus urna convallis erat, eget tincidunt dui augue eu', '$2y$10$8yEw8YZ4ZXl1zeatQqaz6efw9imo8FLkUTImOYu8.aBPhIJs4s0wK', '2019-08-20 01:10:32', 0, 'Arrivé.e le 20.08.2019', 1, 32, '2020-02-12 13:21:37'),
	(60, 'vernon50', 'VRE', 'Vernon', 'Rose', '', 'vernon.rose@assoc.ch', '5786081890', 'magna. Phasellus dolor elit, pellentesque a, facilisis non, bibendum sed, est. Nunc laoreet lectus quis massa. Mauris vestibulum, neque sed dictum eleifend, nunc risus varius orci, in consequat enim diam vel arcu. Curabitur ut odio vel est tempor bibendum. Donec felis orci, adipiscing non, luctus sit amet, faucibus ut, nulla. Cras eu tellus', '$2y$10$mCn2tf/VIz5wC.0V1ME8oOXh.Plu7HWrSvGW6XgkKJ1GjGsZoIGui', '2019-02-28 17:56:19', 0, 'Lorem ipsum dolor sit amet, consectetur adipiscing elit. Etiam inchoatum, ut, si iuste depositum reddere in recte factis sit, in officiis ponatur depositum reddere; Consequatur summas voluptates non', 1, 32, '2019-07-08 17:27:36'),
	(61, 'tasha11', 'TFS', 'Tasha', 'Flowers', '', NULL, '2867122541', 'nec mauris blandit mattis. Cras eget nisi dictum augue malesuada malesuada. Integer id magna et ipsum cursus vestibulum. Mauris magna. Duis dignissim tempor arcu. Vestibulum ut eros non enim commodo hendrerit. Donec porttitor tellus non magna. Nam ligula elit, pretium et, rutrum non, hendrerit id, ante. Nunc mauris sapien, cursus in, hendrerit consectetuer,', '$2y$10$/T28eewhd97RkbYHEY4MnuHqUcAJ68bzGu0bdqevkfN4kwy0KGGAS', '2019-05-23 10:33:57', 0, 'Arrivé.e le 23.05.2019', 1, 27, '2020-07-09 09:36:16'),
	(62, 'veda56', 'VRH', 'Veda', 'Roth', '', NULL, '9076462637', 'Etiam vestibulum massa rutrum magna. Cras convallis convallis dolor. Quisque tincidunt pede ac urna. Ut tincidunt vehicula risus. Nulla eget metus eu erat semper rutrum. Fusce dolor quam, elementum at, egestas a, scelerisque sed, sapien. Nunc pulvinar arcu et pede. Nunc sed orci lobortis augue scelerisque mollis. Phasellus libero mauris, aliquam eu, accumsan', '$2y$10$myl9yyLhqHAlitLZi/8QvejfK2StZ2DR2QZBmlvAiJLAm8OImHcsy', '2020-02-01 23:44:07', 0, 'Lorem ipsum dolor sit amet, consectetur adipiscing elit. Quod non faceret, si in voluptate summum bonum poneret. Sed audiamus ipsum: Compensabatur, inquit, tamen cum his omnibus animi laetitia, quam', 1, 27, '2020-03-25 09:52:52'),
	(63, 'leah43', 'LTD', 'Leah', 'Townsend', 'chat.link/user?t=ne4n60oyg6if', NULL, '9192511899', 'Duis volutpat nunc sit amet metus. Aliquam erat volutpat. Nulla facilisis. Suspendisse commodo tincidunt nibh. Phasellus nulla. Integer vulputate, risus a ultricies adipiscing, enim mi tempor lorem, eget mollis lectus pede et risus. Quisque libero lacus, varius et, euismod et, commodo at, libero. Morbi accumsan laoreet ipsum. Curabitur consequat, lectus sit amet luctus', '$2y$10$4uAI5n4v8One8hwddqO/8OtbDanIrbSph5EioQt9I4uR/smkgbTDu', '2020-05-02 06:14:38', 0, 'Arrivé.e le 02.05.2020', 1, 34, '2020-07-12 04:36:26'),
	(64, 'porter12', 'PBD', 'Porter', 'Beard', 'chat.link/user?t=o9k2h2mhbi', 'porter.beard@assoc.ch', '9824148520', 'auctor, nunc nulla vulputate dui, nec tempus mauris erat eget ipsum. Suspendisse sagittis. Nullam vitae diam. Proin dolor. Nulla semper tellus id nunc interdum feugiat. Sed nec metus facilisis lorem tristique aliquet. Phasellus fermentum convallis ligula. Donec luctus aliquet odio. Etiam ligula tortor, dictum eu, placerat eget, venenatis a, magna. Lorem ipsum dolor', '$2y$10$U3koR4MpJuEMQ6XSLXKrhOpS/.XhyGfT/QjMrQwwEnUpUeVtEtYSW', '2019-05-05 07:38:45', 0, 'Lorem ipsum dolor sit amet, consectetur adipiscing elit. Tamen aberramus a proposito, et, ne longius, prorsus, inquam, Piso, si ista mala sunt, placet. Quae cum praeponunt, ut sit aliqua rerum selec', 1, 32, '2020-06-30 06:11:14'),
	(65, 'jasper18', 'JLG', 'Jasper', 'Long', '', NULL, '6877697050', 'amet ante. Vivamus non lorem vitae odio sagittis semper. Nam tempor diam dictum sapien. Aenean massa. Integer vitae nibh. Donec est mauris, rhoncus id, mollis nec, cursus a, enim. Suspendisse aliquet, sem ut cursus luctus, ipsum leo elementum sem, vitae aliquam eros turpis non enim. Mauris quis turpis vitae purus gravida sagittis. Duis', '$2y$10$jX9WNXlreCimegKSmAT.s.1uuDanzK2qIr2z8Xn0.9Dzl7Qr0Amh6', '2020-09-26 17:08:31', 0, 'Arrivé.e le 26.09.2020', 1, 16, '2020-09-29 15:06:17'),
	(66, 'vincent26', 'VMN', 'Vincent', 'Morin', '', 'vincent.morin@assoc.ch', '4239557879', 'enim non nisi. Aenean eget metus. In nec orci. Donec nibh. Quisque nonummy ipsum non arcu. Vivamus sit amet risus. Donec egestas. Aliquam nec enim. Nunc ut erat. Sed nunc est, mollis non, cursus non, egestas a, dui. Cras pellentesque. Sed dictum. Proin eget odio. Aliquam vulputate ullamcorper magna. Sed eu eros. Nam', '$2y$10$SM1DZktHao8BD3662ke1f.ny8fXUoSd06LApV4xFVhOUpOodQ1SgC', '2019-10-31 12:43:41', 0, 'Lorem ipsum dolor sit amet, consectetur adipiscing elit. Mihi vero, inquit, placet agi subtilius et, ut ipse dixisti, pressius. Aliter enim explicari, quod quaeritur, non potest. Atque hoc loco simi', 1, 16, '2020-08-12 19:45:18'),
	(67, 'aaron25', 'ASN', 'Aaron', 'Sherman', 'chat.link/user?t=ijou42jvevqelf', 'aaron.sherman@assoc.ch', '9326112877', 'amet, risus. Donec nibh enim, gravida sit amet, dapibus id, blandit at, nisi. Cum sociis natoque penatibus et magnis dis parturient montes, nascetur ridiculus mus. Proin vel nisl. Quisque fringilla euismod enim. Etiam gravida molestie arcu. Sed eu nibh vulputate mauris sagittis placerat. Cras dictum ultricies ligula. Nullam enim. Sed nulla ante, iaculis', '$2y$10$GSfdOt/WwSMqQQ8qBTMAo.rtEJKUi4tMIAMByljy32S8VjrB9TXzu', '2020-05-02 13:49:02', 0, 'Lorem ipsum dolor sit amet, consectetur adipiscing elit. Ut in geometria, prima si dederis, danda sunt omnia. Sed alii dolore moventur, alii cupiditate, iracundia etiam multi effetuntur et, cum in m', 1, 55, '2020-09-03 00:56:08'),
	(68, 'vaughan28', 'VCE', 'Vaughan', 'Cole', 'chat.link/user?t=kd57g4rztb', NULL, '3109691347', 'Suspendisse ac metus vitae velit egestas lacinia. Sed congue, elit sed consequat auctor, nunc nulla vulputate dui, nec tempus mauris erat eget ipsum. Suspendisse sagittis. Nullam vitae diam. Proin dolor. Nulla semper tellus id nunc interdum feugiat. Sed nec metus facilisis lorem tristique aliquet. Phasellus fermentum convallis ligula. Donec luctus aliquet odio. Etiam', '$2y$10$5DP9vn6oPiQ7z7AoDlTpfeSMk2VX1sn1ITwCs8UBG2/Cltzf1apOC', '2019-07-22 00:40:05', 0, 'Arrivé.e le 22.07.2019', 0, NULL, NULL),
	(69, 'mason52', 'MME', 'Mason', 'Monroe', '', NULL, '9652092870', 'mus. Proin vel nisl. Quisque fringilla euismod enim. Etiam gravida molestie arcu. Sed eu nibh vulputate mauris sagittis placerat. Cras dictum ultricies ligula. Nullam enim. Sed nulla ante, iaculis nec, eleifend non, dapibus rutrum, justo. Praesent luctus. Curabitur egestas nunc sed libero. Proin sed turpis nec mauris blandit mattis. Cras eget nisi dictum', '$2y$10$vPx34JLSIaWbOe5xtJ7uvO8aeKwzuEgLlb7H1q21z2XLLdzLC3o9e', '2020-05-09 22:32:35', 0, 'Arrivé.e le 09.05.2020', 1, 1, '2020-09-04 10:52:08'),
	(70, 'trevor53', 'TJZ', 'Trevor', 'Jimenez', '', NULL, '2322238168', 'vel nisl. Quisque fringilla euismod enim. Etiam gravida molestie arcu. Sed eu nibh vulputate mauris sagittis placerat. Cras dictum ultricies ligula. Nullam enim. Sed nulla ante, iaculis nec, eleifend non, dapibus rutrum, justo. Praesent luctus. Curabitur egestas nunc sed libero. Proin sed turpis nec mauris blandit mattis. Cras eget nisi dictum augue malesuada', '$2y$10$i8w2yddiwqd2mzWx8WYfu.d2bd2X4LXjBHJl3EsiFK0yqE0.e67c6', '2019-12-20 13:33:06', 0, 'Arrivé.e le 20.12.2019', 3, 16, '2020-08-25 21:44:28'),
	(71, 'patrick46', 'PTR', 'Patrick', 'Tucker', 'chat.link/user?t=kmmcodrq30tvtm', NULL, '5124775792', 'Praesent eu dui. Cum sociis natoque penatibus et magnis dis parturient montes, nascetur ridiculus mus. Aenean eget magna. Suspendisse tristique neque venenatis lacus. Etiam bibendum fermentum metus. Aenean sed pede nec ante blandit viverra. Donec tempus, lorem fringilla ornare placerat, orci lacus vestibulum lorem, sit amet ultricies sem magna nec quam. Curabitur vel', '$2y$10$5Fi0NP8guM5L9eP.SoggGOn7/OFsJ4su2gi.9rMWK1t73YdVbc2Iy', '2020-06-25 08:51:19', 0, 'Lorem ipsum dolor sit amet, consectetur adipiscing elit. Sed est forma eius disciplinae, sicut fere ceterarum, triplex: una pars est naturae, disserendi altera, vivendi tertia. Nec mihi illud dixeri', 1, 13, '2020-09-20 02:52:06'),
	(72, 'james37', 'JCN', 'James', 'Cotton', 'chat.link/user?t=1gxfzfcemt3oju', 'james.cotton@assoc.ch', '3612891096', 'commodo at, libero. Morbi accumsan laoreet ipsum. Curabitur consequat, lectus sit amet luctus vulputate, nisi sem semper erat, in consectetuer ipsum nunc id enim. Curabitur massa. Vestibulum accumsan neque et nunc. Quisque ornare tortor at risus. Nunc ac sem ut dolor dapibus gravida. Aliquam tincidunt, nunc ac mattis ornare, lectus ante dictum mi,', '$2y$10$ppSchkHNVhEHKOsg82V93.l4RGplg3hU7EYOWMNXwjSijVRPimD6W', '2020-03-27 02:38:08', 0, 'Arrivé.e le 27.03.2020', 1, 13, '2020-07-11 18:36:48'),
	(73, 'alea23', 'AGH', 'Alea', 'Griffith', 'chat.link/user?t=n1k4blkceyh9ttm', 'alea.griffith@assoc.ch', '5667862531', 'nunc sit amet metus. Aliquam erat volutpat. Nulla facilisis. Suspendisse commodo tincidunt nibh. Phasellus nulla. Integer vulputate, risus a ultricies adipiscing, enim mi tempor lorem, eget mollis lectus pede et risus. Quisque libero lacus, varius et, euismod et, commodo at, libero. Morbi accumsan laoreet ipsum. Curabitur consequat, lectus sit amet luctus vulputate, nisi', '$2y$10$x808OAOYafoDe9BFB6A65u1Wqmcq5QCu6IyNOPlx73zHfgMWBt9dC', '2020-09-09 20:18:22', 0, 'Lorem ipsum dolor sit amet, consectetur adipiscing elit. Ita similis erit ei finis boni, atque antea fuerat, neque idem tamen; Hic, qui utrumque probat, ambobus debuit uti, sicut facit re, neque tam', 1, 32, '2020-09-21 03:43:20'),
	(74, 'emerald28', 'EGS', 'Emerald', 'Gaines', '', 'emerald.gaines@assoc.ch', '4277275737', 'viverra. Maecenas iaculis aliquet diam. Sed diam lorem, auctor quis, tristique ac, eleifend vitae, erat. Vivamus nisi. Mauris nulla. Integer urna. Vivamus molestie dapibus ligula. Aliquam erat volutpat. Nulla dignissim. Maecenas ornare egestas ligula. Nullam feugiat placerat velit. Quisque varius. Nam porttitor scelerisque neque. Nullam nisl. Maecenas malesuada fringilla est. Mauris eu turpis.', '$2y$10$LjS.brZ/b51vH9V9Vjrfs.akFU2Hs.Xpkvre2tn38080LJhH145CK', '2020-06-30 03:31:58', 0, NULL, 1, 34, '2020-07-18 01:27:17'),
	(75, 'justin52', 'JRS', 'Justin', 'Rodgers', '', NULL, '8314515711', 'odio. Nam interdum enim non nisi. Aenean eget metus. In nec orci. Donec nibh. Quisque nonummy ipsum non arcu. Vivamus sit amet risus. Donec egestas. Aliquam nec enim. Nunc ut erat. Sed nunc est, mollis non, cursus non, egestas a, dui. Cras pellentesque. Sed dictum. Proin eget odio. Aliquam vulputate ullamcorper magna. Sed', '$2y$10$OhaqzGVbXrwluMbgHyC31eU4U/sekzB42TY5mYRD1ilU16HIy4e.a', '2019-08-16 21:52:34', 0, 'Arrivé.e le 16.08.2019', 1, 35, '2020-09-23 19:59:06'),
	(76, 'felicia79', 'FBD', 'Felicia', 'Boyd', '', 'felicia.boyd@assoc.ch', '6909364328', 'eu tellus eu augue porttitor interdum. Sed auctor odio a purus. Duis elementum, dui quis accumsan convallis, ante lectus convallis est, vitae sodales nisi magna sed dui. Fusce aliquam, enim nec tempus scelerisque, lorem ipsum sodales purus, in molestie tortor nibh sit amet orci. Ut sagittis lobortis mauris. Suspendisse aliquet molestie tellus. Aenean', '$2y$10$r/8verAAnPfrC9QnKJ3PXe2n30IJKen94eSulETU7a0Qr49ZcDGae', '2020-03-18 18:42:41', 1, NULL, 1, 35, '2020-05-31 15:12:17'),
	(77, 'oliver14', 'OCR', 'Oliver', 'Collier', 'chat.link/user?t=pc9p0yg7d9', NULL, '8002167919', 'lacus vestibulum lorem, sit amet ultricies sem magna nec quam. Curabitur vel lectus. Cum sociis natoque penatibus et magnis dis parturient montes, nascetur ridiculus mus. Donec dignissim magna a tortor. Nunc commodo auctor velit. Aliquam nisl. Nulla eu neque pellentesque massa lobortis ultrices. Vivamus rhoncus. Donec est. Nunc ullamcorper, velit in aliquet lobortis,', '$2y$10$gYzxLAC2NfxeNF6uQ9pcjuYBhBwpz9Jaby/HwOmjhV024V4dtGJZe', '2020-09-22 07:48:56', 0, 'Lorem ipsum dolor sit amet, consectetur adipiscing elit. Ne in odium veniam, si amicum destitero tueri. Ergo in iis adolescentibus bonam spem esse dicemus et magnam indolem, quos suis commodis inser', 1, 13, '2020-09-30 03:57:57'),
	(78, 'jesse91', 'JGY', 'Jesse', 'Gregory', 'chat.link/user?t=aj6a985qt0n', 'jesse.gregory@assoc.ch', '9166878076', 'sem. Pellentesque ut ipsum ac mi eleifend egestas. Sed pharetra, felis eget varius ultrices, mauris ipsum porta elit, a feugiat tellus lorem eu metus. In lorem. Donec elementum, lorem ut aliquam iaculis, lacus pede sagittis augue, eu tempor erat neque non quam. Pellentesque habitant morbi tristique senectus et netus et malesuada fames ac', '$2y$10$PiU3fREWX.qog0waQH2fjuXoD4xdJCIMwWrOA8NlX5EzNQNd2QSj2', '2019-10-22 19:42:37', 0, 'Lorem ipsum dolor sit amet, consectetur adipiscing elit. Ita enim vivunt quidam, ut eorum vita refellatur oratio. Sed cum ea, quae praeterierunt, acri animo et attento intuemur, tum fit ut aegritudo', 1, 49, '2020-07-09 22:13:59'),
	(79, 'isabelle63', 'IST', 'Isabelle', 'Sweet', 'chat.link/user?t=4qq63v8pjlsuqb', 'isabelle.sweet@assoc.ch', '3386464386', 'amet orci. Ut sagittis lobortis mauris. Suspendisse aliquet molestie tellus. Aenean egestas hendrerit neque. In ornare sagittis felis. Donec tempor, est ac mattis semper, dui lectus rutrum urna, nec luctus felis purus ac tellus. Suspendisse sed dolor. Fusce mi lorem, vehicula et, rutrum eu, ultrices sit amet, risus. Donec nibh enim, gravida sit', '$2y$10$ibY0bnLoUwtbbRldl74g..MYLNpdHVAFeH9eshI562ZGPCzXQV8xe', '2019-07-20 19:38:45', 0, 'Arrivé.e le 20.07.2019', 1, 40, '2019-10-17 05:44:07'),
	(80, 'barry51', 'BWN', 'Barry', 'Wooten', 'chat.link/user?t=b77llauwv0pam', NULL, '7279061970', 'mollis lectus pede et risus. Quisque libero lacus, varius et, euismod et, commodo at, libero. Morbi accumsan laoreet ipsum. Curabitur consequat, lectus sit amet luctus vulputate, nisi sem semper erat, in consectetuer ipsum nunc id enim. Curabitur massa. Vestibulum accumsan neque et nunc. Quisque ornare tortor at risus. Nunc ac sem ut dolor', '$2y$10$YXLKa8eGyHF6kJ0SqRw3auE03.n4b2TJGvNlOFDjW1HT5yzsHO9xy', '2020-05-24 23:29:42', 0, 'Lorem ipsum dolor sit amet, consectetur adipiscing elit. Quo studio Aristophanem putamus aetatem in litteris duxisse? Possumusne ergo in vita summum bonum dicere, cum id ne in cena quidem posse vide', 1, 1, '2020-07-07 10:21:57'),
	(81, 'veda11', 'VPE', 'Veda', 'Payne', 'chat.link/user?t=8y2bxqwkua1v', NULL, '9774521465', 'in sodales elit erat vitae risus. Duis a mi fringilla mi lacinia mattis. Integer eu lacus. Quisque imperdiet, erat nonummy ultricies ornare, elit elit fermentum risus, at fringilla purus mauris a nunc. In at pede. Cras vulputate velit eu sem. Pellentesque ut ipsum ac mi eleifend egestas. Sed pharetra, felis eget varius ultrices,', '$2y$10$RGQaS70w5GF2.4AULDO3zOtbtf5mW76JRDDh0HJoxn1.EPRl/ieyq', '2019-07-13 20:46:15', 0, 'Arrivé.e le 13.07.2019', 1, 1, '2019-08-02 22:58:14'),
	(82, 'noah26', 'NBN', 'Noah', 'Brown', '', 'noah.brown@assoc.ch', '3012496240', 'lacinia mattis. Integer eu lacus. Quisque imperdiet, erat nonummy ultricies ornare, elit elit fermentum risus, at fringilla purus mauris a nunc. In at pede. Cras vulputate velit eu sem. Pellentesque ut ipsum ac mi eleifend egestas. Sed pharetra, felis eget varius ultrices, mauris ipsum porta elit, a feugiat tellus lorem eu metus. In', '$2y$10$jOs3ocqR4cnHkzrdbKuTqOXvlPCmZfqGx58Wr4YS7pV4M7L8mLTCG', '2020-08-26 23:02:22', 0, 'Arrivé.e le 26.08.2020', 1, 27, '2020-09-11 10:27:21'),
	(83, 'jeremy11', 'JBN', 'Jeremy', 'Bryan', '', 'jeremy.bryan@assoc.ch', '9376942178', 'aliquam adipiscing lacus. Ut nec urna et arcu imperdiet ullamcorper. Duis at lacus. Quisque purus sapien, gravida non, sollicitudin a, malesuada id, erat. Etiam vestibulum massa rutrum magna. Cras convallis convallis dolor. Quisque tincidunt pede ac urna. Ut tincidunt vehicula risus. Nulla eget metus eu erat semper rutrum. Fusce dolor quam, elementum at,', '$2y$10$58GYw1mMd2SKah33zGC9XuSCz9Lyhxc5HTdHREzWwNUYpT5KokLsK', '2020-04-24 14:52:19', 0, 'Arrivé.e le 24.04.2020', 1, 16, '2020-09-09 14:54:24'),
	(84, 'quincy37', 'QBS', 'Quincy', 'Burris', 'chat.link/user?t=z6qbb7z1c7c', NULL, '8856969221', 'ut odio vel est tempor bibendum. Donec felis orci, adipiscing non, luctus sit amet, faucibus ut, nulla. Cras eu tellus eu augue porttitor interdum. Sed auctor odio a purus. Duis elementum, dui quis accumsan convallis, ante lectus convallis est, vitae sodales nisi magna sed dui. Fusce aliquam, enim nec tempus scelerisque, lorem ipsum', '$2y$10$QxTEDYdaaqFBXf19GywZmu6HdBHDbSe8TNDjdyl216PpfSZoSJl/C', '2020-05-23 13:36:07', 0, 'Arrivé.e le 23.05.2020', 1, 40, '2020-06-04 12:53:44'),
	(85, 'zia76', 'ZEA', 'Zia', 'Espinoza', 'chat.link/user?t=sm4kbxjuy510v', NULL, '5838421943', 'Proin vel nisl. Quisque fringilla euismod enim. Etiam gravida molestie arcu. Sed eu nibh vulputate mauris sagittis placerat. Cras dictum ultricies ligula. Nullam enim. Sed nulla ante, iaculis nec, eleifend non, dapibus rutrum, justo. Praesent luctus. Curabitur egestas nunc sed libero. Proin sed turpis nec mauris blandit mattis. Cras eget nisi dictum augue', '$2y$10$qGfMCWuzKd5TsiwTEQTgg.g2F9FfpzghNPiRtCV.HRYIp4R959kIS', '2020-02-03 04:37:29', 0, 'Arrivé.e le 03.02.2020', 1, 32, '2020-05-03 00:49:21'),
	(86, 'carson97', 'CBD', 'Carson', 'Byrd', '', NULL, '5943204151', 'pede sagittis augue, eu tempor erat neque non quam. Pellentesque habitant morbi tristique senectus et netus et malesuada fames ac turpis egestas. Aliquam fringilla cursus purus. Nullam scelerisque neque sed sem egestas blandit. Nam nulla magna, malesuada vel, convallis in, cursus et, eros. Proin ultrices. Duis volutpat nunc sit amet metus. Aliquam erat', '$2y$10$sDQipGA2XXRSbpYiNxM6GOVT/BbM4ZW9kW7BBr/.FeIG.k1/QpwVO', '2019-07-24 00:44:51', 0, 'Lorem ipsum dolor sit amet, consectetur adipiscing elit. Dolere malum est: in crucem qui agitur, beatus esse non potest. Callipho ad virtutem nihil adiunxit nisi voluptatem, Diodorus vacuitatem dolo', 1, 40, '2019-12-08 18:08:56'),
	(87, 'haley93', 'HCN', 'Haley', 'Cannon', '', 'haley.cannon@assoc.ch', '7155519065', 'Aliquam erat volutpat. Nulla dignissim. Maecenas ornare egestas ligula. Nullam feugiat placerat velit. Quisque varius. Nam porttitor scelerisque neque. Nullam nisl. Maecenas malesuada fringilla est. Mauris eu turpis. Nulla aliquet. Proin velit. Sed malesuada augue ut lacus. Nulla tincidunt, neque vitae semper egestas, urna justo faucibus lectus, a sollicitudin orci sem eget massa.', '$2y$10$V9P6OYxTHwV5KoLQcli1rexnOwNaDbzXsBT8rWk7EkKv8QdvX3wVC', '2019-03-12 11:14:03', 0, 'Arrivé.e le 12.03.2019', 4, 87, '2019-06-04 17:49:43'),
	(88, 'kibo30', 'KSD', 'Kibo', 'Sanford', '', NULL, '7861839651', 'sed consequat auctor, nunc nulla vulputate dui, nec tempus mauris erat eget ipsum. Suspendisse sagittis. Nullam vitae diam. Proin dolor. Nulla semper tellus id nunc interdum feugiat. Sed nec metus facilisis lorem tristique aliquet. Phasellus fermentum convallis ligula. Donec luctus aliquet odio. Etiam ligula tortor, dictum eu, placerat eget, venenatis a, magna. Lorem', '$2y$10$W48OPYXOJUGuwDUrsGgyYeLjgbrCyam5wC.UEOXX1xbnVSuGMPbyu', '2019-08-15 08:24:43', 0, 'Arrivé.e le 15.08.2019', 0, NULL, NULL),
	(89, 'travis24', 'TSR', 'Travis', 'Snyder', 'chat.link/user?t=0irkfrq36qi6', 'travis.snyder@assoc.ch', '6116795749', 'amet risus. Donec egestas. Aliquam nec enim. Nunc ut erat. Sed nunc est, mollis non, cursus non, egestas a, dui. Cras pellentesque. Sed dictum. Proin eget odio. Aliquam vulputate ullamcorper magna. Sed eu eros. Nam consequat dolor vitae dolor. Donec fringilla. Donec feugiat metus sit amet ante. Vivamus non lorem vitae odio sagittis', '$2y$10$1cO9hyLvUWveD5wZG3mfTedObTi041K9orZXYF1uJYTFi1LqlIu3y', '2019-01-13 01:18:36', 0, 'Arrivé.e le 13.01.2019', 1, 27, '2019-06-02 04:47:34'),
	(90, 'nola30', 'NMD', 'Nola', 'Mcleod', '', NULL, '8038695913', 'mi felis, adipiscing fringilla, porttitor vulputate, posuere vulputate, lacus. Cras interdum. Nunc sollicitudin commodo ipsum. Suspendisse non leo. Vivamus nibh dolor, nonummy ac, feugiat non, lobortis quis, pede. Suspendisse dui. Fusce diam nunc, ullamcorper eu, euismod ac, fermentum vel, mauris. Integer sem elit, pharetra ut, pharetra sed, hendrerit a, arcu. Sed et libero.', '$2y$10$ac1xyd.LeGjMYEKdvTUmJ.BS4SuBbB/HD.YcLIuY8oL.2l2bo8cOO', '2019-01-30 14:54:44', 0, 'Arrivé.e le 30.01.2019', 4, 13, '2020-09-03 06:56:23'),
	(91, 'bert84', 'BLN', 'Bert', 'Lawson', 'chat.link/user?t=78kgsjhdh9e', 'bert.lawson@assoc.ch', '6126628810', 'sed libero. Proin sed turpis nec mauris blandit mattis. Cras eget nisi dictum augue malesuada malesuada. Integer id magna et ipsum cursus vestibulum. Mauris magna. Duis dignissim tempor arcu. Vestibulum ut eros non enim commodo hendrerit. Donec porttitor tellus non magna. Nam ligula elit, pretium et, rutrum non, hendrerit id, ante. Nunc mauris', '$2y$10$qq9lKdbvwCCkw4Uq/qjFb.pY0Uyo9D7UbQYQOPL7HFZw77ZIBZShC', '2019-02-18 01:45:14', 1, 'Lorem ipsum dolor sit amet, consectetur adipiscing elit. His similes sunt omnes, qui virtuti student levantur vitiis, levantur erroribus, nisi forte censes Ti. Hoc loco discipulos quaerere videtur, ', 1, 13, '2020-09-12 00:22:19'),
	(92, 'holmes68', 'HMA', 'Holmes', 'Mendoza', '', NULL, '9593736272', 'Praesent luctus. Curabitur egestas nunc sed libero. Proin sed turpis nec mauris blandit mattis. Cras eget nisi dictum augue malesuada malesuada. Integer id magna et ipsum cursus vestibulum. Mauris magna. Duis dignissim tempor arcu. Vestibulum ut eros non enim commodo hendrerit. Donec porttitor tellus non magna. Nam ligula elit, pretium et, rutrum non,', '$2y$10$IYdXY8Vi5mutxaVE.QX1U.JD.ZmgcYaZVzBAtmj8NWdy50PofC9Hi', '2019-10-25 02:44:38', 0, 'Arrivé.e le 25.10.2019', 1, 27, '2020-07-17 23:01:10'),
	(93, 'cailin14', 'CFY', 'Cailin', 'Farley', '', NULL, '4824557452', 'sed tortor. Integer aliquam adipiscing lacus. Ut nec urna et arcu imperdiet ullamcorper. Duis at lacus. Quisque purus sapien, gravida non, sollicitudin a, malesuada id, erat. Etiam vestibulum massa rutrum magna. Cras convallis convallis dolor. Quisque tincidunt pede ac urna. Ut tincidunt vehicula risus. Nulla eget metus eu erat semper rutrum. Fusce dolor', '$2y$10$3PvuaQZ/HPgZKkfRhoT5teu4Hgvk3VtDZkbFjUFM3Jvow5lcWzCRe', '2020-03-04 08:34:57', 0, 'Lorem ipsum dolor sit amet, consectetur adipiscing elit. Illo enim addito iuste fit recte factum, per se autem hoc ipsum reddere in officio ponitur. Duo Reges: constructio interrete. An dubium est, ', 2, 32, '2020-08-09 17:08:26'),
	(94, 'gannon12', 'GMR', 'Gannon', 'Mueller', '', 'gannon.mueller@assoc.ch', '8992664766', 'a felis ullamcorper viverra. Maecenas iaculis aliquet diam. Sed diam lorem, auctor quis, tristique ac, eleifend vitae, erat. Vivamus nisi. Mauris nulla. Integer urna. Vivamus molestie dapibus ligula. Aliquam erat volutpat. Nulla dignissim. Maecenas ornare egestas ligula. Nullam feugiat placerat velit. Quisque varius. Nam porttitor scelerisque neque. Nullam nisl. Maecenas malesuada fringilla est.', '$2y$10$LKPPBOdLM8UAF2tn2u4bNuNcNxSI7Gi3g00jzoPdtiziDGBliqNHW', '2019-11-12 17:34:01', 0, 'Arrivé.e le 12.11.2019', 1, 16, '2020-01-04 13:28:44'),
	(95, 'bruno97', 'BKY', 'Bruno', 'Key', '', 'bruno.key@assoc.ch', '8586343316', 'convallis dolor. Quisque tincidunt pede ac urna. Ut tincidunt vehicula risus. Nulla eget metus eu erat semper rutrum. Fusce dolor quam, elementum at, egestas a, scelerisque sed, sapien. Nunc pulvinar arcu et pede. Nunc sed orci lobortis augue scelerisque mollis. Phasellus libero mauris, aliquam eu, accumsan sed, facilisis vitae, orci. Phasellus dapibus quam', '$2y$10$5P.D28xx0g5XCE63sBb0q.jv7ZAYvjtk4lilmBdZzvrnAaDGcj.Va', '2019-10-20 06:53:13', 0, 'Lorem ipsum dolor sit amet, consectetur adipiscing elit. Quamquam id quidem, infinitum est in hac urbe; Bonum liberi: misera orbitas. Etenim si delectamur, cum scribimus, quis est tam invidus, qui a', 1, 13, '2019-12-13 13:32:21'),
	(96, 'kadeem22', 'KOS', 'Kadeem', 'Owens', '', NULL, '8236915483', 'Proin eget odio. Aliquam vulputate ullamcorper magna. Sed eu eros. Nam consequat dolor vitae dolor. Donec fringilla. Donec feugiat metus sit amet ante. Vivamus non lorem vitae odio sagittis semper. Nam tempor diam dictum sapien. Aenean massa. Integer vitae nibh. Donec est mauris, rhoncus id, mollis nec, cursus a, enim. Suspendisse aliquet, sem', '$2y$10$U4ZPUIYTVZirdFIRCK/kaOwDE6XBCdPiWZmcfe9iFPrTLBxhgD.NG', '2019-06-05 23:21:27', 0, 'Arrivé.e le 05.06.2019', 1, 35, '2020-02-05 09:04:22'),
	(97, 'jacob83', 'JBR', 'Jacob', 'Baker', '', NULL, '6857911412', 'cursus. Integer mollis. Integer tincidunt aliquam arcu. Aliquam ultrices iaculis odio. Nam interdum enim non nisi. Aenean eget metus. In nec orci. Donec nibh. Quisque nonummy ipsum non arcu. Vivamus sit amet risus. Donec egestas. Aliquam nec enim. Nunc ut erat. Sed nunc est, mollis non, cursus non, egestas a, dui. Cras pellentesque.', '$2y$10$ugWZpxvUaUXjejMTeWE12eAsLImxXdEqQa2gSCCXHoISM1ozAmwKa', '2020-06-12 06:48:23', 0, 'Arrivé.e le 12.06.2020', 1, 40, '2020-07-30 19:12:12'),
	(98, 'cairo77', 'CRS', 'Cairo', 'Ross', '', NULL, '5628432643', 'consequat, lectus sit amet luctus vulputate, nisi sem semper erat, in consectetuer ipsum nunc id enim. Curabitur massa. Vestibulum accumsan neque et nunc. Quisque ornare tortor at risus. Nunc ac sem ut dolor dapibus gravida. Aliquam tincidunt, nunc ac mattis ornare, lectus ante dictum mi, ac mattis velit justo nec ante. Maecenas mi', '$2y$10$a1WFuGnqtZ0pQAp.Zr7/Z.b4KVtBWxDfNsrIxz7HI1MoW2562rrTy', '2020-02-21 22:23:38', 0, 'Arrivé.e le 21.02.2020', 1, 49, '2020-06-25 19:22:42'),
	(99, 'ina85', 'ISS', 'Ina', 'Sanders', '', NULL, '2499191959', 'metus. In nec orci. Donec nibh. Quisque nonummy ipsum non arcu. Vivamus sit amet risus. Donec egestas. Aliquam nec enim. Nunc ut erat. Sed nunc est, mollis non, cursus non, egestas a, dui. Cras pellentesque. Sed dictum. Proin eget odio. Aliquam vulputate ullamcorper magna. Sed eu eros. Nam consequat dolor vitae dolor. Donec', '$2y$10$KhkKdNcBq3ZMlqXT2mOvS.eHbnuNJZ0AnpNB2P4FRhoFABkEA5uaO', '2020-04-12 18:35:04', 0, 'Arrivé.e le 12.04.2020', 1, 34, '2020-04-21 09:27:59'),
	(100, 'cameron50', 'CCN', 'Cameron', 'Cannon', '', 'cameron.cannon@assoc.ch', '3869986375', 'Nulla tincidunt, neque vitae semper egestas, urna justo faucibus lectus, a sollicitudin orci sem eget massa. Suspendisse eleifend. Cras sed leo. Cras vehicula aliquet libero. Integer in magna. Phasellus dolor elit, pellentesque a, facilisis non, bibendum sed, est. Nunc laoreet lectus quis massa. Mauris vestibulum, neque sed dictum eleifend, nunc risus varius orci,', '$2y$10$IZBRsRJNmY2eig1RZJ.5..D6VyR4fylT4v9R9Gvk3Uxrp//9jbPo2', '2019-05-19 18:18:11', 0, 'Arrivé.e le 19.05.2019', 1, 40, '2019-10-09 22:27:21');
/*!40000 ALTER TABLE `users` ENABLE KEYS */;

-- Listage des données de la table kanff.works : ~0 rows (environ)
DELETE FROM `works`;
/*!40000 ALTER TABLE `works` DISABLE KEYS */;
INSERT INTO `works` (`id`, `name`, `description`, `start`, `end`, `state`, `value`, `effort`, `visible`, `open`, `inbox`, `repetitive`, `need_help`, `creation_date`, `project_id`, `creator_id`, `responsible_id`) VALUES
	(1, 'Création sur crof.com', 'Création du compte sur la plafeforme de crowdfunding permettant de récolter les financements et d\'expliquer le but de ce financement participatif.', '2020-06-10 00:00:00', '2020-06-21 00:00:00', 2, 6, 8, 1, 0, 0, 0, 0, '2020-02-27 12:03:56', 2, 58, NULL),
	(2, 'Texte présentation', 'Ecrire le texte qui présente le projet et le collectif. Il faut donner un aperçu de ce qui s\'est déjà fait les années précédentes et ce qui est prévu pour cette année de spécial qui fait que le collectif lance ce crowdfunding.', '2020-06-11 00:00:00', '2020-06-21 00:00:00', 2, 8, 9, 1, 0, 0, 0, 1, '2020-02-20 08:01:19', 2, 67, NULL),
	(3, 'Vidéo présentation', 'Réaliser une vidéo pour présenter le festival. La vidéo sera affichée directement sur la première page sur crof.com quand les personnes intéressées cliqueront sur le lien.', '2020-06-15 00:00:00', '2020-06-30 00:00:00', 2, 6, 8, 0, 0, 0, 0, 0, '2020-03-03 13:30:49', 2, 55, NULL),
	(4, 'Brainstorming de la faisabilité du projet', 'La gestion d\'une campagne crowdfunding demandant des compétences particulières et une énergie importante, le GT Festival doit discuter de son déroulement et des moyens à dispositions (notamment la collaboration avec d\'autres GTs).', '2020-06-02 00:00:00', '2020-06-08 00:00:00', 4, 8, 3, 1, 0, 0, 0, 0, '2020-03-01 00:41:19', 2, 93, NULL),
	(5, 'Coordination + partage du travail entre les 4 GTs', '4 GTs qui travaillent en parallèle sur le même projet, on a vraiment besoin d\'une bonne coordination et un partage du travail clairement défini.', '2020-06-08 00:00:00', '2020-06-13 00:00:00', 4, 9, 3, 1, 0, 0, 0, 0, '2020-02-17 16:34:56', 2, 55, NULL),
	(6, 'Comptabilité finale', 'Décompte et validations des dons', '2020-07-15 00:00:00', '2020-07-25 00:00:00', 1, 9, 6, 1, 0, 0, 0, 0, '2020-02-25 04:51:40', 2, 95, 92),
	(7, 'Gestion des demandes par email', 'Gestion des demandes et questions par email à propos du crowdfunding. Actuellement en pause parce que pas le temps avec les autres travaux.', '2020-06-10 00:00:00', '2020-07-30 00:00:00', 3, 5, 5, 1, 0, 0, 1, 0, '2020-02-25 00:10:55', 2, 70, NULL),
	(8, 'Résoudre les questions juridiques', 'Les questions juridiques quand au possible remboursement après dons doivent être résolues afin de limiter les problèmes par la suite.', '2020-06-08 00:00:00', '2020-06-10 00:00:00', 4, 3, 4, 1, 0, 0, 0, 0, '2020-03-05 04:01:19', 2, 32, NULL),
	(9, 'Communication sur la campagne', 'Envoi à travers la newsletter, les réseaux sociaux et autres canaux de communications externes, un message pour appeler les personnes qui nous suivent à participer au crowdfunding, en joignant à ce message un lien vers crof.com', '2020-07-01 00:00:00', '2020-07-03 00:00:00', 1, 10, 5, 1, 0, 0, 0, 0, '2020-02-28 14:52:10', 2, 34, 64),
	(10, 'Boîte de réception', '(Créé automatiquement à la création du projet). Ce travail fait office de boîte de réception pour les tâches envoyés n\'ayant pas de travail lié. Plus d\'infos dans le mode d\'emploi.', '2020-01-14 13:53:36', '2020-09-27 02:36:43', 2, 5, 5, 1, 1, 1, 0, 0, '2020-01-14 13:53:36', 1, 100, NULL),
	(11, 'Boîte de réception', '(Créé automatiquement à la création du projet). Ce travail fait office de boîte de réception pour les tâches envoyés n\'ayant pas de travail lié. Plus d\'infos dans le mode d\'emploi.', '2020-02-28 07:31:46', '2020-05-08 15:41:50', 2, 5, 5, 1, 1, 1, 0, 0, '2020-02-28 07:31:46', 2, 99, 22),
	(12, 'Boîte de réception', '(Créé automatiquement à la création du projet). Ce travail fait office de boîte de réception pour les tâches envoyés n\'ayant pas de travail lié. Plus d\'infos dans le mode d\'emploi.', '2019-03-08 12:33:52', '2020-01-25 14:44:30', 2, 5, 5, 1, 1, 1, 0, 0, '2019-03-08 12:33:52', 3, 7, NULL),
	(13, 'Boîte de réception', '(Créé automatiquement à la création du projet). Ce travail fait office de boîte de réception pour les tâches envoyés n\'ayant pas de travail lié. Plus d\'infos dans le mode d\'emploi.', '2020-08-09 11:54:54', '2020-08-28 01:56:18', 2, 5, 5, 1, 1, 1, 0, 0, '2020-08-09 11:54:54', 4, 80, NULL),
	(14, 'Boîte de réception', '(Créé automatiquement à la création du projet). Ce travail fait office de boîte de réception pour les tâches envoyés n\'ayant pas de travail lié. Plus d\'infos dans le mode d\'emploi.', '2019-03-14 00:43:47', '2019-04-24 05:58:01', 2, 5, 5, 1, 1, 1, 0, 0, '2019-03-14 00:43:47', 5, 51, NULL),
	(15, 'Boîte de réception', '(Créé automatiquement à la création du projet). Ce travail fait office de boîte de réception pour les tâches envoyés n\'ayant pas de travail lié. Plus d\'infos dans le mode d\'emploi.', '2019-05-29 08:47:11', '2020-09-29 09:24:09', 2, 5, 5, 1, 1, 1, 0, 0, '2019-05-29 08:47:11', 6, 12, NULL),
	(16, 'Boîte de réception', '(Créé automatiquement à la création du projet). Ce travail fait office de boîte de réception pour les tâches envoyés n\'ayant pas de travail lié. Plus d\'infos dans le mode d\'emploi.', '2020-08-06 02:25:43', '2020-09-23 14:03:22', 2, 5, 5, 1, 1, 1, 0, 0, '2020-08-06 02:25:43', 7, 53, NULL),
	(17, 'Boîte de réception', '(Créé automatiquement à la création du projet). Ce travail fait office de boîte de réception pour les tâches envoyés n\'ayant pas de travail lié. Plus d\'infos dans le mode d\'emploi.', '2019-02-19 05:44:52', '2019-11-26 09:17:30', 2, 5, 5, 1, 1, 1, 0, 0, '2019-02-19 05:44:52', 8, 30, NULL),
	(18, 'Boîte de réception', '(Créé automatiquement à la création du projet). Ce travail fait office de boîte de réception pour les tâches envoyés n\'ayant pas de travail lié. Plus d\'infos dans le mode d\'emploi.', '2020-07-13 02:20:01', '2020-09-12 23:28:01', 2, 5, 5, 1, 1, 1, 0, 0, '2020-07-13 02:20:01', 9, 63, NULL),
	(19, 'Boîte de réception', '(Créé automatiquement à la création du projet). Ce travail fait office de boîte de réception pour les tâches envoyés n\'ayant pas de travail lié. Plus d\'infos dans le mode d\'emploi.', '2019-07-30 07:40:56', '2019-12-29 00:30:28', 2, 5, 5, 1, 1, 1, 0, 0, '2019-07-30 07:40:56', 10, 32, NULL),
	(20, 'Boîte de réception', '(Créé automatiquement à la création du projet). Ce travail fait office de boîte de réception pour les tâches envoyés n\'ayant pas de travail lié. Plus d\'infos dans le mode d\'emploi.', '2019-01-30 09:26:00', '2019-10-28 14:05:12', 2, 5, 5, 1, 1, 1, 0, 0, '2019-01-30 09:26:00', 11, 52, 26),
	(21, 'Boîte de réception', '(Créé automatiquement à la création du projet). Ce travail fait office de boîte de réception pour les tâches envoyés n\'ayant pas de travail lié. Plus d\'infos dans le mode d\'emploi.', '2018-08-03 13:55:25', '2020-10-03 07:39:10', 2, 5, 5, 1, 1, 1, 0, 0, '2018-08-03 13:55:25', 12, 70, NULL),
	(22, 'Boîte de réception', '(Créé automatiquement à la création du projet). Ce travail fait office de boîte de réception pour les tâches envoyés n\'ayant pas de travail lié. Plus d\'infos dans le mode d\'emploi.', '2019-09-25 08:09:46', '2020-08-15 10:48:40', 2, 5, 5, 1, 1, 1, 0, 0, '2019-09-25 08:09:46', 13, 36, NULL),
	(23, 'Boîte de réception', '(Créé automatiquement à la création du projet). Ce travail fait office de boîte de réception pour les tâches envoyés n\'ayant pas de travail lié. Plus d\'infos dans le mode d\'emploi.', '2020-05-18 22:39:28', '2020-10-04 12:26:33', 2, 5, 5, 1, 1, 1, 0, 0, '2020-05-18 22:39:28', 14, 27, NULL),
	(24, 'Boîte de réception', '(Créé automatiquement à la création du projet). Ce travail fait office de boîte de réception pour les tâches envoyés n\'ayant pas de travail lié. Plus d\'infos dans le mode d\'emploi.', '2018-12-01 01:05:42', '2019-02-08 10:02:43', 2, 5, 5, 1, 1, 1, 0, 0, '2018-12-01 01:05:42', 15, 59, NULL),
	(25, 'Boîte de réception', '(Créé automatiquement à la création du projet). Ce travail fait office de boîte de réception pour les tâches envoyés n\'ayant pas de travail lié. Plus d\'infos dans le mode d\'emploi.', '2018-10-25 16:02:33', '2019-04-29 23:52:56', 2, 5, 5, 1, 1, 1, 0, 0, '2018-10-25 16:02:33', 16, 43, NULL);
/*!40000 ALTER TABLE `works` ENABLE KEYS */;

/*!40101 SET SQL_MODE=IFNULL(@OLD_SQL_MODE, '') */;
/*!40014 SET FOREIGN_KEY_CHECKS=IF(@OLD_FOREIGN_KEY_CHECKS IS NULL, 1, @OLD_FOREIGN_KEY_CHECKS) */;
/*!40101 SET CHARACTER_SET_CLIENT=@OLD_CHARACTER_SET_CLIENT */;
